{"level":"DEBUG","location":"[get_call:140] fyersModel","message":{"Status Code":200,"API":"/positions"},"timestamp":"2025-05-14 08:45:50,273+0530","service":"FyersAPIRequest"}
{"level":"DEBUG","location":"[get_call:140] fyersModel","message":{"Status Code":200,"API":"/positions"},"timestamp":"2025-05-14 08:45:52,778+0530","service":"FyersAPIRequest"}
{"level":"DEBUG","location":"[get_call:140] fyersModel","message":{"Status Code":200,"API":"/positions"},"timestamp":"2025-05-14 08:45:55,285+0530","service":"FyersAPIRequest"}
{"level":"DEBUG","location":"[get_call:140] fyersModel","message":{"Status Code":200,"API":"/positions"},"timestamp":"2025-05-14 08:45:57,784+0530","service":"FyersAPIRequest"}
{"level":"DEBUG","location":"[get_call:140] fyersModel","message":{"Status Code":200,"API":"/positions"},"timestamp":"2025-05-14 08:46:00,285+0530","service":"FyersAPIRequest"}
{"level":"DEBUG","location":"[get_call:140] fyersModel","message":{"Status Code":200,"API":"/positions"},"timestamp":"2025-05-14 08:46:02,786+0530","service":"FyersAPIRequest"}
{"level":"DEBUG","location":"[get_call:140] fyersModel","message":{"Status Code":200,"API":"/positions"},"timestamp":"2025-05-14 08:46:05,282+0530","service":"FyersAPIRequest"}
{"level":"DEBUG","location":"[get_call:140] fyersModel","message":{"Status Code":200,"API":"/positions"},"timestamp":"2025-05-14 08:46:07,783+0530","service":"FyersAPIRequest"}
{"level":"DEBUG","location":"[get_call:140] fyersModel","message":{"Status Code":200,"API":"/positions"},"timestamp":"2025-05-14 08:46:10,817+0530","service":"FyersAPIRequest"}
{"level":"DEBUG","location":"[get_call:140] fyersModel","message":{"Status Code":200,"API":"/positions"},"timestamp":"2025-05-14 08:46:13,329+0530","service":"FyersAPIRequest"}
{"level":"DEBUG","location":"[get_call:140] fyersModel","message":{"Status Code":200,"API":"/positions"},"timestamp":"2025-05-14 08:46:15,817+0530","service":"FyersAPIRequest"}
{"level":"DEBUG","location":"[get_call:140] fyersModel","message":{"Status Code":200,"API":"/quotes"},"timestamp":"2025-05-14 08:46:50,379+0530","service":"FyersAPIRequest"}
{"level":"DEBUG","location":"[post_call:81] fyersModel","message":{"Status Code":200,"API":"/orders/sync"},"timestamp":"2025-05-14 08:46:50,912+0530","service":"FyersAPIRequest"}
{"level":"DEBUG","location":"[post_call:81] fyersModel","message":{"Status Code":200,"API":"/orders/sync"},"timestamp":"2025-05-14 08:46:51,464+0530","service":"FyersAPIRequest"}
{"level":"DEBUG","location":"[get_call:140] fyersModel","message":{"Status Code":200,"API":"/quotes"},"timestamp":"2025-05-14 08:49:10,896+0530","service":"FyersAPIRequest"}
{"level":"DEBUG","location":"[post_call:81] fyersModel","message":{"Status Code":200,"API":"/orders/sync"},"timestamp":"2025-05-14 08:49:11,459+0530","service":"FyersAPIRequest"}
{"level":"DEBUG","location":"[post_call:81] fyersModel","message":{"Status Code":200,"API":"/orders/sync"},"timestamp":"2025-05-14 08:49:12,013+0530","service":"FyersAPIRequest"}
{"level":"DEBUG","location":"[get_call:140] fyersModel","message":{"Status Code":200,"API":"/quotes"},"timestamp":"2025-05-14 08:50:04,657+0530","service":"FyersAPIRequest"}
{"level":"DEBUG","location":"[post_call:81] fyersModel","message":{"Status Code":200,"API":"/orders/sync"},"timestamp":"2025-05-14 08:50:05,177+0530","service":"FyersAPIRequest"}
{"level":"DEBUG","location":"[post_call:81] fyersModel","message":{"Status Code":200,"API":"/orders/sync"},"timestamp":"2025-05-14 08:50:05,712+0530","service":"FyersAPIRequest"}
{"level":"DEBUG","location":"[get_call:140] fyersModel","message":{"Status Code":200,"API":"/quotes"},"timestamp":"2025-05-14 08:50:06,229+0530","service":"FyersAPIRequest"}
{"level":"DEBUG","location":"[get_call:140] fyersModel","message":{"Status Code":200,"API":"/quotes"},"timestamp":"2025-05-14 08:51:40,359+0530","service":"FyersAPIRequest"}
{"level":"DEBUG","location":"[post_call:81] fyersModel","message":{"Status Code":200,"API":"/orders/sync"},"timestamp":"2025-05-14 08:51:40,915+0530","service":"FyersAPIRequest"}
{"level":"DEBUG","location":"[post_call:81] fyersModel","message":{"Status Code":200,"API":"/orders/sync"},"timestamp":"2025-05-14 08:51:41,460+0530","service":"FyersAPIRequest"}
{"level":"DEBUG","location":"[get_call:140] fyersModel","message":{"Status Code":200,"API":"/quotes"},"timestamp":"2025-05-14 08:51:42,453+0530","service":"FyersAPIRequest"}
{"level":"DEBUG","location":"[get_call:140] fyersModel","message":{"Status Code":200,"API":"/history"},"timestamp":"2025-05-14 08:57:00,861+0530","service":"FyersAPIRequest"}
{"level":"DEBUG","location":"[get_call:140] fyersModel","message":{"Status Code":200,"API":"/positions"},"timestamp":"2025-05-14 08:57:01,364+0530","service":"FyersAPIRequest"}
{"level":"DEBUG","location":"[get_call:140] fyersModel","message":{"Status Code":200,"API":"/positions"},"timestamp":"2025-05-14 08:57:02,900+0530","service":"FyersAPIRequest"}
{"level":"DEBUG","location":"[get_call:140] fyersModel","message":{"Status Code":200,"API":"/positions"},"timestamp":"2025-05-14 08:57:04,416+0530","service":"FyersAPIRequest"}
{"level":"DEBUG","location":"[get_call:140] fyersModel","message":{"Status Code":200,"API":"/positions"},"timestamp":"2025-05-14 08:57:05,920+0530","service":"FyersAPIRequest"}
{"level":"DEBUG","location":"[get_call:140] fyersModel","message":{"Status Code":200,"API":"/positions"},"timestamp":"2025-05-14 08:57:07,453+0530","service":"FyersAPIRequest"}
{"level":"DEBUG","location":"[get_call:140] fyersModel","message":{"Status Code":200,"API":"/positions"},"timestamp":"2025-05-14 08:57:08,959+0530","service":"FyersAPIRequest"}
{"level":"DEBUG","location":"[get_call:140] fyersModel","message":{"Status Code":200,"API":"/positions"},"timestamp":"2025-05-14 08:57:10,452+0530","service":"FyersAPIRequest"}
{"level":"DEBUG","location":"[get_call:140] fyersModel","message":{"Status Code":200,"API":"/positions"},"timestamp":"2025-05-14 08:57:11,949+0530","service":"FyersAPIRequest"}
{"level":"DEBUG","location":"[get_call:140] fyersModel","message":{"Status Code":200,"API":"/positions"},"timestamp":"2025-05-14 08:57:13,435+0530","service":"FyersAPIRequest"}
{"level":"DEBUG","location":"[get_call:140] fyersModel","message":{"Status Code":200,"API":"/positions"},"timestamp":"2025-05-14 08:57:15,110+0530","service":"FyersAPIRequest"}
{"level":"DEBUG","location":"[get_call:140] fyersModel","message":{"Status Code":200,"API":"/positions"},"timestamp":"2025-05-14 08:57:17,163+0530","service":"FyersAPIRequest"}
{"level":"DEBUG","location":"[get_call:140] fyersModel","message":{"Status Code":200,"API":"/positions"},"timestamp":"2025-05-14 08:57:19,208+0530","service":"FyersAPIRequest"}
{"level":"DEBUG","location":"[get_call:140] fyersModel","message":{"Status Code":200,"API":"/positions"},"timestamp":"2025-05-14 08:57:21,243+0530","service":"FyersAPIRequest"}
{"level":"DEBUG","location":"[get_call:140] fyersModel","message":{"Status Code":200,"API":"/positions"},"timestamp":"2025-05-14 08:57:23,310+0530","service":"FyersAPIRequest"}
{"level":"DEBUG","location":"[get_call:140] fyersModel","message":{"Status Code":200,"API":"/positions"},"timestamp":"2025-05-14 08:57:25,340+0530","service":"FyersAPIRequest"}
{"level":"DEBUG","location":"[get_call:140] fyersModel","message":{"Status Code":200,"API":"/positions"},"timestamp":"2025-05-14 08:57:27,358+0530","service":"FyersAPIRequest"}
{"level":"DEBUG","location":"[get_call:140] fyersModel","message":{"Status Code":200,"API":"/positions"},"timestamp":"2025-05-14 08:57:29,455+0530","service":"FyersAPIRequest"}
{"level":"DEBUG","location":"[get_call:140] fyersModel","message":{"Status Code":200,"API":"/positions"},"timestamp":"2025-05-14 08:57:31,468+0530","service":"FyersAPIRequest"}
{"level":"DEBUG","location":"[get_call:140] fyersModel","message":{"Status Code":200,"API":"/positions"},"timestamp":"2025-05-14 08:57:33,489+0530","service":"FyersAPIRequest"}
{"level":"DEBUG","location":"[get_call:140] fyersModel","message":{"Status Code":200,"API":"/positions"},"timestamp":"2025-05-14 08:57:35,496+0530","service":"FyersAPIRequest"}
{"level":"DEBUG","location":"[get_call:140] fyersModel","message":{"Status Code":200,"API":"/positions"},"timestamp":"2025-05-14 08:57:37,562+0530","service":"FyersAPIRequest"}
{"level":"DEBUG","location":"[get_call:140] fyersModel","message":{"Status Code":200,"API":"/positions"},"timestamp":"2025-05-14 08:57:39,611+0530","service":"FyersAPIRequest"}
{"level":"DEBUG","location":"[get_call:140] fyersModel","message":{"Status Code":200,"API":"/positions"},"timestamp":"2025-05-14 08:57:41,626+0530","service":"FyersAPIRequest"}
{"level":"DEBUG","location":"[get_call:140] fyersModel","message":{"Status Code":200,"API":"/positions"},"timestamp":"2025-05-14 08:57:43,641+0530","service":"FyersAPIRequest"}
{"level":"DEBUG","location":"[get_call:140] fyersModel","message":{"Status Code":200,"API":"/positions"},"timestamp":"2025-05-14 08:57:45,696+0530","service":"FyersAPIRequest"}
{"level":"DEBUG","location":"[get_call:140] fyersModel","message":{"Status Code":200,"API":"/positions"},"timestamp":"2025-05-14 08:57:47,747+0530","service":"FyersAPIRequest"}
{"level":"DEBUG","location":"[get_call:140] fyersModel","message":{"Status Code":200,"API":"/positions"},"timestamp":"2025-05-14 08:57:49,244+0530","service":"FyersAPIRequest"}
{"level":"DEBUG","location":"[get_call:140] fyersModel","message":{"Status Code":200,"API":"/positions"},"timestamp":"2025-05-14 08:57:50,744+0530","service":"FyersAPIRequest"}
{"level":"DEBUG","location":"[get_call:140] fyersModel","message":{"Status Code":200,"API":"/positions"},"timestamp":"2025-05-14 08:57:52,238+0530","service":"FyersAPIRequest"}
{"level":"DEBUG","location":"[get_call:140] fyersModel","message":{"Status Code":200,"API":"/positions"},"timestamp":"2025-05-14 08:57:53,772+0530","service":"FyersAPIRequest"}
{"level":"DEBUG","location":"[get_call:140] fyersModel","message":{"Status Code":200,"API":"/positions"},"timestamp":"2025-05-14 08:57:55,288+0530","service":"FyersAPIRequest"}
{"level":"DEBUG","location":"[get_call:140] fyersModel","message":{"Status Code":200,"API":"/positions"},"timestamp":"2025-05-14 08:57:56,776+0530","service":"FyersAPIRequest"}
{"level":"DEBUG","location":"[get_call:140] fyersModel","message":{"Status Code":200,"API":"/positions"},"timestamp":"2025-05-14 08:57:58,806+0530","service":"FyersAPIRequest"}
{"level":"DEBUG","location":"[get_call:140] fyersModel","message":{"Status Code":200,"API":"/positions"},"timestamp":"2025-05-14 08:58:00,850+0530","service":"FyersAPIRequest"}
{"level":"DEBUG","location":"[get_call:140] fyersModel","message":{"Status Code":200,"API":"/positions"},"timestamp":"2025-05-14 08:58:02,930+0530","service":"FyersAPIRequest"}
{"level":"DEBUG","location":"[get_call:140] fyersModel","message":{"Status Code":200,"API":"/positions"},"timestamp":"2025-05-14 08:58:04,983+0530","service":"FyersAPIRequest"}
{"level":"DEBUG","location":"[get_call:140] fyersModel","message":{"Status Code":200,"API":"/positions"},"timestamp":"2025-05-14 08:58:07,581+0530","service":"FyersAPIRequest"}
{"level":"DEBUG","location":"[get_call:140] fyersModel","message":{"Status Code":200,"API":"/positions"},"timestamp":"2025-05-14 08:58:09,577+0530","service":"FyersAPIRequest"}
{"level":"DEBUG","location":"[get_call:140] fyersModel","message":{"Status Code":200,"API":"/positions"},"timestamp":"2025-05-14 08:58:11,591+0530","service":"FyersAPIRequest"}
{"level":"DEBUG","location":"[get_call:140] fyersModel","message":{"Status Code":200,"API":"/positions"},"timestamp":"2025-05-14 08:58:13,604+0530","service":"FyersAPIRequest"}
{"level":"DEBUG","location":"[get_call:140] fyersModel","message":{"Status Code":200,"API":"/positions"},"timestamp":"2025-05-14 08:58:15,689+0530","service":"FyersAPIRequest"}
{"level":"DEBUG","location":"[get_call:140] fyersModel","message":{"Status Code":200,"API":"/positions"},"timestamp":"2025-05-14 08:58:17,189+0530","service":"FyersAPIRequest"}
{"level":"DEBUG","location":"[get_call:140] fyersModel","message":{"Status Code":200,"API":"/positions"},"timestamp":"2025-05-14 08:58:18,699+0530","service":"FyersAPIRequest"}
{"level":"DEBUG","location":"[get_call:140] fyersModel","message":{"Status Code":200,"API":"/positions"},"timestamp":"2025-05-14 08:58:20,193+0530","service":"FyersAPIRequest"}
{"level":"DEBUG","location":"[get_call:140] fyersModel","message":{"Status Code":200,"API":"/positions"},"timestamp":"2025-05-14 08:58:21,687+0530","service":"FyersAPIRequest"}
{"level":"DEBUG","location":"[get_call:140] fyersModel","message":{"Status Code":200,"API":"/positions"},"timestamp":"2025-05-14 08:58:23,215+0530","service":"FyersAPIRequest"}
{"level":"DEBUG","location":"[get_call:140] fyersModel","message":{"Status Code":200,"API":"/positions"},"timestamp":"2025-05-14 08:58:25,254+0530","service":"FyersAPIRequest"}
{"level":"DEBUG","location":"[get_call:140] fyersModel","message":{"Status Code":200,"API":"/positions"},"timestamp":"2025-05-14 08:58:27,813+0530","service":"FyersAPIRequest"}
{"level":"DEBUG","location":"[get_call:140] fyersModel","message":{"Status Code":200,"API":"/positions"},"timestamp":"2025-05-14 08:58:29,899+0530","service":"FyersAPIRequest"}
{"level":"DEBUG","location":"[get_call:140] fyersModel","message":{"Status Code":200,"API":"/positions"},"timestamp":"2025-05-14 08:58:31,888+0530","service":"FyersAPIRequest"}
{"level":"DEBUG","location":"[get_call:140] fyersModel","message":{"Status Code":200,"API":"/positions"},"timestamp":"2025-05-14 08:58:34,414+0530","service":"FyersAPIRequest"}
{"level":"DEBUG","location":"[get_call:140] fyersModel","message":{"Status Code":200,"API":"/positions"},"timestamp":"2025-05-14 08:58:36,417+0530","service":"FyersAPIRequest"}
{"level":"DEBUG","location":"[get_call:140] fyersModel","message":{"Status Code":200,"API":"/positions"},"timestamp":"2025-05-14 08:58:38,485+0530","service":"FyersAPIRequest"}
{"level":"DEBUG","location":"[get_call:140] fyersModel","message":{"Status Code":200,"API":"/positions"},"timestamp":"2025-05-14 08:58:40,477+0530","service":"FyersAPIRequest"}
{"level":"DEBUG","location":"[get_call:140] fyersModel","message":{"Status Code":200,"API":"/positions"},"timestamp":"2025-05-14 08:58:42,455+0530","service":"FyersAPIRequest"}
{"level":"DEBUG","location":"[get_call:140] fyersModel","message":{"Status Code":200,"API":"/positions"},"timestamp":"2025-05-14 08:58:44,449+0530","service":"FyersAPIRequest"}
{"level":"DEBUG","location":"[get_call:140] fyersModel","message":{"Status Code":200,"API":"/positions"},"timestamp":"2025-05-14 08:58:46,467+0530","service":"FyersAPIRequest"}
{"level":"DEBUG","location":"[get_call:140] fyersModel","message":{"Status Code":200,"API":"/positions"},"timestamp":"2025-05-14 08:58:48,494+0530","service":"FyersAPIRequest"}
{"level":"DEBUG","location":"[get_call:140] fyersModel","message":{"Status Code":200,"API":"/positions"},"timestamp":"2025-05-14 08:58:50,517+0530","service":"FyersAPIRequest"}
{"level":"DEBUG","location":"[get_call:140] fyersModel","message":{"Status Code":200,"API":"/positions"},"timestamp":"2025-05-14 08:58:52,581+0530","service":"FyersAPIRequest"}
{"level":"DEBUG","location":"[get_call:140] fyersModel","message":{"Status Code":200,"API":"/positions"},"timestamp":"2025-05-14 08:58:54,920+0530","service":"FyersAPIRequest"}
{"level":"DEBUG","location":"[get_call:140] fyersModel","message":{"Status Code":200,"API":"/positions"},"timestamp":"2025-05-14 08:58:56,924+0530","service":"FyersAPIRequest"}
{"level":"DEBUG","location":"[get_call:140] fyersModel","message":{"Status Code":200,"API":"/positions"},"timestamp":"2025-05-14 08:58:58,424+0530","service":"FyersAPIRequest"}
{"level":"DEBUG","location":"[get_call:140] fyersModel","message":{"Status Code":200,"API":"/positions"},"timestamp":"2025-05-14 08:58:59,923+0530","service":"FyersAPIRequest"}
{"level":"DEBUG","location":"[get_call:140] fyersModel","message":{"Status Code":200,"API":"/positions"},"timestamp":"2025-05-14 08:59:01,445+0530","service":"FyersAPIRequest"}
{"level":"DEBUG","location":"[get_call:140] fyersModel","message":{"Status Code":200,"API":"/positions"},"timestamp":"2025-05-14 08:59:03,454+0530","service":"FyersAPIRequest"}
{"level":"DEBUG","location":"[get_call:140] fyersModel","message":{"Status Code":200,"API":"/positions"},"timestamp":"2025-05-14 08:59:04,946+0530","service":"FyersAPIRequest"}
{"level":"DEBUG","location":"[get_call:140] fyersModel","message":{"Status Code":200,"API":"/positions"},"timestamp":"2025-05-14 08:59:06,442+0530","service":"FyersAPIRequest"}
{"level":"DEBUG","location":"[get_call:140] fyersModel","message":{"Status Code":200,"API":"/positions"},"timestamp":"2025-05-14 08:59:07,967+0530","service":"FyersAPIRequest"}
{"level":"DEBUG","location":"[get_call:140] fyersModel","message":{"Status Code":200,"API":"/positions"},"timestamp":"2025-05-14 08:59:09,473+0530","service":"FyersAPIRequest"}
{"level":"DEBUG","location":"[get_call:140] fyersModel","message":{"Status Code":200,"API":"/positions"},"timestamp":"2025-05-14 08:59:10,980+0530","service":"FyersAPIRequest"}
{"level":"DEBUG","location":"[get_call:140] fyersModel","message":{"Status Code":200,"API":"/positions"},"timestamp":"2025-05-14 08:59:12,480+0530","service":"FyersAPIRequest"}
{"level":"DEBUG","location":"[get_call:140] fyersModel","message":{"Status Code":200,"API":"/positions"},"timestamp":"2025-05-14 08:59:13,987+0530","service":"FyersAPIRequest"}
{"level":"DEBUG","location":"[get_call:140] fyersModel","message":{"Status Code":200,"API":"/positions"},"timestamp":"2025-05-14 08:59:15,992+0530","service":"FyersAPIRequest"}
{"level":"DEBUG","location":"[get_call:140] fyersModel","message":{"Status Code":200,"API":"/positions"},"timestamp":"2025-05-14 08:59:17,996+0530","service":"FyersAPIRequest"}
{"level":"DEBUG","location":"[get_call:140] fyersModel","message":{"Status Code":200,"API":"/positions"},"timestamp":"2025-05-14 08:59:19,495+0530","service":"FyersAPIRequest"}
{"level":"DEBUG","location":"[get_call:140] fyersModel","message":{"Status Code":200,"API":"/positions"},"timestamp":"2025-05-14 08:59:20,998+0530","service":"FyersAPIRequest"}
{"level":"DEBUG","location":"[get_call:140] fyersModel","message":{"Status Code":200,"API":"/positions"},"timestamp":"2025-05-14 08:59:22,540+0530","service":"FyersAPIRequest"}
{"level":"DEBUG","location":"[get_call:140] fyersModel","message":{"Status Code":200,"API":"/positions"},"timestamp":"2025-05-14 08:59:24,037+0530","service":"FyersAPIRequest"}
{"level":"DEBUG","location":"[get_call:140] fyersModel","message":{"Status Code":200,"API":"/positions"},"timestamp":"2025-05-14 08:59:25,532+0530","service":"FyersAPIRequest"}
{"level":"DEBUG","location":"[get_call:140] fyersModel","message":{"Status Code":200,"API":"/positions"},"timestamp":"2025-05-14 08:59:27,044+0530","service":"FyersAPIRequest"}
{"level":"DEBUG","location":"[get_call:140] fyersModel","message":{"Status Code":200,"API":"/positions"},"timestamp":"2025-05-14 08:59:28,538+0530","service":"FyersAPIRequest"}
{"level":"DEBUG","location":"[get_call:140] fyersModel","message":{"Status Code":200,"API":"/positions"},"timestamp":"2025-05-14 08:59:30,056+0530","service":"FyersAPIRequest"}
{"level":"DEBUG","location":"[get_call:140] fyersModel","message":{"Status Code":200,"API":"/positions"},"timestamp":"2025-05-14 08:59:31,586+0530","service":"FyersAPIRequest"}
{"level":"DEBUG","location":"[get_call:140] fyersModel","message":{"Status Code":200,"API":"/positions"},"timestamp":"2025-05-14 08:59:33,123+0530","service":"FyersAPIRequest"}
{"level":"DEBUG","location":"[get_call:140] fyersModel","message":{"Status Code":200,"API":"/positions"},"timestamp":"2025-05-14 08:59:34,659+0530","service":"FyersAPIRequest"}
{"level":"DEBUG","location":"[get_call:140] fyersModel","message":{"Status Code":200,"API":"/positions"},"timestamp":"2025-05-14 08:59:36,184+0530","service":"FyersAPIRequest"}
{"level":"DEBUG","location":"[get_call:140] fyersModel","message":{"Status Code":200,"API":"/positions"},"timestamp":"2025-05-14 08:59:37,712+0530","service":"FyersAPIRequest"}
{"level":"DEBUG","location":"[get_call:140] fyersModel","message":{"Status Code":200,"API":"/positions"},"timestamp":"2025-05-14 08:59:39,267+0530","service":"FyersAPIRequest"}
{"level":"DEBUG","location":"[get_call:140] fyersModel","message":{"Status Code":200,"API":"/positions"},"timestamp":"2025-05-14 08:59:40,777+0530","service":"FyersAPIRequest"}
{"level":"DEBUG","location":"[get_call:140] fyersModel","message":{"Status Code":200,"API":"/positions"},"timestamp":"2025-05-14 08:59:42,296+0530","service":"FyersAPIRequest"}
{"level":"DEBUG","location":"[get_call:140] fyersModel","message":{"Status Code":200,"API":"/positions"},"timestamp":"2025-05-14 08:59:43,809+0530","service":"FyersAPIRequest"}
{"level":"DEBUG","location":"[get_call:140] fyersModel","message":{"Status Code":200,"API":"/positions"},"timestamp":"2025-05-14 08:59:45,504+0530","service":"FyersAPIRequest"}
{"level":"DEBUG","location":"[get_call:140] fyersModel","message":{"Status Code":200,"API":"/positions"},"timestamp":"2025-05-14 08:59:47,038+0530","service":"FyersAPIRequest"}
{"level":"DEBUG","location":"[get_call:140] fyersModel","message":{"Status Code":200,"API":"/positions"},"timestamp":"2025-05-14 08:59:48,616+0530","service":"FyersAPIRequest"}
{"level":"DEBUG","location":"[get_call:140] fyersModel","message":{"Status Code":200,"API":"/positions"},"timestamp":"2025-05-14 08:59:50,266+0530","service":"FyersAPIRequest"}
{"level":"DEBUG","location":"[get_call:140] fyersModel","message":{"Status Code":200,"API":"/positions"},"timestamp":"2025-05-14 08:59:52,346+0530","service":"FyersAPIRequest"}
{"level":"DEBUG","location":"[get_call:140] fyersModel","message":{"Status Code":200,"API":"/positions"},"timestamp":"2025-05-14 08:59:53,860+0530","service":"FyersAPIRequest"}
{"level":"DEBUG","location":"[get_call:140] fyersModel","message":{"Status Code":200,"API":"/positions"},"timestamp":"2025-05-14 08:59:55,367+0530","service":"FyersAPIRequest"}
{"level":"DEBUG","location":"[get_call:140] fyersModel","message":{"Status Code":200,"API":"/positions"},"timestamp":"2025-05-14 08:59:56,874+0530","service":"FyersAPIRequest"}
{"level":"DEBUG","location":"[get_call:140] fyersModel","message":{"Status Code":200,"API":"/positions"},"timestamp":"2025-05-14 08:59:58,390+0530","service":"FyersAPIRequest"}
{"level":"DEBUG","location":"[get_call:140] fyersModel","message":{"Status Code":200,"API":"/positions"},"timestamp":"2025-05-14 08:59:59,910+0530","service":"FyersAPIRequest"}
{"level":"DEBUG","location":"[get_call:140] fyersModel","message":{"Status Code":200,"API":"/positions"},"timestamp":"2025-05-14 09:00:01,413+0530","service":"FyersAPIRequest"}
{"level":"DEBUG","location":"[get_call:140] fyersModel","message":{"Status Code":200,"API":"/positions"},"timestamp":"2025-05-14 09:00:02,941+0530","service":"FyersAPIRequest"}
{"level":"DEBUG","location":"[get_call:140] fyersModel","message":{"Status Code":200,"API":"/positions"},"timestamp":"2025-05-14 09:00:04,443+0530","service":"FyersAPIRequest"}
{"level":"DEBUG","location":"[get_call:140] fyersModel","message":{"Status Code":200,"API":"/positions"},"timestamp":"2025-05-14 09:00:05,957+0530","service":"FyersAPIRequest"}
{"level":"DEBUG","location":"[get_call:140] fyersModel","message":{"Status Code":200,"API":"/positions"},"timestamp":"2025-05-14 09:00:07,458+0530","service":"FyersAPIRequest"}
{"level":"DEBUG","location":"[get_call:140] fyersModel","message":{"Status Code":200,"API":"/positions"},"timestamp":"2025-05-14 09:00:08,952+0530","service":"FyersAPIRequest"}
{"level":"DEBUG","location":"[get_call:140] fyersModel","message":{"Status Code":200,"API":"/positions"},"timestamp":"2025-05-14 09:00:10,465+0530","service":"FyersAPIRequest"}
{"level":"DEBUG","location":"[get_call:140] fyersModel","message":{"Status Code":200,"API":"/positions"},"timestamp":"2025-05-14 09:00:12,012+0530","service":"FyersAPIRequest"}
{"level":"DEBUG","location":"[get_call:140] fyersModel","message":{"Status Code":200,"API":"/positions"},"timestamp":"2025-05-14 09:00:13,519+0530","service":"FyersAPIRequest"}
{"level":"DEBUG","location":"[get_call:140] fyersModel","message":{"Status Code":200,"API":"/positions"},"timestamp":"2025-05-14 09:00:15,508+0530","service":"FyersAPIRequest"}
{"level":"DEBUG","location":"[get_call:140] fyersModel","message":{"Status Code":200,"API":"/positions"},"timestamp":"2025-05-14 09:00:17,021+0530","service":"FyersAPIRequest"}
{"level":"DEBUG","location":"[get_call:140] fyersModel","message":{"Status Code":200,"API":"/positions"},"timestamp":"2025-05-14 09:00:18,537+0530","service":"FyersAPIRequest"}
{"level":"DEBUG","location":"[get_call:140] fyersModel","message":{"Status Code":200,"API":"/positions"},"timestamp":"2025-05-14 09:00:20,040+0530","service":"FyersAPIRequest"}
{"level":"DEBUG","location":"[get_call:140] fyersModel","message":{"Status Code":200,"API":"/positions"},"timestamp":"2025-05-14 09:00:21,549+0530","service":"FyersAPIRequest"}
{"level":"DEBUG","location":"[get_call:140] fyersModel","message":{"Status Code":200,"API":"/positions"},"timestamp":"2025-05-14 09:00:23,054+0530","service":"FyersAPIRequest"}
{"level":"DEBUG","location":"[get_call:140] fyersModel","message":{"Status Code":200,"API":"/positions"},"timestamp":"2025-05-14 09:00:24,549+0530","service":"FyersAPIRequest"}
{"level":"DEBUG","location":"[get_call:140] fyersModel","message":{"Status Code":200,"API":"/positions"},"timestamp":"2025-05-14 09:00:26,044+0530","service":"FyersAPIRequest"}
{"level":"DEBUG","location":"[get_call:140] fyersModel","message":{"Status Code":200,"API":"/positions"},"timestamp":"2025-05-14 09:00:27,544+0530","service":"FyersAPIRequest"}
{"level":"DEBUG","location":"[get_call:140] fyersModel","message":{"Status Code":200,"API":"/positions"},"timestamp":"2025-05-14 09:00:29,038+0530","service":"FyersAPIRequest"}
{"level":"DEBUG","location":"[get_call:140] fyersModel","message":{"Status Code":200,"API":"/positions"},"timestamp":"2025-05-14 09:00:30,540+0530","service":"FyersAPIRequest"}
{"level":"DEBUG","location":"[get_call:140] fyersModel","message":{"Status Code":200,"API":"/positions"},"timestamp":"2025-05-14 09:00:32,042+0530","service":"FyersAPIRequest"}
{"level":"DEBUG","location":"[get_call:140] fyersModel","message":{"Status Code":200,"API":"/positions"},"timestamp":"2025-05-14 09:00:33,543+0530","service":"FyersAPIRequest"}
{"level":"DEBUG","location":"[get_call:140] fyersModel","message":{"Status Code":200,"API":"/positions"},"timestamp":"2025-05-14 09:00:35,045+0530","service":"FyersAPIRequest"}
{"level":"DEBUG","location":"[get_call:140] fyersModel","message":{"Status Code":200,"API":"/positions"},"timestamp":"2025-05-14 09:00:36,684+0530","service":"FyersAPIRequest"}
{"level":"DEBUG","location":"[get_call:140] fyersModel","message":{"Status Code":200,"API":"/quotes"},"timestamp":"2025-05-14 09:00:41,769+0530","service":"FyersAPIRequest"}
{"level":"DEBUG","location":"[post_call:81] fyersModel","message":{"Status Code":200,"API":"/orders/sync"},"timestamp":"2025-05-14 09:00:42,303+0530","service":"FyersAPIRequest"}
{"level":"DEBUG","location":"[post_call:81] fyersModel","message":{"Status Code":200,"API":"/orders/sync"},"timestamp":"2025-05-14 09:00:42,848+0530","service":"FyersAPIRequest"}
{"level":"DEBUG","location":"[get_call:140] fyersModel","message":{"Status Code":200,"API":"/quotes"},"timestamp":"2025-05-14 09:00:43,351+0530","service":"FyersAPIRequest"}
{"level":"DEBUG","location":"[get_call:140] fyersModel","message":{"Status Code":200,"API":"/quotes"},"timestamp":"2025-05-14 09:01:27,193+0530","service":"FyersAPIRequest"}
{"level":"DEBUG","location":"[post_call:81] fyersModel","message":{"Status Code":200,"API":"/orders/sync"},"timestamp":"2025-05-14 09:01:27,751+0530","service":"FyersAPIRequest"}
{"level":"DEBUG","location":"[post_call:81] fyersModel","message":{"Status Code":200,"API":"/orders/sync"},"timestamp":"2025-05-14 09:01:28,296+0530","service":"FyersAPIRequest"}
{"level":"DEBUG","location":"[get_call:140] fyersModel","message":{"Status Code":200,"API":"/quotes"},"timestamp":"2025-05-14 09:01:28,803+0530","service":"FyersAPIRequest"}
{"level":"DEBUG","location":"[get_call:140] fyersModel","message":{"Status Code":200,"API":"/quotes"},"timestamp":"2025-05-14 09:05:11,684+0530","service":"FyersAPIRequest"}
{"level":"DEBUG","location":"[post_call:81] fyersModel","message":{"Status Code":200,"API":"/orders/sync"},"timestamp":"2025-05-14 09:05:12,259+0530","service":"FyersAPIRequest"}
{"level":"DEBUG","location":"[post_call:81] fyersModel","message":{"Status Code":200,"API":"/orders/sync"},"timestamp":"2025-05-14 09:05:12,805+0530","service":"FyersAPIRequest"}
{"level":"DEBUG","location":"[get_call:140] fyersModel","message":{"Status Code":200,"API":"/quotes"},"timestamp":"2025-05-14 09:05:13,305+0530","service":"FyersAPIRequest"}
{"level":"DEBUG","location":"[get_call:140] fyersModel","message":{"Status Code":200,"API":"/quotes"},"timestamp":"2025-05-14 09:06:12,276+0530","service":"FyersAPIRequest"}
{"level":"DEBUG","location":"[post_call:81] fyersModel","message":{"Status Code":200,"API":"/orders/sync"},"timestamp":"2025-05-14 09:06:13,308+0530","service":"FyersAPIRequest"}
{"level":"DEBUG","location":"[post_call:81] fyersModel","message":{"Status Code":200,"API":"/orders/sync"},"timestamp":"2025-05-14 09:06:13,854+0530","service":"FyersAPIRequest"}
{"level":"DEBUG","location":"[get_call:140] fyersModel","message":{"Status Code":200,"API":"/quotes"},"timestamp":"2025-05-14 09:06:14,424+0530","service":"FyersAPIRequest"}
{"level":"DEBUG","location":"[get_call:140] fyersModel","message":{"Status Code":200,"API":"/quotes"},"timestamp":"2025-05-14 09:07:51,279+0530","service":"FyersAPIRequest"}
{"level":"DEBUG","location":"[post_call:81] fyersModel","message":{"Status Code":200,"API":"/orders/sync"},"timestamp":"2025-05-14 09:07:51,841+0530","service":"FyersAPIRequest"}
{"level":"DEBUG","location":"[post_call:81] fyersModel","message":{"Status Code":200,"API":"/orders/sync"},"timestamp":"2025-05-14 09:07:52,402+0530","service":"FyersAPIRequest"}
{"level":"DEBUG","location":"[get_call:140] fyersModel","message":{"Status Code":200,"API":"/quotes"},"timestamp":"2025-05-14 09:25:01,537+0530","service":"FyersAPIRequest"}
{"level":"DEBUG","location":"[post_call:81] fyersModel","message":{"Status Code":200,"API":"/orders/sync"},"timestamp":"2025-05-14 09:25:02,630+0530","service":"FyersAPIRequest"}
{"level":"DEBUG","location":"[post_call:81] fyersModel","message":{"Status Code":200,"API":"/orders/sync"},"timestamp":"2025-05-14 09:25:03,690+0530","service":"FyersAPIRequest"}
{"level":"DEBUG","location":"[get_call:140] fyersModel","message":{"Status Code":200,"API":"/positions"},"timestamp":"2025-05-14 09:25:04,724+0530","service":"FyersAPIRequest"}
{"level":"DEBUG","location":"[get_call:140] fyersModel","message":{"Status Code":200,"API":"/positions"},"timestamp":"2025-05-14 09:25:07,742+0530","service":"FyersAPIRequest"}
{"level":"DEBUG","location":"[get_call:140] fyersModel","message":{"Status Code":200,"API":"/positions"},"timestamp":"2025-05-14 09:25:10,758+0530","service":"FyersAPIRequest"}
{"level":"DEBUG","location":"[get_call:140] fyersModel","message":{"Status Code":200,"API":"/positions"},"timestamp":"2025-05-14 09:25:13,249+0530","service":"FyersAPIRequest"}
{"level":"DEBUG","location":"[get_call:140] fyersModel","message":{"Status Code":200,"API":"/positions"},"timestamp":"2025-05-14 09:25:15,738+0530","service":"FyersAPIRequest"}
{"level":"DEBUG","location":"[get_call:140] fyersModel","message":{"Status Code":200,"API":"/positions"},"timestamp":"2025-05-14 09:25:18,238+0530","service":"FyersAPIRequest"}
{"level":"DEBUG","location":"[get_call:140] fyersModel","message":{"Status Code":200,"API":"/positions"},"timestamp":"2025-05-14 09:25:21,274+0530","service":"FyersAPIRequest"}
{"level":"DEBUG","location":"[get_call:140] fyersModel","message":{"Status Code":200,"API":"/positions"},"timestamp":"2025-05-14 09:25:24,291+0530","service":"FyersAPIRequest"}
{"level":"DEBUG","location":"[get_call:140] fyersModel","message":{"Status Code":200,"API":"/positions"},"timestamp":"2025-05-14 09:39:08,932+0530","service":"FyersAPIRequest"}
{"level":"DEBUG","location":"[get_call:140] fyersModel","message":{"Status Code":200,"API":"/positions"},"timestamp":"2025-05-14 09:39:11,445+0530","service":"FyersAPIRequest"}
{"level":"DEBUG","location":"[get_call:140] fyersModel","message":{"Status Code":200,"API":"/positions"},"timestamp":"2025-05-14 09:39:13,955+0530","service":"FyersAPIRequest"}
{"level":"DEBUG","location":"[get_call:140] fyersModel","message":{"Status Code":200,"API":"/positions"},"timestamp":"2025-05-14 09:39:16,486+0530","service":"FyersAPIRequest"}
{"level":"DEBUG","location":"[get_call:140] fyersModel","message":{"Status Code":200,"API":"/positions"},"timestamp":"2025-05-14 09:39:19,005+0530","service":"FyersAPIRequest"}
{"level":"DEBUG","location":"[get_call:140] fyersModel","message":{"Status Code":200,"API":"/positions"},"timestamp":"2025-05-14 09:39:21,508+0530","service":"FyersAPIRequest"}
{"level":"DEBUG","location":"[get_call:140] fyersModel","message":{"Status Code":200,"API":"/positions"},"timestamp":"2025-05-14 09:39:24,012+0530","service":"FyersAPIRequest"}
{"level":"DEBUG","location":"[get_call:140] fyersModel","message":{"Status Code":200,"API":"/positions"},"timestamp":"2025-05-14 09:39:26,510+0530","service":"FyersAPIRequest"}
{"level":"DEBUG","location":"[get_call:140] fyersModel","message":{"Status Code":200,"API":"/positions"},"timestamp":"2025-05-14 09:39:28,990+0530","service":"FyersAPIRequest"}
{"level":"DEBUG","location":"[get_call:140] fyersModel","message":{"Status Code":200,"API":"/positions"},"timestamp":"2025-05-14 09:39:31,530+0530","service":"FyersAPIRequest"}
{"level":"DEBUG","location":"[get_call:140] fyersModel","message":{"Status Code":200,"API":"/positions"},"timestamp":"2025-05-14 09:39:34,029+0530","service":"FyersAPIRequest"}
{"level":"DEBUG","location":"[get_call:140] fyersModel","message":{"Status Code":200,"API":"/positions"},"timestamp":"2025-05-14 09:39:36,536+0530","service":"FyersAPIRequest"}
{"level":"DEBUG","location":"[get_call:140] fyersModel","message":{"Status Code":200,"API":"/positions"},"timestamp":"2025-05-14 09:39:40,041+0530","service":"FyersAPIRequest"}
{"level":"DEBUG","location":"[get_call:140] fyersModel","message":{"Status Code":200,"API":"/positions"},"timestamp":"2025-05-14 09:39:43,602+0530","service":"FyersAPIRequest"}
{"level":"DEBUG","location":"[get_call:140] fyersModel","message":{"Status Code":200,"API":"/positions"},"timestamp":"2025-05-14 09:39:46,586+0530","service":"FyersAPIRequest"}
{"level":"DEBUG","location":"[get_call:140] fyersModel","message":{"Status Code":200,"API":"/positions"},"timestamp":"2025-05-14 09:39:49,717+0530","service":"FyersAPIRequest"}
{"level":"DEBUG","location":"[get_call:140] fyersModel","message":{"Status Code":200,"API":"/positions"},"timestamp":"2025-05-14 09:39:52,781+0530","service":"FyersAPIRequest"}
{"level":"DEBUG","location":"[get_call:140] fyersModel","message":{"Status Code":200,"API":"/positions"},"timestamp":"2025-05-14 09:39:55,788+0530","service":"FyersAPIRequest"}
{"level":"DEBUG","location":"[get_call:140] fyersModel","message":{"Status Code":200,"API":"/positions"},"timestamp":"2025-05-14 09:39:58,792+0530","service":"FyersAPIRequest"}
{"level":"DEBUG","location":"[get_call:140] fyersModel","message":{"Status Code":200,"API":"/positions"},"timestamp":"2025-05-14 09:40:01,875+0530","service":"FyersAPIRequest"}
{"level":"DEBUG","location":"[get_call:140] fyersModel","message":{"Status Code":200,"API":"/positions"},"timestamp":"2025-05-14 09:40:04,912+0530","service":"FyersAPIRequest"}
{"level":"DEBUG","location":"[get_call:140] fyersModel","message":{"Status Code":200,"API":"/positions"},"timestamp":"2025-05-14 09:40:08,441+0530","service":"FyersAPIRequest"}
{"level":"DEBUG","location":"[get_call:140] fyersModel","message":{"Status Code":200,"API":"/positions"},"timestamp":"2025-05-14 09:40:11,431+0530","service":"FyersAPIRequest"}
{"level":"DEBUG","location":"[get_call:140] fyersModel","message":{"Status Code":200,"API":"/positions"},"timestamp":"2025-05-14 09:40:14,962+0530","service":"FyersAPIRequest"}
{"level":"DEBUG","location":"[get_call:140] fyersModel","message":{"Status Code":200,"API":"/positions"},"timestamp":"2025-05-14 09:40:17,969+0530","service":"FyersAPIRequest"}
{"level":"DEBUG","location":"[get_call:140] fyersModel","message":{"Status Code":200,"API":"/positions"},"timestamp":"2025-05-14 09:40:20,931+0530","service":"FyersAPIRequest"}
{"level":"DEBUG","location":"[get_call:140] fyersModel","message":{"Status Code":200,"API":"/positions"},"timestamp":"2025-05-14 09:40:23,940+0530","service":"FyersAPIRequest"}
{"level":"DEBUG","location":"[get_call:140] fyersModel","message":{"Status Code":200,"API":"/positions"},"timestamp":"2025-05-14 09:40:26,911+0530","service":"FyersAPIRequest"}
{"level":"DEBUG","location":"[get_call:140] fyersModel","message":{"Status Code":200,"API":"/positions"},"timestamp":"2025-05-14 09:40:29,912+0530","service":"FyersAPIRequest"}
{"level":"DEBUG","location":"[get_call:140] fyersModel","message":{"Status Code":200,"API":"/positions"},"timestamp":"2025-05-14 09:40:32,762+0530","service":"FyersAPIRequest"}
{"level":"DEBUG","location":"[get_call:140] fyersModel","message":{"Status Code":200,"API":"/positions"},"timestamp":"2025-05-14 09:40:35,789+0530","service":"FyersAPIRequest"}
{"level":"DEBUG","location":"[get_call:140] fyersModel","message":{"Status Code":200,"API":"/positions"},"timestamp":"2025-05-14 09:40:38,832+0530","service":"FyersAPIRequest"}
{"level":"DEBUG","location":"[get_call:140] fyersModel","message":{"Status Code":200,"API":"/positions"},"timestamp":"2025-05-14 09:40:41,770+0530","service":"FyersAPIRequest"}
{"level":"DEBUG","location":"[get_call:140] fyersModel","message":{"Status Code":200,"API":"/positions"},"timestamp":"2025-05-14 09:40:44,725+0530","service":"FyersAPIRequest"}
{"level":"DEBUG","location":"[get_call:140] fyersModel","message":{"Status Code":200,"API":"/positions"},"timestamp":"2025-05-14 09:40:47,726+0530","service":"FyersAPIRequest"}
{"level":"DEBUG","location":"[get_call:140] fyersModel","message":{"Status Code":200,"API":"/positions"},"timestamp":"2025-05-14 09:40:50,732+0530","service":"FyersAPIRequest"}
{"level":"DEBUG","location":"[get_call:140] fyersModel","message":{"Status Code":200,"API":"/positions"},"timestamp":"2025-05-14 09:40:53,678+0530","service":"FyersAPIRequest"}
{"level":"DEBUG","location":"[get_call:140] fyersModel","message":{"Status Code":200,"API":"/positions"},"timestamp":"2025-05-14 09:40:57,173+0530","service":"FyersAPIRequest"}
{"level":"DEBUG","location":"[get_call:140] fyersModel","message":{"Status Code":200,"API":"/positions"},"timestamp":"2025-05-14 09:41:00,044+0530","service":"FyersAPIRequest"}
{"level":"DEBUG","location":"[get_call:140] fyersModel","message":{"Status Code":200,"API":"/positions"},"timestamp":"2025-05-14 09:41:03,038+0530","service":"FyersAPIRequest"}
{"level":"DEBUG","location":"[get_call:140] fyersModel","message":{"Status Code":200,"API":"/positions"},"timestamp":"2025-05-14 09:41:06,050+0530","service":"FyersAPIRequest"}
{"level":"DEBUG","location":"[get_call:140] fyersModel","message":{"Status Code":200,"API":"/positions"},"timestamp":"2025-05-14 09:41:09,103+0530","service":"FyersAPIRequest"}
{"level":"DEBUG","location":"[get_call:140] fyersModel","message":{"Status Code":200,"API":"/positions"},"timestamp":"2025-05-14 09:41:12,121+0530","service":"FyersAPIRequest"}
{"level":"DEBUG","location":"[get_call:140] fyersModel","message":{"Status Code":200,"API":"/positions"},"timestamp":"2025-05-14 09:41:15,195+0530","service":"FyersAPIRequest"}
{"level":"DEBUG","location":"[get_call:140] fyersModel","message":{"Status Code":200,"API":"/positions"},"timestamp":"2025-05-14 09:41:18,233+0530","service":"FyersAPIRequest"}
{"level":"DEBUG","location":"[get_call:140] fyersModel","message":{"Status Code":200,"API":"/positions"},"timestamp":"2025-05-14 09:41:21,275+0530","service":"FyersAPIRequest"}
{"level":"DEBUG","location":"[get_call:140] fyersModel","message":{"Status Code":200,"API":"/positions"},"timestamp":"2025-05-14 09:41:24,283+0530","service":"FyersAPIRequest"}
{"level":"DEBUG","location":"[get_call:140] fyersModel","message":{"Status Code":200,"API":"/positions"},"timestamp":"2025-05-14 09:41:27,248+0530","service":"FyersAPIRequest"}
{"level":"DEBUG","location":"[get_call:140] fyersModel","message":{"Status Code":200,"API":"/positions"},"timestamp":"2025-05-14 09:41:30,217+0530","service":"FyersAPIRequest"}
{"level":"DEBUG","location":"[get_call:140] fyersModel","message":{"Status Code":200,"API":"/positions"},"timestamp":"2025-05-14 09:41:33,222+0530","service":"FyersAPIRequest"}
{"level":"DEBUG","location":"[get_call:140] fyersModel","message":{"Status Code":200,"API":"/positions"},"timestamp":"2025-05-14 09:41:36,225+0530","service":"FyersAPIRequest"}
{"level":"DEBUG","location":"[get_call:140] fyersModel","message":{"Status Code":200,"API":"/positions"},"timestamp":"2025-05-14 09:41:39,291+0530","service":"FyersAPIRequest"}
{"level":"DEBUG","location":"[get_call:140] fyersModel","message":{"Status Code":200,"API":"/positions"},"timestamp":"2025-05-14 09:41:42,342+0530","service":"FyersAPIRequest"}
{"level":"DEBUG","location":"[get_call:140] fyersModel","message":{"Status Code":200,"API":"/positions"},"timestamp":"2025-05-14 09:41:45,358+0530","service":"FyersAPIRequest"}
{"level":"DEBUG","location":"[get_call:140] fyersModel","message":{"Status Code":200,"API":"/positions"},"timestamp":"2025-05-14 09:41:48,366+0530","service":"FyersAPIRequest"}
{"level":"DEBUG","location":"[get_call:140] fyersModel","message":{"Status Code":200,"API":"/positions"},"timestamp":"2025-05-14 09:41:51,408+0530","service":"FyersAPIRequest"}
{"level":"DEBUG","location":"[get_call:140] fyersModel","message":{"Status Code":200,"API":"/positions"},"timestamp":"2025-05-14 09:41:54,439+0530","service":"FyersAPIRequest"}
{"level":"DEBUG","location":"[get_call:140] fyersModel","message":{"Status Code":200,"API":"/positions"},"timestamp":"2025-05-14 09:41:57,471+0530","service":"FyersAPIRequest"}
{"level":"DEBUG","location":"[get_call:140] fyersModel","message":{"Status Code":200,"API":"/positions"},"timestamp":"2025-05-14 09:42:00,500+0530","service":"FyersAPIRequest"}
{"level":"DEBUG","location":"[get_call:140] fyersModel","message":{"Status Code":200,"API":"/positions"},"timestamp":"2025-05-14 09:42:03,511+0530","service":"FyersAPIRequest"}
{"level":"DEBUG","location":"[get_call:140] fyersModel","message":{"Status Code":200,"API":"/positions"},"timestamp":"2025-05-14 09:42:06,483+0530","service":"FyersAPIRequest"}
{"level":"DEBUG","location":"[get_call:140] fyersModel","message":{"Status Code":200,"API":"/positions"},"timestamp":"2025-05-14 09:42:09,513+0530","service":"FyersAPIRequest"}
{"level":"DEBUG","location":"[get_call:140] fyersModel","message":{"Status Code":200,"API":"/positions"},"timestamp":"2025-05-14 09:42:12,507+0530","service":"FyersAPIRequest"}
{"level":"DEBUG","location":"[get_call:140] fyersModel","message":{"Status Code":200,"API":"/positions"},"timestamp":"2025-05-14 09:42:15,551+0530","service":"FyersAPIRequest"}
{"level":"DEBUG","location":"[get_call:140] fyersModel","message":{"Status Code":200,"API":"/positions"},"timestamp":"2025-05-14 09:42:18,563+0530","service":"FyersAPIRequest"}
{"level":"DEBUG","location":"[get_call:140] fyersModel","message":{"Status Code":200,"API":"/positions"},"timestamp":"2025-05-14 09:42:21,620+0530","service":"FyersAPIRequest"}
{"level":"DEBUG","location":"[get_call:140] fyersModel","message":{"Status Code":200,"API":"/positions"},"timestamp":"2025-05-14 09:42:24,609+0530","service":"FyersAPIRequest"}
{"level":"DEBUG","location":"[get_call:140] fyersModel","message":{"Status Code":200,"API":"/positions"},"timestamp":"2025-05-14 09:42:27,593+0530","service":"FyersAPIRequest"}
{"level":"DEBUG","location":"[get_call:140] fyersModel","message":{"Status Code":200,"API":"/positions"},"timestamp":"2025-05-14 09:42:30,610+0530","service":"FyersAPIRequest"}
{"level":"DEBUG","location":"[get_call:140] fyersModel","message":{"Status Code":200,"API":"/positions"},"timestamp":"2025-05-14 09:42:33,581+0530","service":"FyersAPIRequest"}
{"level":"DEBUG","location":"[get_call:140] fyersModel","message":{"Status Code":200,"API":"/positions"},"timestamp":"2025-05-14 09:42:36,563+0530","service":"FyersAPIRequest"}
{"level":"DEBUG","location":"[get_call:140] fyersModel","message":{"Status Code":200,"API":"/positions"},"timestamp":"2025-05-14 09:42:39,546+0530","service":"FyersAPIRequest"}
{"level":"DEBUG","location":"[get_call:140] fyersModel","message":{"Status Code":200,"API":"/positions"},"timestamp":"2025-05-14 09:42:42,521+0530","service":"FyersAPIRequest"}
{"level":"DEBUG","location":"[get_call:140] fyersModel","message":{"Status Code":200,"API":"/positions"},"timestamp":"2025-05-14 09:42:45,498+0530","service":"FyersAPIRequest"}
{"level":"DEBUG","location":"[get_call:140] fyersModel","message":{"Status Code":200,"API":"/positions"},"timestamp":"2025-05-14 09:42:48,470+0530","service":"FyersAPIRequest"}
{"level":"DEBUG","location":"[get_call:140] fyersModel","message":{"Status Code":200,"API":"/positions"},"timestamp":"2025-05-14 09:42:51,506+0530","service":"FyersAPIRequest"}
{"level":"DEBUG","location":"[get_call:140] fyersModel","message":{"Status Code":200,"API":"/positions"},"timestamp":"2025-05-14 09:42:54,556+0530","service":"FyersAPIRequest"}
{"level":"DEBUG","location":"[get_call:140] fyersModel","message":{"Status Code":200,"API":"/positions"},"timestamp":"2025-05-14 09:42:57,564+0530","service":"FyersAPIRequest"}
{"level":"DEBUG","location":"[get_call:140] fyersModel","message":{"Status Code":200,"API":"/positions"},"timestamp":"2025-05-14 09:43:01,098+0530","service":"FyersAPIRequest"}
{"level":"DEBUG","location":"[get_call:140] fyersModel","message":{"Status Code":200,"API":"/positions"},"timestamp":"2025-05-14 09:43:04,117+0530","service":"FyersAPIRequest"}
{"level":"DEBUG","location":"[get_call:140] fyersModel","message":{"Status Code":200,"API":"/positions"},"timestamp":"2025-05-14 09:43:07,237+0530","service":"FyersAPIRequest"}
{"level":"DEBUG","location":"[get_call:140] fyersModel","message":{"Status Code":200,"API":"/positions"},"timestamp":"2025-05-14 09:43:10,252+0530","service":"FyersAPIRequest"}
{"level":"DEBUG","location":"[get_call:140] fyersModel","message":{"Status Code":200,"API":"/positions"},"timestamp":"2025-05-14 09:43:13,307+0530","service":"FyersAPIRequest"}
{"level":"DEBUG","location":"[get_call:140] fyersModel","message":{"Status Code":200,"API":"/positions"},"timestamp":"2025-05-14 09:43:16,361+0530","service":"FyersAPIRequest"}
{"level":"DEBUG","location":"[get_call:140] fyersModel","message":{"Status Code":200,"API":"/positions"},"timestamp":"2025-05-14 09:43:19,510+0530","service":"FyersAPIRequest"}
{"level":"DEBUG","location":"[get_call:140] fyersModel","message":{"Status Code":200,"API":"/positions"},"timestamp":"2025-05-14 09:43:22,526+0530","service":"FyersAPIRequest"}
{"level":"DEBUG","location":"[get_call:140] fyersModel","message":{"Status Code":200,"API":"/positions"},"timestamp":"2025-05-14 09:43:25,489+0530","service":"FyersAPIRequest"}
{"level":"DEBUG","location":"[get_call:140] fyersModel","message":{"Status Code":200,"API":"/positions"},"timestamp":"2025-05-14 09:43:28,531+0530","service":"FyersAPIRequest"}
{"level":"DEBUG","location":"[get_call:140] fyersModel","message":{"Status Code":200,"API":"/positions"},"timestamp":"2025-05-14 09:43:31,514+0530","service":"FyersAPIRequest"}
{"level":"DEBUG","location":"[get_call:140] fyersModel","message":{"Status Code":200,"API":"/positions"},"timestamp":"2025-05-14 09:43:34,529+0530","service":"FyersAPIRequest"}
{"level":"DEBUG","location":"[get_call:140] fyersModel","message":{"Status Code":200,"API":"/positions"},"timestamp":"2025-05-14 09:43:37,569+0530","service":"FyersAPIRequest"}
{"level":"DEBUG","location":"[get_call:140] fyersModel","message":{"Status Code":200,"API":"/positions"},"timestamp":"2025-05-14 09:43:40,567+0530","service":"FyersAPIRequest"}
{"level":"DEBUG","location":"[get_call:140] fyersModel","message":{"Status Code":200,"API":"/positions"},"timestamp":"2025-05-14 09:43:44,129+0530","service":"FyersAPIRequest"}
{"level":"DEBUG","location":"[get_call:140] fyersModel","message":{"Status Code":200,"API":"/positions"},"timestamp":"2025-05-14 09:43:47,181+0530","service":"FyersAPIRequest"}
{"level":"DEBUG","location":"[get_call:140] fyersModel","message":{"Status Code":200,"API":"/positions"},"timestamp":"2025-05-14 09:43:50,221+0530","service":"FyersAPIRequest"}
{"level":"DEBUG","location":"[get_call:140] fyersModel","message":{"Status Code":200,"API":"/positions"},"timestamp":"2025-05-14 09:43:53,435+0530","service":"FyersAPIRequest"}
{"level":"DEBUG","location":"[get_call:140] fyersModel","message":{"Status Code":200,"API":"/positions"},"timestamp":"2025-05-14 09:43:56,483+0530","service":"FyersAPIRequest"}
{"level":"DEBUG","location":"[get_call:140] fyersModel","message":{"Status Code":200,"API":"/positions"},"timestamp":"2025-05-14 09:43:59,549+0530","service":"FyersAPIRequest"}
{"level":"DEBUG","location":"[get_call:140] fyersModel","message":{"Status Code":200,"API":"/positions"},"timestamp":"2025-05-14 09:44:02,564+0530","service":"FyersAPIRequest"}
{"level":"DEBUG","location":"[get_call:140] fyersModel","message":{"Status Code":200,"API":"/positions"},"timestamp":"2025-05-14 09:44:05,584+0530","service":"FyersAPIRequest"}
{"level":"DEBUG","location":"[get_call:140] fyersModel","message":{"Status Code":200,"API":"/positions"},"timestamp":"2025-05-14 09:44:08,668+0530","service":"FyersAPIRequest"}
{"level":"DEBUG","location":"[get_call:140] fyersModel","message":{"Status Code":200,"API":"/positions"},"timestamp":"2025-05-14 09:44:11,747+0530","service":"FyersAPIRequest"}
{"level":"DEBUG","location":"[get_call:140] fyersModel","message":{"Status Code":200,"API":"/positions"},"timestamp":"2025-05-14 09:44:14,764+0530","service":"FyersAPIRequest"}
{"level":"DEBUG","location":"[get_call:140] fyersModel","message":{"Status Code":200,"API":"/positions"},"timestamp":"2025-05-14 09:44:17,803+0530","service":"FyersAPIRequest"}
{"level":"DEBUG","location":"[get_call:140] fyersModel","message":{"Status Code":200,"API":"/positions"},"timestamp":"2025-05-14 09:44:20,851+0530","service":"FyersAPIRequest"}
{"level":"DEBUG","location":"[get_call:140] fyersModel","message":{"Status Code":200,"API":"/positions"},"timestamp":"2025-05-14 09:44:23,880+0530","service":"FyersAPIRequest"}
{"level":"DEBUG","location":"[get_call:140] fyersModel","message":{"Status Code":200,"API":"/positions"},"timestamp":"2025-05-14 09:44:27,395+0530","service":"FyersAPIRequest"}
{"level":"DEBUG","location":"[get_call:140] fyersModel","message":{"Status Code":200,"API":"/positions"},"timestamp":"2025-05-14 09:44:30,573+0530","service":"FyersAPIRequest"}
{"level":"DEBUG","location":"[get_call:140] fyersModel","message":{"Status Code":200,"API":"/positions"},"timestamp":"2025-05-14 09:44:33,594+0530","service":"FyersAPIRequest"}
{"level":"DEBUG","location":"[get_call:140] fyersModel","message":{"Status Code":200,"API":"/positions"},"timestamp":"2025-05-14 09:44:36,613+0530","service":"FyersAPIRequest"}
{"level":"DEBUG","location":"[get_call:140] fyersModel","message":{"Status Code":200,"API":"/positions"},"timestamp":"2025-05-14 09:44:39,633+0530","service":"FyersAPIRequest"}
{"level":"DEBUG","location":"[get_call:140] fyersModel","message":{"Status Code":200,"API":"/positions"},"timestamp":"2025-05-14 09:44:42,630+0530","service":"FyersAPIRequest"}
{"level":"DEBUG","location":"[get_call:140] fyersModel","message":{"Status Code":200,"API":"/positions"},"timestamp":"2025-05-14 09:44:45,607+0530","service":"FyersAPIRequest"}
{"level":"DEBUG","location":"[get_call:140] fyersModel","message":{"Status Code":200,"API":"/positions"},"timestamp":"2025-05-14 09:44:48,629+0530","service":"FyersAPIRequest"}
{"level":"DEBUG","location":"[get_call:140] fyersModel","message":{"Status Code":200,"API":"/positions"},"timestamp":"2025-05-14 09:44:51,648+0530","service":"FyersAPIRequest"}
{"level":"DEBUG","location":"[get_call:140] fyersModel","message":{"Status Code":200,"API":"/positions"},"timestamp":"2025-05-14 09:44:54,659+0530","service":"FyersAPIRequest"}
{"level":"DEBUG","location":"[get_call:140] fyersModel","message":{"Status Code":200,"API":"/positions"},"timestamp":"2025-05-14 09:44:57,669+0530","service":"FyersAPIRequest"}
{"level":"DEBUG","location":"[get_call:140] fyersModel","message":{"Status Code":200,"API":"/positions"},"timestamp":"2025-05-14 09:45:00,692+0530","service":"FyersAPIRequest"}
{"level":"DEBUG","location":"[get_call:140] fyersModel","message":{"Status Code":200,"API":"/positions"},"timestamp":"2025-05-14 09:45:04,175+0530","service":"FyersAPIRequest"}
{"level":"DEBUG","location":"[get_call:140] fyersModel","message":{"Status Code":200,"API":"/positions"},"timestamp":"2025-05-14 09:45:07,181+0530","service":"FyersAPIRequest"}
{"level":"DEBUG","location":"[get_call:140] fyersModel","message":{"Status Code":200,"API":"/positions"},"timestamp":"2025-05-14 09:45:10,214+0530","service":"FyersAPIRequest"}
{"level":"DEBUG","location":"[get_call:140] fyersModel","message":{"Status Code":200,"API":"/positions"},"timestamp":"2025-05-14 09:45:13,259+0530","service":"FyersAPIRequest"}
{"level":"DEBUG","location":"[get_call:140] fyersModel","message":{"Status Code":200,"API":"/positions"},"timestamp":"2025-05-14 09:45:16,294+0530","service":"FyersAPIRequest"}
{"level":"DEBUG","location":"[get_call:140] fyersModel","message":{"Status Code":200,"API":"/positions"},"timestamp":"2025-05-14 09:45:19,338+0530","service":"FyersAPIRequest"}
{"level":"DEBUG","location":"[get_call:140] fyersModel","message":{"Status Code":200,"API":"/positions"},"timestamp":"2025-05-14 09:45:22,375+0530","service":"FyersAPIRequest"}
{"level":"DEBUG","location":"[get_call:140] fyersModel","message":{"Status Code":200,"API":"/positions"},"timestamp":"2025-05-14 09:45:25,416+0530","service":"FyersAPIRequest"}
{"level":"DEBUG","location":"[get_call:140] fyersModel","message":{"Status Code":200,"API":"/positions"},"timestamp":"2025-05-14 09:45:28,413+0530","service":"FyersAPIRequest"}
{"level":"DEBUG","location":"[get_call:140] fyersModel","message":{"Status Code":200,"API":"/positions"},"timestamp":"2025-05-14 09:45:31,422+0530","service":"FyersAPIRequest"}
{"level":"DEBUG","location":"[get_call:140] fyersModel","message":{"Status Code":200,"API":"/positions"},"timestamp":"2025-05-14 09:45:34,493+0530","service":"FyersAPIRequest"}
{"level":"DEBUG","location":"[get_call:140] fyersModel","message":{"Status Code":200,"API":"/positions"},"timestamp":"2025-05-14 09:45:37,541+0530","service":"FyersAPIRequest"}
{"level":"DEBUG","location":"[get_call:140] fyersModel","message":{"Status Code":200,"API":"/positions"},"timestamp":"2025-05-14 09:45:40,602+0530","service":"FyersAPIRequest"}
{"level":"DEBUG","location":"[get_call:140] fyersModel","message":{"Status Code":200,"API":"/positions"},"timestamp":"2025-05-14 09:45:43,610+0530","service":"FyersAPIRequest"}
{"level":"DEBUG","location":"[get_call:140] fyersModel","message":{"Status Code":200,"API":"/positions"},"timestamp":"2025-05-14 09:45:46,640+0530","service":"FyersAPIRequest"}
{"level":"DEBUG","location":"[get_call:140] fyersModel","message":{"Status Code":200,"API":"/positions"},"timestamp":"2025-05-14 09:45:50,172+0530","service":"FyersAPIRequest"}
{"level":"DEBUG","location":"[get_call:140] fyersModel","message":{"Status Code":200,"API":"/positions"},"timestamp":"2025-05-14 09:45:53,191+0530","service":"FyersAPIRequest"}
{"level":"DEBUG","location":"[get_call:140] fyersModel","message":{"Status Code":200,"API":"/positions"},"timestamp":"2025-05-14 09:45:56,204+0530","service":"FyersAPIRequest"}
{"level":"DEBUG","location":"[get_call:140] fyersModel","message":{"Status Code":200,"API":"/positions"},"timestamp":"2025-05-14 09:45:59,222+0530","service":"FyersAPIRequest"}
{"level":"DEBUG","location":"[get_call:140] fyersModel","message":{"Status Code":200,"API":"/positions"},"timestamp":"2025-05-14 09:46:02,239+0530","service":"FyersAPIRequest"}
{"level":"DEBUG","location":"[get_call:140] fyersModel","message":{"Status Code":200,"API":"/positions"},"timestamp":"2025-05-14 09:46:05,284+0530","service":"FyersAPIRequest"}
{"level":"DEBUG","location":"[get_call:140] fyersModel","message":{"Status Code":200,"API":"/positions"},"timestamp":"2025-05-14 09:46:08,308+0530","service":"FyersAPIRequest"}
{"level":"DEBUG","location":"[get_call:140] fyersModel","message":{"Status Code":200,"API":"/positions"},"timestamp":"2025-05-14 09:46:11,359+0530","service":"FyersAPIRequest"}
{"level":"DEBUG","location":"[get_call:140] fyersModel","message":{"Status Code":200,"API":"/positions"},"timestamp":"2025-05-14 09:46:14,407+0530","service":"FyersAPIRequest"}
{"level":"DEBUG","location":"[get_call:140] fyersModel","message":{"Status Code":200,"API":"/positions"},"timestamp":"2025-05-14 09:46:17,440+0530","service":"FyersAPIRequest"}
{"level":"DEBUG","location":"[get_call:140] fyersModel","message":{"Status Code":200,"API":"/positions"},"timestamp":"2025-05-14 09:46:21,026+0530","service":"FyersAPIRequest"}
{"level":"DEBUG","location":"[get_call:140] fyersModel","message":{"Status Code":200,"API":"/positions"},"timestamp":"2025-05-14 09:46:24,112+0530","service":"FyersAPIRequest"}
{"level":"DEBUG","location":"[get_call:140] fyersModel","message":{"Status Code":200,"API":"/positions"},"timestamp":"2025-05-14 09:46:27,144+0530","service":"FyersAPIRequest"}
{"level":"DEBUG","location":"[get_call:140] fyersModel","message":{"Status Code":200,"API":"/positions"},"timestamp":"2025-05-14 09:46:30,233+0530","service":"FyersAPIRequest"}
{"level":"DEBUG","location":"[get_call:140] fyersModel","message":{"Status Code":200,"API":"/positions"},"timestamp":"2025-05-14 09:46:33,266+0530","service":"FyersAPIRequest"}
{"level":"DEBUG","location":"[get_call:140] fyersModel","message":{"Status Code":200,"API":"/positions"},"timestamp":"2025-05-14 09:46:36,310+0530","service":"FyersAPIRequest"}
{"level":"DEBUG","location":"[get_call:140] fyersModel","message":{"Status Code":200,"API":"/positions"},"timestamp":"2025-05-14 09:46:39,364+0530","service":"FyersAPIRequest"}
{"level":"DEBUG","location":"[get_call:140] fyersModel","message":{"Status Code":200,"API":"/positions"},"timestamp":"2025-05-14 09:46:42,416+0530","service":"FyersAPIRequest"}
{"level":"DEBUG","location":"[get_call:140] fyersModel","message":{"Status Code":200,"API":"/positions"},"timestamp":"2025-05-14 09:46:45,967+0530","service":"FyersAPIRequest"}
{"level":"DEBUG","location":"[get_call:140] fyersModel","message":{"Status Code":200,"API":"/positions"},"timestamp":"2025-05-14 09:46:49,010+0530","service":"FyersAPIRequest"}
{"level":"DEBUG","location":"[get_call:140] fyersModel","message":{"Status Code":200,"API":"/positions"},"timestamp":"2025-05-14 09:46:52,046+0530","service":"FyersAPIRequest"}
{"level":"DEBUG","location":"[get_call:140] fyersModel","message":{"Status Code":200,"API":"/positions"},"timestamp":"2025-05-14 09:46:55,104+0530","service":"FyersAPIRequest"}
{"level":"DEBUG","location":"[get_call:140] fyersModel","message":{"Status Code":200,"API":"/positions"},"timestamp":"2025-05-14 09:46:58,104+0530","service":"FyersAPIRequest"}
{"level":"DEBUG","location":"[get_call:140] fyersModel","message":{"Status Code":200,"API":"/positions"},"timestamp":"2025-05-14 09:47:01,651+0530","service":"FyersAPIRequest"}
{"level":"DEBUG","location":"[get_call:140] fyersModel","message":{"Status Code":200,"API":"/positions"},"timestamp":"2025-05-14 09:47:05,175+0530","service":"FyersAPIRequest"}
{"level":"DEBUG","location":"[get_call:140] fyersModel","message":{"Status Code":200,"API":"/positions"},"timestamp":"2025-05-14 09:47:08,226+0530","service":"FyersAPIRequest"}
{"level":"DEBUG","location":"[get_call:140] fyersModel","message":{"Status Code":200,"API":"/positions"},"timestamp":"2025-05-14 09:47:11,234+0530","service":"FyersAPIRequest"}
{"level":"DEBUG","location":"[get_call:140] fyersModel","message":{"Status Code":200,"API":"/positions"},"timestamp":"2025-05-14 09:47:14,272+0530","service":"FyersAPIRequest"}
{"level":"DEBUG","location":"[get_call:140] fyersModel","message":{"Status Code":200,"API":"/positions"},"timestamp":"2025-05-14 09:47:17,266+0530","service":"FyersAPIRequest"}
{"level":"DEBUG","location":"[get_call:140] fyersModel","message":{"Status Code":200,"API":"/positions"},"timestamp":"2025-05-14 09:47:20,338+0530","service":"FyersAPIRequest"}
{"level":"DEBUG","location":"[get_call:140] fyersModel","message":{"Status Code":200,"API":"/positions"},"timestamp":"2025-05-14 09:47:23,870+0530","service":"FyersAPIRequest"}
{"level":"DEBUG","location":"[get_call:140] fyersModel","message":{"Status Code":200,"API":"/positions"},"timestamp":"2025-05-14 09:47:26,857+0530","service":"FyersAPIRequest"}
{"level":"DEBUG","location":"[get_call:140] fyersModel","message":{"Status Code":200,"API":"/positions"},"timestamp":"2025-05-14 09:47:29,953+0530","service":"FyersAPIRequest"}
{"level":"DEBUG","location":"[get_call:140] fyersModel","message":{"Status Code":200,"API":"/positions"},"timestamp":"2025-05-14 09:47:33,014+0530","service":"FyersAPIRequest"}
{"level":"DEBUG","location":"[get_call:140] fyersModel","message":{"Status Code":200,"API":"/positions"},"timestamp":"2025-05-14 09:47:36,053+0530","service":"FyersAPIRequest"}
{"level":"DEBUG","location":"[get_call:140] fyersModel","message":{"Status Code":200,"API":"/positions"},"timestamp":"2025-05-14 09:47:39,066+0530","service":"FyersAPIRequest"}
{"level":"DEBUG","location":"[get_call:140] fyersModel","message":{"Status Code":200,"API":"/positions"},"timestamp":"2025-05-14 09:47:42,105+0530","service":"FyersAPIRequest"}
{"level":"DEBUG","location":"[get_call:140] fyersModel","message":{"Status Code":200,"API":"/positions"},"timestamp":"2025-05-14 09:47:45,144+0530","service":"FyersAPIRequest"}
{"level":"DEBUG","location":"[get_call:140] fyersModel","message":{"Status Code":200,"API":"/positions"},"timestamp":"2025-05-14 09:47:48,159+0530","service":"FyersAPIRequest"}
{"level":"DEBUG","location":"[get_call:140] fyersModel","message":{"Status Code":200,"API":"/positions"},"timestamp":"2025-05-14 09:47:51,228+0530","service":"FyersAPIRequest"}
{"level":"DEBUG","location":"[get_call:140] fyersModel","message":{"Status Code":200,"API":"/positions"},"timestamp":"2025-05-14 09:47:54,242+0530","service":"FyersAPIRequest"}
{"level":"DEBUG","location":"[get_call:140] fyersModel","message":{"Status Code":200,"API":"/positions"},"timestamp":"2025-05-14 09:47:57,264+0530","service":"FyersAPIRequest"}
{"level":"DEBUG","location":"[get_call:140] fyersModel","message":{"Status Code":200,"API":"/positions"},"timestamp":"2025-05-14 09:48:00,250+0530","service":"FyersAPIRequest"}
{"level":"DEBUG","location":"[get_call:140] fyersModel","message":{"Status Code":200,"API":"/positions"},"timestamp":"2025-05-14 09:48:03,280+0530","service":"FyersAPIRequest"}
{"level":"DEBUG","location":"[get_call:140] fyersModel","message":{"Status Code":200,"API":"/positions"},"timestamp":"2025-05-14 09:48:06,290+0530","service":"FyersAPIRequest"}
{"level":"DEBUG","location":"[get_call:140] fyersModel","message":{"Status Code":200,"API":"/positions"},"timestamp":"2025-05-14 09:48:09,310+0530","service":"FyersAPIRequest"}
{"level":"DEBUG","location":"[get_call:140] fyersModel","message":{"Status Code":200,"API":"/positions"},"timestamp":"2025-05-14 09:48:12,358+0530","service":"FyersAPIRequest"}
{"level":"DEBUG","location":"[get_call:140] fyersModel","message":{"Status Code":200,"API":"/positions"},"timestamp":"2025-05-14 09:48:15,373+0530","service":"FyersAPIRequest"}
{"level":"DEBUG","location":"[get_call:140] fyersModel","message":{"Status Code":200,"API":"/positions"},"timestamp":"2025-05-14 09:48:18,400+0530","service":"FyersAPIRequest"}
{"level":"DEBUG","location":"[get_call:140] fyersModel","message":{"Status Code":200,"API":"/positions"},"timestamp":"2025-05-14 09:48:21,394+0530","service":"FyersAPIRequest"}
{"level":"DEBUG","location":"[get_call:140] fyersModel","message":{"Status Code":200,"API":"/positions"},"timestamp":"2025-05-14 09:48:24,462+0530","service":"FyersAPIRequest"}
{"level":"DEBUG","location":"[get_call:140] fyersModel","message":{"Status Code":200,"API":"/positions"},"timestamp":"2025-05-14 09:48:27,990+0530","service":"FyersAPIRequest"}
{"level":"DEBUG","location":"[get_call:140] fyersModel","message":{"Status Code":200,"API":"/positions"},"timestamp":"2025-05-14 09:48:30,995+0530","service":"FyersAPIRequest"}
{"level":"DEBUG","location":"[get_call:140] fyersModel","message":{"Status Code":200,"API":"/positions"},"timestamp":"2025-05-14 09:48:33,980+0530","service":"FyersAPIRequest"}
{"level":"DEBUG","location":"[get_call:140] fyersModel","message":{"Status Code":200,"API":"/positions"},"timestamp":"2025-05-14 09:48:37,016+0530","service":"FyersAPIRequest"}
{"level":"DEBUG","location":"[get_call:140] fyersModel","message":{"Status Code":200,"API":"/positions"},"timestamp":"2025-05-14 09:48:40,043+0530","service":"FyersAPIRequest"}
{"level":"DEBUG","location":"[get_call:140] fyersModel","message":{"Status Code":200,"API":"/positions"},"timestamp":"2025-05-14 09:48:43,062+0530","service":"FyersAPIRequest"}
{"level":"DEBUG","location":"[get_call:140] fyersModel","message":{"Status Code":200,"API":"/positions"},"timestamp":"2025-05-14 09:48:46,092+0530","service":"FyersAPIRequest"}
{"level":"DEBUG","location":"[get_call:140] fyersModel","message":{"Status Code":200,"API":"/positions"},"timestamp":"2025-05-14 09:48:49,116+0530","service":"FyersAPIRequest"}
{"level":"DEBUG","location":"[get_call:140] fyersModel","message":{"Status Code":200,"API":"/positions"},"timestamp":"2025-05-14 09:48:52,165+0530","service":"FyersAPIRequest"}
{"level":"DEBUG","location":"[get_call:140] fyersModel","message":{"Status Code":200,"API":"/positions"},"timestamp":"2025-05-14 09:48:55,177+0530","service":"FyersAPIRequest"}
{"level":"DEBUG","location":"[get_call:140] fyersModel","message":{"Status Code":200,"API":"/positions"},"timestamp":"2025-05-14 09:48:58,691+0530","service":"FyersAPIRequest"}
{"level":"DEBUG","location":"[get_call:140] fyersModel","message":{"Status Code":200,"API":"/positions"},"timestamp":"2025-05-14 09:49:01,687+0530","service":"FyersAPIRequest"}
{"level":"DEBUG","location":"[get_call:140] fyersModel","message":{"Status Code":200,"API":"/positions"},"timestamp":"2025-05-14 09:49:04,766+0530","service":"FyersAPIRequest"}
{"level":"DEBUG","location":"[get_call:140] fyersModel","message":{"Status Code":200,"API":"/positions"},"timestamp":"2025-05-14 09:49:07,900+0530","service":"FyersAPIRequest"}
{"level":"DEBUG","location":"[get_call:140] fyersModel","message":{"Status Code":200,"API":"/positions"},"timestamp":"2025-05-14 09:49:10,921+0530","service":"FyersAPIRequest"}
{"level":"DEBUG","location":"[get_call:140] fyersModel","message":{"Status Code":200,"API":"/positions"},"timestamp":"2025-05-14 09:49:13,939+0530","service":"FyersAPIRequest"}
{"level":"DEBUG","location":"[get_call:140] fyersModel","message":{"Status Code":200,"API":"/positions"},"timestamp":"2025-05-14 09:49:16,866+0530","service":"FyersAPIRequest"}
{"level":"DEBUG","location":"[get_call:140] fyersModel","message":{"Status Code":200,"API":"/positions"},"timestamp":"2025-05-14 09:49:19,906+0530","service":"FyersAPIRequest"}
{"level":"DEBUG","location":"[get_call:140] fyersModel","message":{"Status Code":200,"API":"/positions"},"timestamp":"2025-05-14 09:49:22,946+0530","service":"FyersAPIRequest"}
{"level":"DEBUG","location":"[get_call:140] fyersModel","message":{"Status Code":200,"API":"/positions"},"timestamp":"2025-05-14 09:49:25,995+0530","service":"FyersAPIRequest"}
{"level":"DEBUG","location":"[get_call:140] fyersModel","message":{"Status Code":200,"API":"/positions"},"timestamp":"2025-05-14 09:49:28,977+0530","service":"FyersAPIRequest"}
{"level":"DEBUG","location":"[get_call:140] fyersModel","message":{"Status Code":200,"API":"/positions"},"timestamp":"2025-05-14 09:49:31,979+0530","service":"FyersAPIRequest"}
{"level":"DEBUG","location":"[get_call:140] fyersModel","message":{"Status Code":200,"API":"/positions"},"timestamp":"2025-05-14 09:49:35,013+0530","service":"FyersAPIRequest"}
{"level":"DEBUG","location":"[get_call:140] fyersModel","message":{"Status Code":200,"API":"/positions"},"timestamp":"2025-05-14 09:49:38,025+0530","service":"FyersAPIRequest"}
{"level":"DEBUG","location":"[get_call:140] fyersModel","message":{"Status Code":200,"API":"/positions"},"timestamp":"2025-05-14 09:49:41,014+0530","service":"FyersAPIRequest"}
{"level":"DEBUG","location":"[get_call:140] fyersModel","message":{"Status Code":200,"API":"/positions"},"timestamp":"2025-05-14 09:49:43,987+0530","service":"FyersAPIRequest"}
{"level":"DEBUG","location":"[get_call:140] fyersModel","message":{"Status Code":200,"API":"/positions"},"timestamp":"2025-05-14 09:49:47,023+0530","service":"FyersAPIRequest"}
{"level":"DEBUG","location":"[get_call:140] fyersModel","message":{"Status Code":200,"API":"/positions"},"timestamp":"2025-05-14 09:49:50,038+0530","service":"FyersAPIRequest"}
{"level":"DEBUG","location":"[get_call:140] fyersModel","message":{"Status Code":200,"API":"/positions"},"timestamp":"2025-05-14 09:49:53,086+0530","service":"FyersAPIRequest"}
{"level":"DEBUG","location":"[get_call:140] fyersModel","message":{"Status Code":200,"API":"/positions"},"timestamp":"2025-05-14 09:49:56,085+0530","service":"FyersAPIRequest"}
{"level":"DEBUG","location":"[get_call:140] fyersModel","message":{"Status Code":200,"API":"/positions"},"timestamp":"2025-05-14 09:49:59,109+0530","service":"FyersAPIRequest"}
{"level":"DEBUG","location":"[get_call:140] fyersModel","message":{"Status Code":200,"API":"/positions"},"timestamp":"2025-05-14 09:50:02,060+0530","service":"FyersAPIRequest"}
{"level":"DEBUG","location":"[get_call:140] fyersModel","message":{"Status Code":200,"API":"/positions"},"timestamp":"2025-05-14 09:50:05,098+0530","service":"FyersAPIRequest"}
{"level":"DEBUG","location":"[get_call:140] fyersModel","message":{"Status Code":200,"API":"/positions"},"timestamp":"2025-05-14 09:50:08,085+0530","service":"FyersAPIRequest"}
{"level":"DEBUG","location":"[get_call:140] fyersModel","message":{"Status Code":200,"API":"/positions"},"timestamp":"2025-05-14 09:50:11,095+0530","service":"FyersAPIRequest"}
{"level":"DEBUG","location":"[get_call:140] fyersModel","message":{"Status Code":200,"API":"/positions"},"timestamp":"2025-05-14 09:50:14,125+0530","service":"FyersAPIRequest"}
{"level":"DEBUG","location":"[get_call:140] fyersModel","message":{"Status Code":200,"API":"/positions"},"timestamp":"2025-05-14 09:50:17,126+0530","service":"FyersAPIRequest"}
{"level":"DEBUG","location":"[get_call:140] fyersModel","message":{"Status Code":200,"API":"/positions"},"timestamp":"2025-05-14 09:50:20,155+0530","service":"FyersAPIRequest"}
{"level":"DEBUG","location":"[get_call:140] fyersModel","message":{"Status Code":200,"API":"/positions"},"timestamp":"2025-05-14 09:50:23,168+0530","service":"FyersAPIRequest"}
{"level":"DEBUG","location":"[get_call:140] fyersModel","message":{"Status Code":200,"API":"/positions"},"timestamp":"2025-05-14 09:50:26,182+0530","service":"FyersAPIRequest"}
{"level":"DEBUG","location":"[get_call:140] fyersModel","message":{"Status Code":200,"API":"/positions"},"timestamp":"2025-05-14 09:50:29,167+0530","service":"FyersAPIRequest"}
{"level":"DEBUG","location":"[get_call:140] fyersModel","message":{"Status Code":200,"API":"/positions"},"timestamp":"2025-05-14 09:50:32,218+0530","service":"FyersAPIRequest"}
{"level":"DEBUG","location":"[get_call:140] fyersModel","message":{"Status Code":200,"API":"/positions"},"timestamp":"2025-05-14 09:50:35,225+0530","service":"FyersAPIRequest"}
{"level":"DEBUG","location":"[get_call:140] fyersModel","message":{"Status Code":200,"API":"/positions"},"timestamp":"2025-05-14 09:50:38,237+0530","service":"FyersAPIRequest"}
{"level":"DEBUG","location":"[get_call:140] fyersModel","message":{"Status Code":200,"API":"/positions"},"timestamp":"2025-05-14 09:50:41,785+0530","service":"FyersAPIRequest"}
{"level":"DEBUG","location":"[get_call:140] fyersModel","message":{"Status Code":200,"API":"/positions"},"timestamp":"2025-05-14 09:50:44,801+0530","service":"FyersAPIRequest"}
{"level":"DEBUG","location":"[get_call:140] fyersModel","message":{"Status Code":200,"API":"/positions"},"timestamp":"2025-05-14 09:50:47,843+0530","service":"FyersAPIRequest"}
{"level":"DEBUG","location":"[get_call:140] fyersModel","message":{"Status Code":200,"API":"/positions"},"timestamp":"2025-05-14 09:50:51,039+0530","service":"FyersAPIRequest"}
{"level":"DEBUG","location":"[get_call:140] fyersModel","message":{"Status Code":200,"API":"/positions"},"timestamp":"2025-05-14 09:50:54,024+0530","service":"FyersAPIRequest"}
{"level":"DEBUG","location":"[get_call:140] fyersModel","message":{"Status Code":200,"API":"/positions"},"timestamp":"2025-05-14 09:50:57,074+0530","service":"FyersAPIRequest"}
{"level":"DEBUG","location":"[get_call:140] fyersModel","message":{"Status Code":200,"API":"/positions"},"timestamp":"2025-05-14 09:51:00,093+0530","service":"FyersAPIRequest"}
{"level":"DEBUG","location":"[get_call:140] fyersModel","message":{"Status Code":200,"API":"/positions"},"timestamp":"2025-05-14 09:51:03,084+0530","service":"FyersAPIRequest"}
{"level":"DEBUG","location":"[get_call:140] fyersModel","message":{"Status Code":200,"API":"/positions"},"timestamp":"2025-05-14 09:51:06,141+0530","service":"FyersAPIRequest"}
{"level":"DEBUG","location":"[get_call:140] fyersModel","message":{"Status Code":200,"API":"/positions"},"timestamp":"2025-05-14 09:51:09,168+0530","service":"FyersAPIRequest"}
{"level":"DEBUG","location":"[get_call:140] fyersModel","message":{"Status Code":200,"API":"/positions"},"timestamp":"2025-05-14 09:51:12,201+0530","service":"FyersAPIRequest"}
{"level":"DEBUG","location":"[get_call:140] fyersModel","message":{"Status Code":200,"API":"/positions"},"timestamp":"2025-05-14 09:51:15,196+0530","service":"FyersAPIRequest"}
{"level":"DEBUG","location":"[get_call:140] fyersModel","message":{"Status Code":200,"API":"/positions"},"timestamp":"2025-05-14 09:51:18,255+0530","service":"FyersAPIRequest"}
{"level":"DEBUG","location":"[get_call:140] fyersModel","message":{"Status Code":200,"API":"/positions"},"timestamp":"2025-05-14 09:51:21,290+0530","service":"FyersAPIRequest"}
{"level":"DEBUG","location":"[get_call:140] fyersModel","message":{"Status Code":200,"API":"/positions"},"timestamp":"2025-05-14 09:51:24,206+0530","service":"FyersAPIRequest"}
{"level":"DEBUG","location":"[get_call:140] fyersModel","message":{"Status Code":200,"API":"/positions"},"timestamp":"2025-05-14 09:51:27,186+0530","service":"FyersAPIRequest"}
{"level":"DEBUG","location":"[get_call:140] fyersModel","message":{"Status Code":200,"API":"/positions"},"timestamp":"2025-05-14 09:51:29,705+0530","service":"FyersAPIRequest"}
{"level":"DEBUG","location":"[get_call:140] fyersModel","message":{"Status Code":200,"API":"/positions"},"timestamp":"2025-05-14 09:51:32,257+0530","service":"FyersAPIRequest"}
{"level":"DEBUG","location":"[get_call:140] fyersModel","message":{"Status Code":200,"API":"/positions"},"timestamp":"2025-05-14 09:51:34,751+0530","service":"FyersAPIRequest"}
{"level":"DEBUG","location":"[get_call:140] fyersModel","message":{"Status Code":200,"API":"/positions"},"timestamp":"2025-05-14 09:51:37,251+0530","service":"FyersAPIRequest"}
{"level":"DEBUG","location":"[get_call:140] fyersModel","message":{"Status Code":200,"API":"/positions"},"timestamp":"2025-05-14 09:51:39,831+0530","service":"FyersAPIRequest"}
{"level":"DEBUG","location":"[get_call:140] fyersModel","message":{"Status Code":200,"API":"/positions"},"timestamp":"2025-05-14 09:51:42,327+0530","service":"FyersAPIRequest"}
{"level":"DEBUG","location":"[get_call:140] fyersModel","message":{"Status Code":200,"API":"/positions"},"timestamp":"2025-05-14 09:51:44,838+0530","service":"FyersAPIRequest"}
{"level":"DEBUG","location":"[get_call:140] fyersModel","message":{"Status Code":200,"API":"/positions"},"timestamp":"2025-05-14 09:51:47,326+0530","service":"FyersAPIRequest"}
{"level":"DEBUG","location":"[get_call:140] fyersModel","message":{"Status Code":200,"API":"/positions"},"timestamp":"2025-05-14 09:51:49,831+0530","service":"FyersAPIRequest"}
{"level":"DEBUG","location":"[get_call:140] fyersModel","message":{"Status Code":200,"API":"/positions"},"timestamp":"2025-05-14 09:51:52,316+0530","service":"FyersAPIRequest"}
{"level":"DEBUG","location":"[get_call:140] fyersModel","message":{"Status Code":200,"API":"/positions"},"timestamp":"2025-05-14 09:51:55,339+0530","service":"FyersAPIRequest"}
{"level":"DEBUG","location":"[get_call:140] fyersModel","message":{"Status Code":200,"API":"/positions"},"timestamp":"2025-05-14 09:51:58,344+0530","service":"FyersAPIRequest"}
{"level":"DEBUG","location":"[get_call:140] fyersModel","message":{"Status Code":200,"API":"/positions"},"timestamp":"2025-05-14 09:52:01,341+0530","service":"FyersAPIRequest"}
{"level":"DEBUG","location":"[get_call:140] fyersModel","message":{"Status Code":200,"API":"/positions"},"timestamp":"2025-05-14 09:52:04,326+0530","service":"FyersAPIRequest"}
{"level":"DEBUG","location":"[get_call:140] fyersModel","message":{"Status Code":200,"API":"/positions"},"timestamp":"2025-05-14 09:52:43,532+0530","service":"FyersAPIRequest"}
{"level":"DEBUG","location":"[get_call:140] fyersModel","message":{"Status Code":200,"API":"/positions"},"timestamp":"2025-05-14 09:52:46,038+0530","service":"FyersAPIRequest"}
{"level":"DEBUG","location":"[get_call:140] fyersModel","message":{"Status Code":200,"API":"/positions"},"timestamp":"2025-05-14 09:52:49,029+0530","service":"FyersAPIRequest"}
{"level":"DEBUG","location":"[get_call:140] fyersModel","message":{"Status Code":200,"API":"/positions"},"timestamp":"2025-05-14 09:52:52,067+0530","service":"FyersAPIRequest"}
{"level":"DEBUG","location":"[get_call:140] fyersModel","message":{"Status Code":200,"API":"/positions"},"timestamp":"2025-05-14 09:52:55,124+0530","service":"FyersAPIRequest"}
{"level":"DEBUG","location":"[get_call:140] fyersModel","message":{"Status Code":200,"API":"/positions"},"timestamp":"2025-05-14 09:52:58,117+0530","service":"FyersAPIRequest"}
{"level":"DEBUG","location":"[get_call:140] fyersModel","message":{"Status Code":200,"API":"/positions"},"timestamp":"2025-05-14 09:53:01,127+0530","service":"FyersAPIRequest"}
{"level":"DEBUG","location":"[get_call:140] fyersModel","message":{"Status Code":200,"API":"/positions"},"timestamp":"2025-05-14 09:53:04,130+0530","service":"FyersAPIRequest"}
{"level":"DEBUG","location":"[get_call:140] fyersModel","message":{"Status Code":200,"API":"/positions"},"timestamp":"2025-05-14 09:53:07,152+0530","service":"FyersAPIRequest"}
{"level":"DEBUG","location":"[get_call:140] fyersModel","message":{"Status Code":200,"API":"/positions"},"timestamp":"2025-05-14 09:53:10,116+0530","service":"FyersAPIRequest"}
{"level":"DEBUG","location":"[get_call:140] fyersModel","message":{"Status Code":200,"API":"/positions"},"timestamp":"2025-05-14 09:53:13,132+0530","service":"FyersAPIRequest"}
{"level":"DEBUG","location":"[get_call:140] fyersModel","message":{"Status Code":200,"API":"/positions"},"timestamp":"2025-05-14 09:53:16,137+0530","service":"FyersAPIRequest"}
{"level":"DEBUG","location":"[get_call:140] fyersModel","message":{"Status Code":200,"API":"/positions"},"timestamp":"2025-05-14 09:53:19,644+0530","service":"FyersAPIRequest"}
{"level":"DEBUG","location":"[get_call:140] fyersModel","message":{"Status Code":200,"API":"/positions"},"timestamp":"2025-05-14 09:53:22,665+0530","service":"FyersAPIRequest"}
{"level":"DEBUG","location":"[get_call:140] fyersModel","message":{"Status Code":200,"API":"/positions"},"timestamp":"2025-05-14 09:53:25,729+0530","service":"FyersAPIRequest"}
{"level":"DEBUG","location":"[get_call:140] fyersModel","message":{"Status Code":200,"API":"/positions"},"timestamp":"2025-05-14 09:53:28,739+0530","service":"FyersAPIRequest"}
{"level":"DEBUG","location":"[get_call:140] fyersModel","message":{"Status Code":200,"API":"/positions"},"timestamp":"2025-05-14 09:53:31,691+0530","service":"FyersAPIRequest"}
{"level":"DEBUG","location":"[get_call:140] fyersModel","message":{"Status Code":200,"API":"/positions"},"timestamp":"2025-05-14 09:53:34,745+0530","service":"FyersAPIRequest"}
{"level":"DEBUG","location":"[get_call:140] fyersModel","message":{"Status Code":200,"API":"/positions"},"timestamp":"2025-05-14 09:53:37,782+0530","service":"FyersAPIRequest"}
{"level":"DEBUG","location":"[get_call:140] fyersModel","message":{"Status Code":200,"API":"/positions"},"timestamp":"2025-05-14 09:53:40,801+0530","service":"FyersAPIRequest"}
{"level":"DEBUG","location":"[get_call:140] fyersModel","message":{"Status Code":200,"API":"/positions"},"timestamp":"2025-05-14 09:53:44,346+0530","service":"FyersAPIRequest"}
{"level":"DEBUG","location":"[get_call:140] fyersModel","message":{"Status Code":200,"API":"/positions"},"timestamp":"2025-05-14 09:53:47,435+0530","service":"FyersAPIRequest"}
{"level":"DEBUG","location":"[get_call:140] fyersModel","message":{"Status Code":200,"API":"/positions"},"timestamp":"2025-05-14 09:53:50,474+0530","service":"FyersAPIRequest"}
{"level":"DEBUG","location":"[get_call:140] fyersModel","message":{"Status Code":200,"API":"/positions"},"timestamp":"2025-05-14 09:53:53,536+0530","service":"FyersAPIRequest"}
{"level":"DEBUG","location":"[get_call:140] fyersModel","message":{"Status Code":200,"API":"/positions"},"timestamp":"2025-05-14 09:53:56,562+0530","service":"FyersAPIRequest"}
{"level":"DEBUG","location":"[get_call:140] fyersModel","message":{"Status Code":200,"API":"/positions"},"timestamp":"2025-05-14 09:53:59,572+0530","service":"FyersAPIRequest"}
{"level":"DEBUG","location":"[get_call:140] fyersModel","message":{"Status Code":200,"API":"/positions"},"timestamp":"2025-05-14 09:54:03,164+0530","service":"FyersAPIRequest"}
{"level":"DEBUG","location":"[get_call:140] fyersModel","message":{"Status Code":200,"API":"/positions"},"timestamp":"2025-05-14 09:54:06,147+0530","service":"FyersAPIRequest"}
{"level":"DEBUG","location":"[get_call:140] fyersModel","message":{"Status Code":200,"API":"/positions"},"timestamp":"2025-05-14 09:54:09,196+0530","service":"FyersAPIRequest"}
{"level":"DEBUG","location":"[get_call:140] fyersModel","message":{"Status Code":200,"API":"/positions"},"timestamp":"2025-05-14 09:54:12,317+0530","service":"FyersAPIRequest"}
{"level":"DEBUG","location":"[get_call:140] fyersModel","message":{"Status Code":200,"API":"/positions"},"timestamp":"2025-05-14 09:54:15,326+0530","service":"FyersAPIRequest"}
{"level":"DEBUG","location":"[get_call:140] fyersModel","message":{"Status Code":200,"API":"/positions"},"timestamp":"2025-05-14 09:54:18,376+0530","service":"FyersAPIRequest"}
{"level":"DEBUG","location":"[get_call:140] fyersModel","message":{"Status Code":200,"API":"/positions"},"timestamp":"2025-05-14 09:54:21,397+0530","service":"FyersAPIRequest"}
{"level":"DEBUG","location":"[get_call:140] fyersModel","message":{"Status Code":200,"API":"/positions"},"timestamp":"2025-05-14 09:54:24,405+0530","service":"FyersAPIRequest"}
{"level":"DEBUG","location":"[get_call:140] fyersModel","message":{"Status Code":200,"API":"/positions"},"timestamp":"2025-05-14 09:54:27,444+0530","service":"FyersAPIRequest"}
{"level":"DEBUG","location":"[get_call:140] fyersModel","message":{"Status Code":200,"API":"/positions"},"timestamp":"2025-05-14 09:54:30,443+0530","service":"FyersAPIRequest"}
{"level":"DEBUG","location":"[get_call:140] fyersModel","message":{"Status Code":200,"API":"/positions"},"timestamp":"2025-05-14 09:54:33,489+0530","service":"FyersAPIRequest"}
{"level":"DEBUG","location":"[get_call:140] fyersModel","message":{"Status Code":200,"API":"/positions"},"timestamp":"2025-05-14 09:54:36,487+0530","service":"FyersAPIRequest"}
{"level":"DEBUG","location":"[get_call:140] fyersModel","message":{"Status Code":200,"API":"/positions"},"timestamp":"2025-05-14 09:54:39,543+0530","service":"FyersAPIRequest"}
{"level":"DEBUG","location":"[get_call:140] fyersModel","message":{"Status Code":200,"API":"/positions"},"timestamp":"2025-05-14 09:54:42,513+0530","service":"FyersAPIRequest"}
{"level":"DEBUG","location":"[get_call:140] fyersModel","message":{"Status Code":200,"API":"/positions"},"timestamp":"2025-05-14 09:54:45,518+0530","service":"FyersAPIRequest"}
{"level":"DEBUG","location":"[get_call:140] fyersModel","message":{"Status Code":200,"API":"/positions"},"timestamp":"2025-05-14 09:54:48,990+0530","service":"FyersAPIRequest"}
{"level":"DEBUG","location":"[get_call:140] fyersModel","message":{"Status Code":200,"API":"/positions"},"timestamp":"2025-05-14 09:54:52,000+0530","service":"FyersAPIRequest"}
{"level":"DEBUG","location":"[get_call:140] fyersModel","message":{"Status Code":200,"API":"/positions"},"timestamp":"2025-05-14 09:54:55,027+0530","service":"FyersAPIRequest"}
{"level":"DEBUG","location":"[get_call:140] fyersModel","message":{"Status Code":200,"API":"/positions"},"timestamp":"2025-05-14 09:54:58,030+0530","service":"FyersAPIRequest"}
{"level":"DEBUG","location":"[get_call:140] fyersModel","message":{"Status Code":200,"API":"/positions"},"timestamp":"2025-05-14 09:55:01,085+0530","service":"FyersAPIRequest"}
{"level":"DEBUG","location":"[get_call:140] fyersModel","message":{"Status Code":200,"API":"/positions"},"timestamp":"2025-05-14 09:55:04,123+0530","service":"FyersAPIRequest"}
{"level":"DEBUG","location":"[get_call:140] fyersModel","message":{"Status Code":200,"API":"/positions"},"timestamp":"2025-05-14 09:55:07,237+0530","service":"FyersAPIRequest"}
{"level":"DEBUG","location":"[get_call:140] fyersModel","message":{"Status Code":200,"API":"/positions"},"timestamp":"2025-05-14 09:55:10,272+0530","service":"FyersAPIRequest"}
{"level":"DEBUG","location":"[get_call:140] fyersModel","message":{"Status Code":200,"API":"/positions"},"timestamp":"2025-05-14 09:55:13,306+0530","service":"FyersAPIRequest"}
{"level":"DEBUG","location":"[get_call:140] fyersModel","message":{"Status Code":200,"API":"/positions"},"timestamp":"2025-05-14 09:55:16,321+0530","service":"FyersAPIRequest"}
{"level":"DEBUG","location":"[get_call:140] fyersModel","message":{"Status Code":200,"API":"/positions"},"timestamp":"2025-05-14 09:55:19,349+0530","service":"FyersAPIRequest"}
{"level":"DEBUG","location":"[get_call:140] fyersModel","message":{"Status Code":200,"API":"/positions"},"timestamp":"2025-05-14 09:55:22,385+0530","service":"FyersAPIRequest"}
{"level":"DEBUG","location":"[get_call:140] fyersModel","message":{"Status Code":200,"API":"/positions"},"timestamp":"2025-05-14 09:55:25,430+0530","service":"FyersAPIRequest"}
{"level":"DEBUG","location":"[get_call:140] fyersModel","message":{"Status Code":200,"API":"/positions"},"timestamp":"2025-05-14 09:55:28,615+0530","service":"FyersAPIRequest"}
{"level":"DEBUG","location":"[get_call:140] fyersModel","message":{"Status Code":200,"API":"/positions"},"timestamp":"2025-05-14 09:55:31,645+0530","service":"FyersAPIRequest"}
{"level":"DEBUG","location":"[get_call:140] fyersModel","message":{"Status Code":200,"API":"/positions"},"timestamp":"2025-05-14 09:55:35,191+0530","service":"FyersAPIRequest"}
{"level":"DEBUG","location":"[get_call:140] fyersModel","message":{"Status Code":200,"API":"/positions"},"timestamp":"2025-05-14 09:55:38,199+0530","service":"FyersAPIRequest"}
{"level":"DEBUG","location":"[get_call:140] fyersModel","message":{"Status Code":200,"API":"/positions"},"timestamp":"2025-05-14 09:55:41,209+0530","service":"FyersAPIRequest"}
{"level":"DEBUG","location":"[get_call:140] fyersModel","message":{"Status Code":200,"API":"/positions"},"timestamp":"2025-05-14 09:55:44,208+0530","service":"FyersAPIRequest"}
{"level":"DEBUG","location":"[get_call:140] fyersModel","message":{"Status Code":200,"API":"/positions"},"timestamp":"2025-05-14 09:55:47,130+0530","service":"FyersAPIRequest"}
{"level":"DEBUG","location":"[get_call:140] fyersModel","message":{"Status Code":200,"API":"/positions"},"timestamp":"2025-05-14 09:55:50,166+0530","service":"FyersAPIRequest"}
{"level":"DEBUG","location":"[get_call:140] fyersModel","message":{"Status Code":200,"API":"/positions"},"timestamp":"2025-05-14 09:55:53,171+0530","service":"FyersAPIRequest"}
{"level":"DEBUG","location":"[get_call:140] fyersModel","message":{"Status Code":200,"API":"/positions"},"timestamp":"2025-05-14 09:55:56,219+0530","service":"FyersAPIRequest"}
{"level":"DEBUG","location":"[get_call:140] fyersModel","message":{"Status Code":200,"API":"/positions"},"timestamp":"2025-05-14 09:55:59,248+0530","service":"FyersAPIRequest"}
{"level":"DEBUG","location":"[get_call:140] fyersModel","message":{"Status Code":200,"API":"/positions"},"timestamp":"2025-05-14 09:56:02,309+0530","service":"FyersAPIRequest"}
{"level":"DEBUG","location":"[get_call:140] fyersModel","message":{"Status Code":200,"API":"/positions"},"timestamp":"2025-05-14 09:56:05,323+0530","service":"FyersAPIRequest"}
{"level":"DEBUG","location":"[get_call:140] fyersModel","message":{"Status Code":200,"API":"/positions"},"timestamp":"2025-05-14 09:56:08,327+0530","service":"FyersAPIRequest"}
{"level":"DEBUG","location":"[get_call:140] fyersModel","message":{"Status Code":200,"API":"/positions"},"timestamp":"2025-05-14 09:56:11,346+0530","service":"FyersAPIRequest"}
{"level":"DEBUG","location":"[get_call:140] fyersModel","message":{"Status Code":200,"API":"/positions"},"timestamp":"2025-05-14 09:56:14,337+0530","service":"FyersAPIRequest"}
{"level":"DEBUG","location":"[get_call:140] fyersModel","message":{"Status Code":200,"API":"/positions"},"timestamp":"2025-05-14 09:56:17,379+0530","service":"FyersAPIRequest"}
{"level":"DEBUG","location":"[get_call:140] fyersModel","message":{"Status Code":200,"API":"/positions"},"timestamp":"2025-05-14 09:56:20,353+0530","service":"FyersAPIRequest"}
{"level":"DEBUG","location":"[get_call:140] fyersModel","message":{"Status Code":200,"API":"/positions"},"timestamp":"2025-05-14 09:56:23,370+0530","service":"FyersAPIRequest"}
{"level":"DEBUG","location":"[get_call:140] fyersModel","message":{"Status Code":200,"API":"/positions"},"timestamp":"2025-05-14 09:56:26,405+0530","service":"FyersAPIRequest"}
{"level":"DEBUG","location":"[get_call:140] fyersModel","message":{"Status Code":200,"API":"/positions"},"timestamp":"2025-05-14 09:56:29,397+0530","service":"FyersAPIRequest"}
{"level":"DEBUG","location":"[get_call:140] fyersModel","message":{"Status Code":200,"API":"/positions"},"timestamp":"2025-05-14 09:56:32,357+0530","service":"FyersAPIRequest"}
{"level":"DEBUG","location":"[get_call:140] fyersModel","message":{"Status Code":200,"API":"/positions"},"timestamp":"2025-05-14 09:56:35,390+0530","service":"FyersAPIRequest"}
{"level":"DEBUG","location":"[get_call:140] fyersModel","message":{"Status Code":200,"API":"/positions"},"timestamp":"2025-05-14 09:56:38,401+0530","service":"FyersAPIRequest"}
{"level":"DEBUG","location":"[get_call:140] fyersModel","message":{"Status Code":200,"API":"/positions"},"timestamp":"2025-05-14 09:56:41,370+0530","service":"FyersAPIRequest"}
{"level":"DEBUG","location":"[get_call:140] fyersModel","message":{"Status Code":200,"API":"/positions"},"timestamp":"2025-05-14 09:56:44,383+0530","service":"FyersAPIRequest"}
{"level":"DEBUG","location":"[get_call:140] fyersModel","message":{"Status Code":200,"API":"/positions"},"timestamp":"2025-05-14 09:56:47,365+0530","service":"FyersAPIRequest"}
{"level":"DEBUG","location":"[get_call:140] fyersModel","message":{"Status Code":200,"API":"/positions"},"timestamp":"2025-05-14 09:56:50,353+0530","service":"FyersAPIRequest"}
{"level":"DEBUG","location":"[get_call:140] fyersModel","message":{"Status Code":200,"API":"/positions"},"timestamp":"2025-05-14 09:56:53,382+0530","service":"FyersAPIRequest"}
{"level":"DEBUG","location":"[get_call:140] fyersModel","message":{"Status Code":200,"API":"/positions"},"timestamp":"2025-05-14 09:56:56,383+0530","service":"FyersAPIRequest"}
{"level":"DEBUG","location":"[get_call:140] fyersModel","message":{"Status Code":200,"API":"/positions"},"timestamp":"2025-05-14 09:56:59,392+0530","service":"FyersAPIRequest"}
{"level":"DEBUG","location":"[get_call:140] fyersModel","message":{"Status Code":200,"API":"/positions"},"timestamp":"2025-05-14 09:57:02,350+0530","service":"FyersAPIRequest"}
{"level":"DEBUG","location":"[get_call:140] fyersModel","message":{"Status Code":200,"API":"/positions"},"timestamp":"2025-05-14 09:57:05,374+0530","service":"FyersAPIRequest"}
{"level":"DEBUG","location":"[get_call:140] fyersModel","message":{"Status Code":200,"API":"/positions"},"timestamp":"2025-05-14 09:57:08,413+0530","service":"FyersAPIRequest"}
{"level":"DEBUG","location":"[get_call:140] fyersModel","message":{"Status Code":200,"API":"/positions"},"timestamp":"2025-05-14 09:57:11,467+0530","service":"FyersAPIRequest"}
{"level":"DEBUG","location":"[get_call:140] fyersModel","message":{"Status Code":200,"API":"/positions"},"timestamp":"2025-05-14 09:57:14,335+0530","service":"FyersAPIRequest"}
{"level":"DEBUG","location":"[get_call:140] fyersModel","message":{"Status Code":200,"API":"/positions"},"timestamp":"2025-05-14 09:57:17,382+0530","service":"FyersAPIRequest"}
{"level":"DEBUG","location":"[get_call:140] fyersModel","message":{"Status Code":200,"API":"/positions"},"timestamp":"2025-05-14 09:57:20,413+0530","service":"FyersAPIRequest"}
{"level":"DEBUG","location":"[get_call:140] fyersModel","message":{"Status Code":200,"API":"/positions"},"timestamp":"2025-05-14 09:57:23,413+0530","service":"FyersAPIRequest"}
{"level":"DEBUG","location":"[get_call:140] fyersModel","message":{"Status Code":200,"API":"/positions"},"timestamp":"2025-05-14 09:57:26,383+0530","service":"FyersAPIRequest"}
{"level":"DEBUG","location":"[get_call:140] fyersModel","message":{"Status Code":200,"API":"/positions"},"timestamp":"2025-05-14 09:57:29,830+0530","service":"FyersAPIRequest"}
{"level":"DEBUG","location":"[get_call:140] fyersModel","message":{"Status Code":200,"API":"/positions"},"timestamp":"2025-05-14 09:57:32,891+0530","service":"FyersAPIRequest"}
{"level":"DEBUG","location":"[get_call:140] fyersModel","message":{"Status Code":200,"API":"/positions"},"timestamp":"2025-05-14 09:57:36,388+0530","service":"FyersAPIRequest"}
{"level":"DEBUG","location":"[get_call:140] fyersModel","message":{"Status Code":200,"API":"/positions"},"timestamp":"2025-05-14 09:57:39,443+0530","service":"FyersAPIRequest"}
{"level":"DEBUG","location":"[get_call:140] fyersModel","message":{"Status Code":200,"API":"/positions"},"timestamp":"2025-05-14 09:57:42,426+0530","service":"FyersAPIRequest"}
{"level":"DEBUG","location":"[get_call:140] fyersModel","message":{"Status Code":200,"API":"/positions"},"timestamp":"2025-05-14 09:57:45,397+0530","service":"FyersAPIRequest"}
{"level":"DEBUG","location":"[get_call:140] fyersModel","message":{"Status Code":200,"API":"/positions"},"timestamp":"2025-05-14 09:57:48,332+0530","service":"FyersAPIRequest"}
{"level":"DEBUG","location":"[get_call:140] fyersModel","message":{"Status Code":200,"API":"/positions"},"timestamp":"2025-05-14 09:57:51,318+0530","service":"FyersAPIRequest"}
{"level":"DEBUG","location":"[get_call:140] fyersModel","message":{"Status Code":200,"API":"/positions"},"timestamp":"2025-05-14 09:57:54,324+0530","service":"FyersAPIRequest"}
{"level":"DEBUG","location":"[get_call:140] fyersModel","message":{"Status Code":200,"API":"/positions"},"timestamp":"2025-05-14 09:57:57,250+0530","service":"FyersAPIRequest"}
{"level":"DEBUG","location":"[get_call:140] fyersModel","message":{"Status Code":200,"API":"/positions"},"timestamp":"2025-05-14 09:58:00,253+0530","service":"FyersAPIRequest"}
{"level":"DEBUG","location":"[get_call:140] fyersModel","message":{"Status Code":200,"API":"/positions"},"timestamp":"2025-05-14 09:58:03,271+0530","service":"FyersAPIRequest"}
{"level":"DEBUG","location":"[get_call:140] fyersModel","message":{"Status Code":200,"API":"/positions"},"timestamp":"2025-05-14 09:58:06,261+0530","service":"FyersAPIRequest"}
{"level":"DEBUG","location":"[get_call:140] fyersModel","message":{"Status Code":200,"API":"/positions"},"timestamp":"2025-05-14 09:58:09,265+0530","service":"FyersAPIRequest"}
{"level":"DEBUG","location":"[get_call:140] fyersModel","message":{"Status Code":200,"API":"/positions"},"timestamp":"2025-05-14 09:58:12,242+0530","service":"FyersAPIRequest"}
{"level":"DEBUG","location":"[get_call:140] fyersModel","message":{"Status Code":200,"API":"/positions"},"timestamp":"2025-05-14 09:58:15,232+0530","service":"FyersAPIRequest"}
{"level":"DEBUG","location":"[get_call:140] fyersModel","message":{"Status Code":200,"API":"/positions"},"timestamp":"2025-05-14 09:58:18,252+0530","service":"FyersAPIRequest"}
{"level":"DEBUG","location":"[get_call:140] fyersModel","message":{"Status Code":200,"API":"/positions"},"timestamp":"2025-05-14 09:58:21,242+0530","service":"FyersAPIRequest"}
{"level":"DEBUG","location":"[get_call:140] fyersModel","message":{"Status Code":200,"API":"/positions"},"timestamp":"2025-05-14 09:58:24,215+0530","service":"FyersAPIRequest"}
{"level":"DEBUG","location":"[get_call:140] fyersModel","message":{"Status Code":200,"API":"/positions"},"timestamp":"2025-05-14 09:58:27,171+0530","service":"FyersAPIRequest"}
{"level":"DEBUG","location":"[get_call:140] fyersModel","message":{"Status Code":200,"API":"/positions"},"timestamp":"2025-05-14 09:58:30,188+0530","service":"FyersAPIRequest"}
{"level":"DEBUG","location":"[get_call:140] fyersModel","message":{"Status Code":200,"API":"/positions"},"timestamp":"2025-05-14 09:58:33,147+0530","service":"FyersAPIRequest"}
{"level":"DEBUG","location":"[get_call:140] fyersModel","message":{"Status Code":200,"API":"/positions"},"timestamp":"2025-05-14 09:58:36,150+0530","service":"FyersAPIRequest"}
{"level":"DEBUG","location":"[get_call:140] fyersModel","message":{"Status Code":200,"API":"/positions"},"timestamp":"2025-05-14 09:58:39,162+0530","service":"FyersAPIRequest"}
{"level":"DEBUG","location":"[get_call:140] fyersModel","message":{"Status Code":200,"API":"/positions"},"timestamp":"2025-05-14 09:58:42,653+0530","service":"FyersAPIRequest"}
{"level":"DEBUG","location":"[get_call:140] fyersModel","message":{"Status Code":200,"API":"/positions"},"timestamp":"2025-05-14 09:58:45,631+0530","service":"FyersAPIRequest"}
{"level":"DEBUG","location":"[get_call:140] fyersModel","message":{"Status Code":200,"API":"/positions"},"timestamp":"2025-05-14 09:58:48,608+0530","service":"FyersAPIRequest"}
{"level":"DEBUG","location":"[get_call:140] fyersModel","message":{"Status Code":200,"API":"/positions"},"timestamp":"2025-05-14 09:58:51,611+0530","service":"FyersAPIRequest"}
{"level":"DEBUG","location":"[get_call:140] fyersModel","message":{"Status Code":200,"API":"/positions"},"timestamp":"2025-05-14 09:58:55,117+0530","service":"FyersAPIRequest"}
{"level":"DEBUG","location":"[get_call:140] fyersModel","message":{"Status Code":200,"API":"/positions"},"timestamp":"2025-05-14 09:58:58,141+0530","service":"FyersAPIRequest"}
{"level":"DEBUG","location":"[get_call:140] fyersModel","message":{"Status Code":200,"API":"/positions"},"timestamp":"2025-05-14 09:59:01,099+0530","service":"FyersAPIRequest"}
{"level":"DEBUG","location":"[get_call:140] fyersModel","message":{"Status Code":200,"API":"/positions"},"timestamp":"2025-05-14 09:59:04,109+0530","service":"FyersAPIRequest"}
{"level":"DEBUG","location":"[get_call:140] fyersModel","message":{"Status Code":200,"API":"/positions"},"timestamp":"2025-05-14 09:59:07,062+0530","service":"FyersAPIRequest"}
{"level":"DEBUG","location":"[get_call:140] fyersModel","message":{"Status Code":200,"API":"/positions"},"timestamp":"2025-05-14 09:59:10,035+0530","service":"FyersAPIRequest"}
{"level":"DEBUG","location":"[get_call:140] fyersModel","message":{"Status Code":200,"API":"/positions"},"timestamp":"2025-05-14 09:59:13,054+0530","service":"FyersAPIRequest"}
{"level":"DEBUG","location":"[get_call:140] fyersModel","message":{"Status Code":200,"API":"/positions"},"timestamp":"2025-05-14 09:59:16,065+0530","service":"FyersAPIRequest"}
{"level":"DEBUG","location":"[get_call:140] fyersModel","message":{"Status Code":200,"API":"/positions"},"timestamp":"2025-05-14 09:59:19,069+0530","service":"FyersAPIRequest"}
{"level":"DEBUG","location":"[get_call:140] fyersModel","message":{"Status Code":200,"API":"/positions"},"timestamp":"2025-05-14 09:59:22,026+0530","service":"FyersAPIRequest"}
{"level":"DEBUG","location":"[get_call:140] fyersModel","message":{"Status Code":200,"API":"/positions"},"timestamp":"2025-05-14 09:59:25,023+0530","service":"FyersAPIRequest"}
{"level":"DEBUG","location":"[get_call:140] fyersModel","message":{"Status Code":200,"API":"/positions"},"timestamp":"2025-05-14 09:59:28,018+0530","service":"FyersAPIRequest"}
{"level":"DEBUG","location":"[get_call:140] fyersModel","message":{"Status Code":200,"API":"/positions"},"timestamp":"2025-05-14 09:59:30,979+0530","service":"FyersAPIRequest"}
{"level":"DEBUG","location":"[get_call:140] fyersModel","message":{"Status Code":200,"API":"/positions"},"timestamp":"2025-05-14 09:59:34,042+0530","service":"FyersAPIRequest"}
{"level":"DEBUG","location":"[get_call:140] fyersModel","message":{"Status Code":200,"API":"/positions"},"timestamp":"2025-05-14 09:59:37,592+0530","service":"FyersAPIRequest"}
{"level":"DEBUG","location":"[get_call:140] fyersModel","message":{"Status Code":200,"API":"/positions"},"timestamp":"2025-05-14 09:59:40,546+0530","service":"FyersAPIRequest"}
{"level":"DEBUG","location":"[get_call:140] fyersModel","message":{"Status Code":200,"API":"/positions"},"timestamp":"2025-05-14 09:59:43,983+0530","service":"FyersAPIRequest"}
{"level":"DEBUG","location":"[get_call:140] fyersModel","message":{"Status Code":200,"API":"/positions"},"timestamp":"2025-05-14 09:59:46,963+0530","service":"FyersAPIRequest"}
{"level":"DEBUG","location":"[get_call:140] fyersModel","message":{"Status Code":200,"API":"/positions"},"timestamp":"2025-05-14 09:59:49,947+0530","service":"FyersAPIRequest"}
{"level":"DEBUG","location":"[get_call:140] fyersModel","message":{"Status Code":200,"API":"/positions"},"timestamp":"2025-05-14 09:59:53,000+0530","service":"FyersAPIRequest"}
{"level":"DEBUG","location":"[get_call:140] fyersModel","message":{"Status Code":200,"API":"/positions"},"timestamp":"2025-05-14 09:59:56,018+0530","service":"FyersAPIRequest"}
{"level":"DEBUG","location":"[get_call:140] fyersModel","message":{"Status Code":200,"API":"/positions"},"timestamp":"2025-05-14 09:59:59,068+0530","service":"FyersAPIRequest"}
{"level":"DEBUG","location":"[get_call:140] fyersModel","message":{"Status Code":200,"API":"/positions"},"timestamp":"2025-05-14 10:00:02,071+0530","service":"FyersAPIRequest"}
{"level":"DEBUG","location":"[get_call:140] fyersModel","message":{"Status Code":200,"API":"/positions"},"timestamp":"2025-05-14 10:00:05,095+0530","service":"FyersAPIRequest"}
{"level":"DEBUG","location":"[get_call:140] fyersModel","message":{"Status Code":200,"API":"/positions"},"timestamp":"2025-05-14 10:00:08,097+0530","service":"FyersAPIRequest"}
{"level":"DEBUG","location":"[get_call:140] fyersModel","message":{"Status Code":200,"API":"/positions"},"timestamp":"2025-05-14 10:00:11,154+0530","service":"FyersAPIRequest"}
{"level":"DEBUG","location":"[get_call:140] fyersModel","message":{"Status Code":200,"API":"/positions"},"timestamp":"2025-05-14 10:00:14,137+0530","service":"FyersAPIRequest"}
{"level":"DEBUG","location":"[get_call:140] fyersModel","message":{"Status Code":200,"API":"/positions"},"timestamp":"2025-05-14 10:00:17,072+0530","service":"FyersAPIRequest"}
{"level":"DEBUG","location":"[get_call:140] fyersModel","message":{"Status Code":200,"API":"/positions"},"timestamp":"2025-05-14 10:00:20,072+0530","service":"FyersAPIRequest"}
{"level":"DEBUG","location":"[get_call:140] fyersModel","message":{"Status Code":200,"API":"/positions"},"timestamp":"2025-05-14 10:00:23,074+0530","service":"FyersAPIRequest"}
{"level":"DEBUG","location":"[get_call:140] fyersModel","message":{"Status Code":200,"API":"/positions"},"timestamp":"2025-05-14 10:00:26,143+0530","service":"FyersAPIRequest"}
{"level":"DEBUG","location":"[get_call:140] fyersModel","message":{"Status Code":200,"API":"/positions"},"timestamp":"2025-05-14 10:00:29,109+0530","service":"FyersAPIRequest"}
{"level":"DEBUG","location":"[get_call:140] fyersModel","message":{"Status Code":200,"API":"/positions"},"timestamp":"2025-05-14 10:00:32,093+0530","service":"FyersAPIRequest"}
{"level":"DEBUG","location":"[get_call:140] fyersModel","message":{"Status Code":200,"API":"/positions"},"timestamp":"2025-05-14 10:00:35,039+0530","service":"FyersAPIRequest"}
{"level":"DEBUG","location":"[get_call:140] fyersModel","message":{"Status Code":200,"API":"/positions"},"timestamp":"2025-05-14 10:00:38,059+0530","service":"FyersAPIRequest"}
{"level":"DEBUG","location":"[get_call:140] fyersModel","message":{"Status Code":200,"API":"/positions"},"timestamp":"2025-05-14 10:00:41,048+0530","service":"FyersAPIRequest"}
{"level":"DEBUG","location":"[get_call:140] fyersModel","message":{"Status Code":200,"API":"/positions"},"timestamp":"2025-05-14 10:00:44,068+0530","service":"FyersAPIRequest"}
{"level":"DEBUG","location":"[get_call:140] fyersModel","message":{"Status Code":200,"API":"/positions"},"timestamp":"2025-05-14 10:00:47,069+0530","service":"FyersAPIRequest"}
{"level":"DEBUG","location":"[get_call:140] fyersModel","message":{"Status Code":200,"API":"/positions"},"timestamp":"2025-05-14 10:00:50,066+0530","service":"FyersAPIRequest"}
{"level":"DEBUG","location":"[get_call:140] fyersModel","message":{"Status Code":200,"API":"/positions"},"timestamp":"2025-05-14 10:00:53,064+0530","service":"FyersAPIRequest"}
{"level":"DEBUG","location":"[get_call:140] fyersModel","message":{"Status Code":200,"API":"/positions"},"timestamp":"2025-05-14 10:00:56,066+0530","service":"FyersAPIRequest"}
{"level":"DEBUG","location":"[get_call:140] fyersModel","message":{"Status Code":200,"API":"/positions"},"timestamp":"2025-05-14 10:00:59,064+0530","service":"FyersAPIRequest"}
{"level":"DEBUG","location":"[get_call:140] fyersModel","message":{"Status Code":200,"API":"/positions"},"timestamp":"2025-05-14 10:01:02,048+0530","service":"FyersAPIRequest"}
{"level":"DEBUG","location":"[get_call:140] fyersModel","message":{"Status Code":200,"API":"/positions"},"timestamp":"2025-05-14 10:01:05,058+0530","service":"FyersAPIRequest"}
{"level":"DEBUG","location":"[get_call:140] fyersModel","message":{"Status Code":200,"API":"/positions"},"timestamp":"2025-05-14 10:01:08,072+0530","service":"FyersAPIRequest"}
{"level":"DEBUG","location":"[get_call:140] fyersModel","message":{"Status Code":200,"API":"/positions"},"timestamp":"2025-05-14 10:01:11,045+0530","service":"FyersAPIRequest"}
{"level":"DEBUG","location":"[get_call:140] fyersModel","message":{"Status Code":200,"API":"/positions"},"timestamp":"2025-05-14 10:01:13,974+0530","service":"FyersAPIRequest"}
{"level":"DEBUG","location":"[get_call:140] fyersModel","message":{"Status Code":200,"API":"/positions"},"timestamp":"2025-05-14 10:01:16,997+0530","service":"FyersAPIRequest"}
{"level":"DEBUG","location":"[get_call:140] fyersModel","message":{"Status Code":200,"API":"/positions"},"timestamp":"2025-05-14 10:01:20,002+0530","service":"FyersAPIRequest"}
{"level":"DEBUG","location":"[get_call:140] fyersModel","message":{"Status Code":200,"API":"/positions"},"timestamp":"2025-05-14 10:01:23,023+0530","service":"FyersAPIRequest"}
{"level":"DEBUG","location":"[get_call:140] fyersModel","message":{"Status Code":200,"API":"/positions"},"timestamp":"2025-05-14 10:01:26,025+0530","service":"FyersAPIRequest"}
{"level":"DEBUG","location":"[get_call:140] fyersModel","message":{"Status Code":200,"API":"/positions"},"timestamp":"2025-05-14 10:01:28,979+0530","service":"FyersAPIRequest"}
{"level":"DEBUG","location":"[get_call:140] fyersModel","message":{"Status Code":200,"API":"/positions"},"timestamp":"2025-05-14 10:01:32,129+0530","service":"FyersAPIRequest"}
{"level":"DEBUG","location":"[get_call:140] fyersModel","message":{"Status Code":200,"API":"/positions"},"timestamp":"2025-05-14 10:01:35,582+0530","service":"FyersAPIRequest"}
{"level":"DEBUG","location":"[get_call:140] fyersModel","message":{"Status Code":200,"API":"/positions"},"timestamp":"2025-05-14 10:01:39,076+0530","service":"FyersAPIRequest"}
{"level":"DEBUG","location":"[get_call:140] fyersModel","message":{"Status Code":200,"API":"/positions"},"timestamp":"2025-05-14 10:01:42,066+0530","service":"FyersAPIRequest"}
{"level":"DEBUG","location":"[get_call:140] fyersModel","message":{"Status Code":200,"API":"/positions"},"timestamp":"2025-05-14 10:01:45,023+0530","service":"FyersAPIRequest"}
{"level":"DEBUG","location":"[get_call:140] fyersModel","message":{"Status Code":200,"API":"/positions"},"timestamp":"2025-05-14 10:01:47,999+0530","service":"FyersAPIRequest"}
{"level":"DEBUG","location":"[get_call:140] fyersModel","message":{"Status Code":200,"API":"/positions"},"timestamp":"2025-05-14 10:01:51,023+0530","service":"FyersAPIRequest"}
{"level":"DEBUG","location":"[get_call:140] fyersModel","message":{"Status Code":200,"API":"/positions"},"timestamp":"2025-05-14 10:01:54,028+0530","service":"FyersAPIRequest"}
{"level":"DEBUG","location":"[get_call:140] fyersModel","message":{"Status Code":200,"API":"/positions"},"timestamp":"2025-05-14 10:01:56,986+0530","service":"FyersAPIRequest"}
{"level":"DEBUG","location":"[get_call:140] fyersModel","message":{"Status Code":200,"API":"/positions"},"timestamp":"2025-05-14 10:02:00,512+0530","service":"FyersAPIRequest"}
{"level":"DEBUG","location":"[get_call:140] fyersModel","message":{"Status Code":200,"API":"/positions"},"timestamp":"2025-05-14 10:02:03,512+0530","service":"FyersAPIRequest"}
{"level":"DEBUG","location":"[get_call:140] fyersModel","message":{"Status Code":200,"API":"/positions"},"timestamp":"2025-05-14 10:02:06,486+0530","service":"FyersAPIRequest"}
{"level":"DEBUG","location":"[get_call:140] fyersModel","message":{"Status Code":200,"API":"/positions"},"timestamp":"2025-05-14 10:02:09,475+0530","service":"FyersAPIRequest"}
{"level":"DEBUG","location":"[get_call:140] fyersModel","message":{"Status Code":200,"API":"/positions"},"timestamp":"2025-05-14 10:02:12,937+0530","service":"FyersAPIRequest"}
{"level":"DEBUG","location":"[get_call:140] fyersModel","message":{"Status Code":200,"API":"/positions"},"timestamp":"2025-05-14 10:02:16,431+0530","service":"FyersAPIRequest"}
{"level":"DEBUG","location":"[get_call:140] fyersModel","message":{"Status Code":200,"API":"/positions"},"timestamp":"2025-05-14 10:02:19,353+0530","service":"FyersAPIRequest"}
{"level":"DEBUG","location":"[get_call:140] fyersModel","message":{"Status Code":200,"API":"/positions"},"timestamp":"2025-05-14 10:02:22,282+0530","service":"FyersAPIRequest"}
{"level":"DEBUG","location":"[get_call:140] fyersModel","message":{"Status Code":200,"API":"/positions"},"timestamp":"2025-05-14 10:02:25,295+0530","service":"FyersAPIRequest"}
{"level":"DEBUG","location":"[get_call:140] fyersModel","message":{"Status Code":200,"API":"/positions"},"timestamp":"2025-05-14 10:02:28,297+0530","service":"FyersAPIRequest"}
{"level":"DEBUG","location":"[get_call:140] fyersModel","message":{"Status Code":200,"API":"/positions"},"timestamp":"2025-05-14 10:02:31,304+0530","service":"FyersAPIRequest"}
{"level":"DEBUG","location":"[get_call:140] fyersModel","message":{"Status Code":200,"API":"/positions"},"timestamp":"2025-05-14 10:02:34,318+0530","service":"FyersAPIRequest"}
{"level":"DEBUG","location":"[get_call:140] fyersModel","message":{"Status Code":200,"API":"/positions"},"timestamp":"2025-05-14 10:02:37,252+0530","service":"FyersAPIRequest"}
{"level":"DEBUG","location":"[get_call:140] fyersModel","message":{"Status Code":200,"API":"/positions"},"timestamp":"2025-05-14 10:02:40,282+0530","service":"FyersAPIRequest"}
{"level":"DEBUG","location":"[get_call:140] fyersModel","message":{"Status Code":200,"API":"/positions"},"timestamp":"2025-05-14 10:02:43,274+0530","service":"FyersAPIRequest"}
{"level":"DEBUG","location":"[get_call:140] fyersModel","message":{"Status Code":200,"API":"/positions"},"timestamp":"2025-05-14 10:02:46,286+0530","service":"FyersAPIRequest"}
{"level":"DEBUG","location":"[get_call:140] fyersModel","message":{"Status Code":200,"API":"/positions"},"timestamp":"2025-05-14 10:02:49,280+0530","service":"FyersAPIRequest"}
{"level":"DEBUG","location":"[get_call:140] fyersModel","message":{"Status Code":200,"API":"/positions"},"timestamp":"2025-05-14 10:02:52,229+0530","service":"FyersAPIRequest"}
{"level":"DEBUG","location":"[get_call:140] fyersModel","message":{"Status Code":200,"API":"/positions"},"timestamp":"2025-05-14 10:02:55,234+0530","service":"FyersAPIRequest"}
{"level":"DEBUG","location":"[get_call:140] fyersModel","message":{"Status Code":200,"API":"/positions"},"timestamp":"2025-05-14 10:02:58,234+0530","service":"FyersAPIRequest"}
{"level":"DEBUG","location":"[get_call:140] fyersModel","message":{"Status Code":200,"API":"/positions"},"timestamp":"2025-05-14 10:03:01,755+0530","service":"FyersAPIRequest"}
{"level":"DEBUG","location":"[get_call:140] fyersModel","message":{"Status Code":200,"API":"/positions"},"timestamp":"2025-05-14 10:03:05,280+0530","service":"FyersAPIRequest"}
{"level":"DEBUG","location":"[get_call:140] fyersModel","message":{"Status Code":200,"API":"/positions"},"timestamp":"2025-05-14 10:03:08,289+0530","service":"FyersAPIRequest"}
{"level":"DEBUG","location":"[get_call:140] fyersModel","message":{"Status Code":200,"API":"/positions"},"timestamp":"2025-05-14 10:03:11,336+0530","service":"FyersAPIRequest"}
{"level":"DEBUG","location":"[get_call:140] fyersModel","message":{"Status Code":200,"API":"/positions"},"timestamp":"2025-05-14 10:03:14,286+0530","service":"FyersAPIRequest"}
{"level":"DEBUG","location":"[get_call:140] fyersModel","message":{"Status Code":200,"API":"/positions"},"timestamp":"2025-05-14 10:03:17,279+0530","service":"FyersAPIRequest"}
{"level":"DEBUG","location":"[get_call:140] fyersModel","message":{"Status Code":200,"API":"/positions"},"timestamp":"2025-05-14 10:03:20,182+0530","service":"FyersAPIRequest"}
{"level":"DEBUG","location":"[get_call:140] fyersModel","message":{"Status Code":200,"API":"/positions"},"timestamp":"2025-05-14 10:03:23,186+0530","service":"FyersAPIRequest"}
{"level":"DEBUG","location":"[get_call:140] fyersModel","message":{"Status Code":200,"API":"/positions"},"timestamp":"2025-05-14 10:03:26,189+0530","service":"FyersAPIRequest"}
{"level":"DEBUG","location":"[get_call:140] fyersModel","message":{"Status Code":200,"API":"/positions"},"timestamp":"2025-05-14 10:03:29,195+0530","service":"FyersAPIRequest"}
{"level":"DEBUG","location":"[get_call:140] fyersModel","message":{"Status Code":200,"API":"/positions"},"timestamp":"2025-05-14 10:03:32,192+0530","service":"FyersAPIRequest"}
{"level":"DEBUG","location":"[get_call:140] fyersModel","message":{"Status Code":200,"API":"/positions"},"timestamp":"2025-05-14 10:03:35,417+0530","service":"FyersAPIRequest"}
{"level":"DEBUG","location":"[get_call:140] fyersModel","message":{"Status Code":200,"API":"/positions"},"timestamp":"2025-05-14 10:03:38,434+0530","service":"FyersAPIRequest"}
{"level":"DEBUG","location":"[get_call:140] fyersModel","message":{"Status Code":200,"API":"/positions"},"timestamp":"2025-05-14 10:03:41,435+0530","service":"FyersAPIRequest"}
{"level":"DEBUG","location":"[get_call:140] fyersModel","message":{"Status Code":200,"API":"/positions"},"timestamp":"2025-05-14 10:03:44,431+0530","service":"FyersAPIRequest"}
{"level":"DEBUG","location":"[get_call:140] fyersModel","message":{"Status Code":200,"API":"/positions"},"timestamp":"2025-05-14 10:03:47,400+0530","service":"FyersAPIRequest"}
{"level":"DEBUG","location":"[get_call:140] fyersModel","message":{"Status Code":200,"API":"/positions"},"timestamp":"2025-05-14 10:03:50,410+0530","service":"FyersAPIRequest"}
{"level":"DEBUG","location":"[get_call:140] fyersModel","message":{"Status Code":200,"API":"/positions"},"timestamp":"2025-05-14 10:03:53,313+0530","service":"FyersAPIRequest"}
{"level":"DEBUG","location":"[get_call:140] fyersModel","message":{"Status Code":200,"API":"/positions"},"timestamp":"2025-05-14 10:03:56,303+0530","service":"FyersAPIRequest"}
{"level":"DEBUG","location":"[get_call:140] fyersModel","message":{"Status Code":200,"API":"/positions"},"timestamp":"2025-05-14 10:03:59,331+0530","service":"FyersAPIRequest"}
{"level":"DEBUG","location":"[get_call:140] fyersModel","message":{"Status Code":200,"API":"/positions"},"timestamp":"2025-05-14 10:04:02,388+0530","service":"FyersAPIRequest"}
{"level":"DEBUG","location":"[get_call:140] fyersModel","message":{"Status Code":200,"API":"/positions"},"timestamp":"2025-05-14 10:04:05,448+0530","service":"FyersAPIRequest"}
{"level":"DEBUG","location":"[get_call:140] fyersModel","message":{"Status Code":200,"API":"/positions"},"timestamp":"2025-05-14 10:04:08,461+0530","service":"FyersAPIRequest"}
{"level":"DEBUG","location":"[get_call:140] fyersModel","message":{"Status Code":200,"API":"/positions"},"timestamp":"2025-05-14 10:04:11,505+0530","service":"FyersAPIRequest"}
{"level":"DEBUG","location":"[get_call:140] fyersModel","message":{"Status Code":200,"API":"/positions"},"timestamp":"2025-05-14 10:04:14,537+0530","service":"FyersAPIRequest"}
{"level":"DEBUG","location":"[get_call:140] fyersModel","message":{"Status Code":200,"API":"/positions"},"timestamp":"2025-05-14 10:04:17,437+0530","service":"FyersAPIRequest"}
{"level":"DEBUG","location":"[get_call:140] fyersModel","message":{"Status Code":200,"API":"/positions"},"timestamp":"2025-05-14 10:04:20,474+0530","service":"FyersAPIRequest"}
{"level":"DEBUG","location":"[get_call:140] fyersModel","message":{"Status Code":200,"API":"/positions"},"timestamp":"2025-05-14 10:04:23,536+0530","service":"FyersAPIRequest"}
{"level":"DEBUG","location":"[get_call:140] fyersModel","message":{"Status Code":200,"API":"/positions"},"timestamp":"2025-05-14 10:04:26,589+0530","service":"FyersAPIRequest"}
{"level":"DEBUG","location":"[get_call:140] fyersModel","message":{"Status Code":200,"API":"/positions"},"timestamp":"2025-05-14 10:04:29,635+0530","service":"FyersAPIRequest"}
{"level":"DEBUG","location":"[get_call:140] fyersModel","message":{"Status Code":200,"API":"/positions"},"timestamp":"2025-05-14 10:04:32,683+0530","service":"FyersAPIRequest"}
{"level":"DEBUG","location":"[get_call:140] fyersModel","message":{"Status Code":200,"API":"/positions"},"timestamp":"2025-05-14 10:04:35,732+0530","service":"FyersAPIRequest"}
{"level":"DEBUG","location":"[get_call:140] fyersModel","message":{"Status Code":200,"API":"/positions"},"timestamp":"2025-05-14 10:04:38,793+0530","service":"FyersAPIRequest"}
{"level":"DEBUG","location":"[get_call:140] fyersModel","message":{"Status Code":200,"API":"/positions"},"timestamp":"2025-05-14 10:04:41,858+0530","service":"FyersAPIRequest"}
{"level":"DEBUG","location":"[get_call:140] fyersModel","message":{"Status Code":200,"API":"/positions"},"timestamp":"2025-05-14 10:04:44,899+0530","service":"FyersAPIRequest"}
{"level":"DEBUG","location":"[get_call:140] fyersModel","message":{"Status Code":200,"API":"/positions"},"timestamp":"2025-05-14 10:04:48,412+0530","service":"FyersAPIRequest"}
{"level":"DEBUG","location":"[get_call:140] fyersModel","message":{"Status Code":200,"API":"/positions"},"timestamp":"2025-05-14 10:04:51,395+0530","service":"FyersAPIRequest"}
{"level":"DEBUG","location":"[get_call:140] fyersModel","message":{"Status Code":200,"API":"/positions"},"timestamp":"2025-05-14 10:04:54,376+0530","service":"FyersAPIRequest"}
{"level":"DEBUG","location":"[get_call:140] fyersModel","message":{"Status Code":200,"API":"/positions"},"timestamp":"2025-05-14 10:04:57,376+0530","service":"FyersAPIRequest"}
{"level":"DEBUG","location":"[get_call:140] fyersModel","message":{"Status Code":200,"API":"/positions"},"timestamp":"2025-05-14 10:05:00,397+0530","service":"FyersAPIRequest"}
{"level":"DEBUG","location":"[get_call:140] fyersModel","message":{"Status Code":200,"API":"/positions"},"timestamp":"2025-05-14 10:05:03,461+0530","service":"FyersAPIRequest"}
{"level":"DEBUG","location":"[get_call:140] fyersModel","message":{"Status Code":200,"API":"/positions"},"timestamp":"2025-05-14 10:05:06,498+0530","service":"FyersAPIRequest"}
{"level":"DEBUG","location":"[get_call:140] fyersModel","message":{"Status Code":200,"API":"/positions"},"timestamp":"2025-05-14 10:05:09,536+0530","service":"FyersAPIRequest"}
{"level":"DEBUG","location":"[get_call:140] fyersModel","message":{"Status Code":200,"API":"/positions"},"timestamp":"2025-05-14 10:05:12,570+0530","service":"FyersAPIRequest"}
{"level":"DEBUG","location":"[get_call:140] fyersModel","message":{"Status Code":200,"API":"/positions"},"timestamp":"2025-05-14 10:05:15,593+0530","service":"FyersAPIRequest"}
{"level":"DEBUG","location":"[get_call:140] fyersModel","message":{"Status Code":200,"API":"/positions"},"timestamp":"2025-05-14 10:05:18,579+0530","service":"FyersAPIRequest"}
{"level":"DEBUG","location":"[get_call:140] fyersModel","message":{"Status Code":200,"API":"/positions"},"timestamp":"2025-05-14 10:05:22,125+0530","service":"FyersAPIRequest"}
{"level":"DEBUG","location":"[get_call:140] fyersModel","message":{"Status Code":200,"API":"/positions"},"timestamp":"2025-05-14 10:05:25,172+0530","service":"FyersAPIRequest"}
{"level":"DEBUG","location":"[get_call:140] fyersModel","message":{"Status Code":200,"API":"/positions"},"timestamp":"2025-05-14 10:05:28,186+0530","service":"FyersAPIRequest"}
{"level":"DEBUG","location":"[get_call:140] fyersModel","message":{"Status Code":200,"API":"/positions"},"timestamp":"2025-05-14 10:05:31,231+0530","service":"FyersAPIRequest"}
{"level":"DEBUG","location":"[get_call:140] fyersModel","message":{"Status Code":200,"API":"/positions"},"timestamp":"2025-05-14 10:05:34,291+0530","service":"FyersAPIRequest"}
{"level":"DEBUG","location":"[get_call:140] fyersModel","message":{"Status Code":200,"API":"/positions"},"timestamp":"2025-05-14 10:05:37,329+0530","service":"FyersAPIRequest"}
{"level":"DEBUG","location":"[get_call:140] fyersModel","message":{"Status Code":200,"API":"/positions"},"timestamp":"2025-05-14 10:05:40,364+0530","service":"FyersAPIRequest"}
{"level":"DEBUG","location":"[get_call:140] fyersModel","message":{"Status Code":200,"API":"/positions"},"timestamp":"2025-05-14 10:05:43,524+0530","service":"FyersAPIRequest"}
{"level":"DEBUG","location":"[get_call:140] fyersModel","message":{"Status Code":200,"API":"/positions"},"timestamp":"2025-05-14 10:05:47,084+0530","service":"FyersAPIRequest"}
{"level":"DEBUG","location":"[get_call:140] fyersModel","message":{"Status Code":200,"API":"/positions"},"timestamp":"2025-05-14 10:05:50,115+0530","service":"FyersAPIRequest"}
{"level":"DEBUG","location":"[get_call:140] fyersModel","message":{"Status Code":200,"API":"/positions"},"timestamp":"2025-05-14 10:05:53,132+0530","service":"FyersAPIRequest"}
{"level":"DEBUG","location":"[get_call:140] fyersModel","message":{"Status Code":200,"API":"/positions"},"timestamp":"2025-05-14 10:05:56,016+0530","service":"FyersAPIRequest"}
{"level":"DEBUG","location":"[get_call:140] fyersModel","message":{"Status Code":200,"API":"/positions"},"timestamp":"2025-05-14 10:05:59,039+0530","service":"FyersAPIRequest"}
{"level":"DEBUG","location":"[get_call:140] fyersModel","message":{"Status Code":200,"API":"/positions"},"timestamp":"2025-05-14 10:06:02,012+0530","service":"FyersAPIRequest"}
{"level":"DEBUG","location":"[get_call:140] fyersModel","message":{"Status Code":200,"API":"/positions"},"timestamp":"2025-05-14 10:06:04,924+0530","service":"FyersAPIRequest"}
{"level":"DEBUG","location":"[get_call:140] fyersModel","message":{"Status Code":200,"API":"/positions"},"timestamp":"2025-05-14 10:06:08,299+0530","service":"FyersAPIRequest"}
{"level":"DEBUG","location":"[get_call:140] fyersModel","message":{"Status Code":200,"API":"/positions"},"timestamp":"2025-05-14 10:06:11,322+0530","service":"FyersAPIRequest"}
{"level":"DEBUG","location":"[get_call:140] fyersModel","message":{"Status Code":200,"API":"/positions"},"timestamp":"2025-05-14 10:06:14,339+0530","service":"FyersAPIRequest"}
{"level":"DEBUG","location":"[get_call:140] fyersModel","message":{"Status Code":200,"API":"/positions"},"timestamp":"2025-05-14 10:06:17,382+0530","service":"FyersAPIRequest"}
{"level":"DEBUG","location":"[get_call:140] fyersModel","message":{"Status Code":200,"API":"/positions"},"timestamp":"2025-05-14 10:06:20,374+0530","service":"FyersAPIRequest"}
{"level":"DEBUG","location":"[get_call:140] fyersModel","message":{"Status Code":200,"API":"/positions"},"timestamp":"2025-05-14 10:06:23,417+0530","service":"FyersAPIRequest"}
{"level":"DEBUG","location":"[get_call:140] fyersModel","message":{"Status Code":200,"API":"/positions"},"timestamp":"2025-05-14 10:06:26,445+0530","service":"FyersAPIRequest"}
{"level":"DEBUG","location":"[get_call:140] fyersModel","message":{"Status Code":200,"API":"/positions"},"timestamp":"2025-05-14 10:06:29,516+0530","service":"FyersAPIRequest"}
{"level":"DEBUG","location":"[get_call:140] fyersModel","message":{"Status Code":200,"API":"/positions"},"timestamp":"2025-05-14 10:06:32,566+0530","service":"FyersAPIRequest"}
{"level":"DEBUG","location":"[get_call:140] fyersModel","message":{"Status Code":200,"API":"/positions"},"timestamp":"2025-05-14 10:06:35,636+0530","service":"FyersAPIRequest"}
{"level":"DEBUG","location":"[get_call:140] fyersModel","message":{"Status Code":200,"API":"/positions"},"timestamp":"2025-05-14 10:06:38,711+0530","service":"FyersAPIRequest"}
{"level":"DEBUG","location":"[get_call:140] fyersModel","message":{"Status Code":200,"API":"/positions"},"timestamp":"2025-05-14 10:06:41,703+0530","service":"FyersAPIRequest"}
{"level":"DEBUG","location":"[get_call:140] fyersModel","message":{"Status Code":200,"API":"/positions"},"timestamp":"2025-05-14 10:06:44,737+0530","service":"FyersAPIRequest"}
{"level":"DEBUG","location":"[get_call:140] fyersModel","message":{"Status Code":200,"API":"/positions"},"timestamp":"2025-05-14 10:06:48,287+0530","service":"FyersAPIRequest"}
{"level":"DEBUG","location":"[get_call:140] fyersModel","message":{"Status Code":200,"API":"/positions"},"timestamp":"2025-05-14 10:06:51,818+0530","service":"FyersAPIRequest"}
{"level":"DEBUG","location":"[get_call:140] fyersModel","message":{"Status Code":200,"API":"/positions"},"timestamp":"2025-05-14 10:06:54,844+0530","service":"FyersAPIRequest"}
{"level":"DEBUG","location":"[get_call:140] fyersModel","message":{"Status Code":200,"API":"/positions"},"timestamp":"2025-05-14 10:06:57,874+0530","service":"FyersAPIRequest"}
{"level":"DEBUG","location":"[get_call:140] fyersModel","message":{"Status Code":200,"API":"/positions"},"timestamp":"2025-05-14 10:07:00,904+0530","service":"FyersAPIRequest"}
{"level":"DEBUG","location":"[get_call:140] fyersModel","message":{"Status Code":200,"API":"/positions"},"timestamp":"2025-05-14 10:07:04,426+0530","service":"FyersAPIRequest"}
{"level":"DEBUG","location":"[get_call:140] fyersModel","message":{"Status Code":200,"API":"/positions"},"timestamp":"2025-05-14 10:07:07,435+0530","service":"FyersAPIRequest"}
{"level":"DEBUG","location":"[get_call:140] fyersModel","message":{"Status Code":200,"API":"/positions"},"timestamp":"2025-05-14 10:07:10,464+0530","service":"FyersAPIRequest"}
{"level":"DEBUG","location":"[get_call:140] fyersModel","message":{"Status Code":200,"API":"/positions"},"timestamp":"2025-05-14 10:07:13,473+0530","service":"FyersAPIRequest"}
{"level":"DEBUG","location":"[get_call:140] fyersModel","message":{"Status Code":200,"API":"/positions"},"timestamp":"2025-05-14 10:07:17,010+0530","service":"FyersAPIRequest"}
{"level":"DEBUG","location":"[get_call:140] fyersModel","message":{"Status Code":200,"API":"/positions"},"timestamp":"2025-05-14 10:07:20,021+0530","service":"FyersAPIRequest"}
{"level":"DEBUG","location":"[get_call:140] fyersModel","message":{"Status Code":200,"API":"/positions"},"timestamp":"2025-05-14 10:07:23,010+0530","service":"FyersAPIRequest"}
{"level":"DEBUG","location":"[get_call:140] fyersModel","message":{"Status Code":200,"API":"/positions"},"timestamp":"2025-05-14 10:07:26,027+0530","service":"FyersAPIRequest"}
{"level":"DEBUG","location":"[get_call:140] fyersModel","message":{"Status Code":200,"API":"/positions"},"timestamp":"2025-05-14 10:07:29,033+0530","service":"FyersAPIRequest"}
{"level":"DEBUG","location":"[get_call:140] fyersModel","message":{"Status Code":200,"API":"/positions"},"timestamp":"2025-05-14 10:07:32,095+0530","service":"FyersAPIRequest"}
{"level":"DEBUG","location":"[get_call:140] fyersModel","message":{"Status Code":200,"API":"/positions"},"timestamp":"2025-05-14 10:07:35,104+0530","service":"FyersAPIRequest"}
{"level":"DEBUG","location":"[get_call:140] fyersModel","message":{"Status Code":200,"API":"/positions"},"timestamp":"2025-05-14 10:07:38,668+0530","service":"FyersAPIRequest"}
{"level":"DEBUG","location":"[get_call:140] fyersModel","message":{"Status Code":200,"API":"/positions"},"timestamp":"2025-05-14 10:07:41,654+0530","service":"FyersAPIRequest"}
{"level":"DEBUG","location":"[get_call:140] fyersModel","message":{"Status Code":200,"API":"/positions"},"timestamp":"2025-05-14 10:07:44,678+0530","service":"FyersAPIRequest"}
{"level":"DEBUG","location":"[get_call:140] fyersModel","message":{"Status Code":200,"API":"/positions"},"timestamp":"2025-05-14 10:07:47,608+0530","service":"FyersAPIRequest"}
{"level":"DEBUG","location":"[get_call:140] fyersModel","message":{"Status Code":200,"API":"/positions"},"timestamp":"2025-05-14 10:07:50,626+0530","service":"FyersAPIRequest"}
{"level":"DEBUG","location":"[get_call:140] fyersModel","message":{"Status Code":200,"API":"/positions"},"timestamp":"2025-05-14 10:07:53,706+0530","service":"FyersAPIRequest"}
{"level":"DEBUG","location":"[get_call:140] fyersModel","message":{"Status Code":200,"API":"/positions"},"timestamp":"2025-05-14 10:07:56,757+0530","service":"FyersAPIRequest"}
{"level":"DEBUG","location":"[get_call:140] fyersModel","message":{"Status Code":200,"API":"/positions"},"timestamp":"2025-05-14 10:07:59,823+0530","service":"FyersAPIRequest"}
{"level":"DEBUG","location":"[get_call:140] fyersModel","message":{"Status Code":200,"API":"/positions"},"timestamp":"2025-05-14 10:08:02,822+0530","service":"FyersAPIRequest"}
{"level":"DEBUG","location":"[get_call:140] fyersModel","message":{"Status Code":200,"API":"/positions"},"timestamp":"2025-05-14 10:08:05,807+0530","service":"FyersAPIRequest"}
{"level":"DEBUG","location":"[get_call:140] fyersModel","message":{"Status Code":200,"API":"/positions"},"timestamp":"2025-05-14 10:08:08,818+0530","service":"FyersAPIRequest"}
{"level":"DEBUG","location":"[get_call:140] fyersModel","message":{"Status Code":200,"API":"/positions"},"timestamp":"2025-05-14 10:08:11,857+0530","service":"FyersAPIRequest"}
{"level":"DEBUG","location":"[get_call:140] fyersModel","message":{"Status Code":200,"API":"/positions"},"timestamp":"2025-05-14 10:08:14,891+0530","service":"FyersAPIRequest"}
{"level":"DEBUG","location":"[get_call:140] fyersModel","message":{"Status Code":200,"API":"/positions"},"timestamp":"2025-05-14 10:08:17,934+0530","service":"FyersAPIRequest"}
{"level":"DEBUG","location":"[get_call:140] fyersModel","message":{"Status Code":200,"API":"/positions"},"timestamp":"2025-05-14 10:08:21,440+0530","service":"FyersAPIRequest"}
{"level":"DEBUG","location":"[get_call:140] fyersModel","message":{"Status Code":200,"API":"/positions"},"timestamp":"2025-05-14 10:08:24,486+0530","service":"FyersAPIRequest"}
{"level":"DEBUG","location":"[get_call:140] fyersModel","message":{"Status Code":200,"API":"/positions"},"timestamp":"2025-05-14 10:08:27,532+0530","service":"FyersAPIRequest"}
{"level":"DEBUG","location":"[get_call:140] fyersModel","message":{"Status Code":200,"API":"/positions"},"timestamp":"2025-05-14 10:08:31,089+0530","service":"FyersAPIRequest"}
{"level":"DEBUG","location":"[get_call:140] fyersModel","message":{"Status Code":200,"API":"/positions"},"timestamp":"2025-05-14 10:08:34,149+0530","service":"FyersAPIRequest"}
{"level":"DEBUG","location":"[get_call:140] fyersModel","message":{"Status Code":200,"API":"/positions"},"timestamp":"2025-05-14 10:08:37,140+0530","service":"FyersAPIRequest"}
{"level":"DEBUG","location":"[get_call:140] fyersModel","message":{"Status Code":200,"API":"/positions"},"timestamp":"2025-05-14 10:08:40,209+0530","service":"FyersAPIRequest"}
{"level":"DEBUG","location":"[get_call:140] fyersModel","message":{"Status Code":200,"API":"/positions"},"timestamp":"2025-05-14 10:08:43,880+0530","service":"FyersAPIRequest"}
{"level":"DEBUG","location":"[get_call:140] fyersModel","message":{"Status Code":200,"API":"/positions"},"timestamp":"2025-05-14 10:08:46,937+0530","service":"FyersAPIRequest"}
{"level":"DEBUG","location":"[get_call:140] fyersModel","message":{"Status Code":200,"API":"/positions"},"timestamp":"2025-05-14 10:08:49,915+0530","service":"FyersAPIRequest"}
{"level":"DEBUG","location":"[get_call:140] fyersModel","message":{"Status Code":200,"API":"/positions"},"timestamp":"2025-05-14 10:08:52,956+0530","service":"FyersAPIRequest"}
{"level":"DEBUG","location":"[get_call:140] fyersModel","message":{"Status Code":200,"API":"/positions"},"timestamp":"2025-05-14 10:08:55,914+0530","service":"FyersAPIRequest"}
{"level":"DEBUG","location":"[get_call:140] fyersModel","message":{"Status Code":200,"API":"/positions"},"timestamp":"2025-05-14 10:08:58,920+0530","service":"FyersAPIRequest"}
{"level":"DEBUG","location":"[get_call:140] fyersModel","message":{"Status Code":200,"API":"/positions"},"timestamp":"2025-05-14 10:09:01,909+0530","service":"FyersAPIRequest"}
{"level":"DEBUG","location":"[get_call:140] fyersModel","message":{"Status Code":200,"API":"/positions"},"timestamp":"2025-05-14 10:09:04,931+0530","service":"FyersAPIRequest"}
{"level":"DEBUG","location":"[get_call:140] fyersModel","message":{"Status Code":200,"API":"/positions"},"timestamp":"2025-05-14 10:09:07,978+0530","service":"FyersAPIRequest"}
{"level":"DEBUG","location":"[get_call:140] fyersModel","message":{"Status Code":200,"API":"/positions"},"timestamp":"2025-05-14 10:09:10,991+0530","service":"FyersAPIRequest"}
{"level":"DEBUG","location":"[get_call:140] fyersModel","message":{"Status Code":200,"API":"/positions"},"timestamp":"2025-05-14 10:09:14,019+0530","service":"FyersAPIRequest"}
{"level":"DEBUG","location":"[get_call:140] fyersModel","message":{"Status Code":200,"API":"/positions"},"timestamp":"2025-05-14 10:09:17,031+0530","service":"FyersAPIRequest"}
{"level":"DEBUG","location":"[get_call:140] fyersModel","message":{"Status Code":200,"API":"/positions"},"timestamp":"2025-05-14 10:09:20,083+0530","service":"FyersAPIRequest"}
{"level":"DEBUG","location":"[get_call:140] fyersModel","message":{"Status Code":200,"API":"/positions"},"timestamp":"2025-05-14 10:09:23,103+0530","service":"FyersAPIRequest"}
{"level":"DEBUG","location":"[get_call:140] fyersModel","message":{"Status Code":200,"API":"/positions"},"timestamp":"2025-05-14 10:09:26,123+0530","service":"FyersAPIRequest"}
{"level":"DEBUG","location":"[get_call:140] fyersModel","message":{"Status Code":200,"API":"/positions"},"timestamp":"2025-05-14 10:09:29,152+0530","service":"FyersAPIRequest"}
{"level":"DEBUG","location":"[get_call:140] fyersModel","message":{"Status Code":200,"API":"/positions"},"timestamp":"2025-05-14 10:09:31,736+0530","service":"FyersAPIRequest"}
{"level":"DEBUG","location":"[get_call:140] fyersModel","message":{"Status Code":200,"API":"/positions"},"timestamp":"2025-05-14 10:09:34,239+0530","service":"FyersAPIRequest"}
{"level":"DEBUG","location":"[get_call:140] fyersModel","message":{"Status Code":200,"API":"/positions"},"timestamp":"2025-05-14 10:09:36,747+0530","service":"FyersAPIRequest"}
{"level":"DEBUG","location":"[get_call:140] fyersModel","message":{"Status Code":200,"API":"/positions"},"timestamp":"2025-05-14 10:09:39,795+0530","service":"FyersAPIRequest"}
{"level":"DEBUG","location":"[get_call:140] fyersModel","message":{"Status Code":200,"API":"/positions"},"timestamp":"2025-05-14 10:09:42,338+0530","service":"FyersAPIRequest"}
{"level":"DEBUG","location":"[get_call:140] fyersModel","message":{"Status Code":200,"API":"/positions"},"timestamp":"2025-05-14 10:09:44,883+0530","service":"FyersAPIRequest"}
{"level":"DEBUG","location":"[get_call:140] fyersModel","message":{"Status Code":200,"API":"/positions"},"timestamp":"2025-05-14 10:09:47,389+0530","service":"FyersAPIRequest"}
{"level":"DEBUG","location":"[get_call:140] fyersModel","message":{"Status Code":200,"API":"/positions"},"timestamp":"2025-05-14 10:09:49,919+0530","service":"FyersAPIRequest"}
{"level":"DEBUG","location":"[get_call:140] fyersModel","message":{"Status Code":200,"API":"/positions"},"timestamp":"2025-05-14 10:09:52,427+0530","service":"FyersAPIRequest"}
{"level":"DEBUG","location":"[get_call:140] fyersModel","message":{"Status Code":200,"API":"/positions"},"timestamp":"2025-05-14 10:09:54,926+0530","service":"FyersAPIRequest"}
{"level":"DEBUG","location":"[get_call:140] fyersModel","message":{"Status Code":200,"API":"/positions"},"timestamp":"2025-05-14 10:09:57,433+0530","service":"FyersAPIRequest"}
{"level":"DEBUG","location":"[get_call:140] fyersModel","message":{"Status Code":200,"API":"/positions"},"timestamp":"2025-05-14 10:09:59,948+0530","service":"FyersAPIRequest"}
{"level":"DEBUG","location":"[get_call:140] fyersModel","message":{"Status Code":200,"API":"/positions"},"timestamp":"2025-05-14 10:10:02,446+0530","service":"FyersAPIRequest"}
{"level":"DEBUG","location":"[get_call:140] fyersModel","message":{"Status Code":200,"API":"/positions"},"timestamp":"2025-05-14 10:10:04,947+0530","service":"FyersAPIRequest"}
{"level":"DEBUG","location":"[get_call:140] fyersModel","message":{"Status Code":200,"API":"/positions"},"timestamp":"2025-05-14 10:10:07,448+0530","service":"FyersAPIRequest"}
{"level":"DEBUG","location":"[get_call:140] fyersModel","message":{"Status Code":200,"API":"/positions"},"timestamp":"2025-05-14 10:10:09,962+0530","service":"FyersAPIRequest"}
{"level":"DEBUG","location":"[get_call:140] fyersModel","message":{"Status Code":200,"API":"/positions"},"timestamp":"2025-05-14 10:10:12,966+0530","service":"FyersAPIRequest"}
{"level":"DEBUG","location":"[get_call:140] fyersModel","message":{"Status Code":200,"API":"/positions"},"timestamp":"2025-05-14 10:10:15,463+0530","service":"FyersAPIRequest"}
{"level":"DEBUG","location":"[get_call:140] fyersModel","message":{"Status Code":200,"API":"/positions"},"timestamp":"2025-05-14 10:10:17,968+0530","service":"FyersAPIRequest"}
{"level":"DEBUG","location":"[get_call:140] fyersModel","message":{"Status Code":200,"API":"/positions"},"timestamp":"2025-05-14 10:10:20,980+0530","service":"FyersAPIRequest"}
{"level":"DEBUG","location":"[get_call:140] fyersModel","message":{"Status Code":200,"API":"/positions"},"timestamp":"2025-05-14 10:10:23,476+0530","service":"FyersAPIRequest"}
{"level":"DEBUG","location":"[get_call:140] fyersModel","message":{"Status Code":200,"API":"/positions"},"timestamp":"2025-05-14 10:10:25,994+0530","service":"FyersAPIRequest"}
{"level":"DEBUG","location":"[get_call:140] fyersModel","message":{"Status Code":200,"API":"/positions"},"timestamp":"2025-05-14 10:10:28,517+0530","service":"FyersAPIRequest"}
{"level":"DEBUG","location":"[get_call:140] fyersModel","message":{"Status Code":200,"API":"/positions"},"timestamp":"2025-05-14 10:10:31,558+0530","service":"FyersAPIRequest"}
{"level":"DEBUG","location":"[get_call:140] fyersModel","message":{"Status Code":200,"API":"/positions"},"timestamp":"2025-05-14 10:10:34,061+0530","service":"FyersAPIRequest"}
{"level":"DEBUG","location":"[get_call:140] fyersModel","message":{"Status Code":200,"API":"/positions"},"timestamp":"2025-05-14 10:10:36,562+0530","service":"FyersAPIRequest"}
{"level":"DEBUG","location":"[get_call:140] fyersModel","message":{"Status Code":200,"API":"/positions"},"timestamp":"2025-05-14 10:10:39,060+0530","service":"FyersAPIRequest"}
{"level":"DEBUG","location":"[get_call:140] fyersModel","message":{"Status Code":200,"API":"/positions"},"timestamp":"2025-05-14 10:10:41,574+0530","service":"FyersAPIRequest"}
{"level":"DEBUG","location":"[get_call:140] fyersModel","message":{"Status Code":200,"API":"/positions"},"timestamp":"2025-05-14 10:10:44,063+0530","service":"FyersAPIRequest"}
{"level":"DEBUG","location":"[get_call:140] fyersModel","message":{"Status Code":200,"API":"/positions"},"timestamp":"2025-05-14 10:10:46,566+0530","service":"FyersAPIRequest"}
{"level":"DEBUG","location":"[get_call:140] fyersModel","message":{"Status Code":200,"API":"/positions"},"timestamp":"2025-05-14 10:10:49,068+0530","service":"FyersAPIRequest"}
{"level":"DEBUG","location":"[get_call:140] fyersModel","message":{"Status Code":200,"API":"/positions"},"timestamp":"2025-05-14 10:10:51,574+0530","service":"FyersAPIRequest"}
{"level":"DEBUG","location":"[get_call:140] fyersModel","message":{"Status Code":200,"API":"/positions"},"timestamp":"2025-05-14 10:10:54,075+0530","service":"FyersAPIRequest"}
{"level":"DEBUG","location":"[get_call:140] fyersModel","message":{"Status Code":200,"API":"/positions"},"timestamp":"2025-05-14 10:10:56,586+0530","service":"FyersAPIRequest"}
{"level":"DEBUG","location":"[get_call:140] fyersModel","message":{"Status Code":200,"API":"/positions"},"timestamp":"2025-05-14 10:10:59,084+0530","service":"FyersAPIRequest"}
{"level":"DEBUG","location":"[get_call:140] fyersModel","message":{"Status Code":200,"API":"/positions"},"timestamp":"2025-05-14 10:11:01,588+0530","service":"FyersAPIRequest"}
{"level":"DEBUG","location":"[get_call:140] fyersModel","message":{"Status Code":200,"API":"/positions"},"timestamp":"2025-05-14 10:11:04,095+0530","service":"FyersAPIRequest"}
{"level":"DEBUG","location":"[get_call:140] fyersModel","message":{"Status Code":200,"API":"/positions"},"timestamp":"2025-05-14 10:11:06,601+0530","service":"FyersAPIRequest"}
{"level":"DEBUG","location":"[get_call:140] fyersModel","message":{"Status Code":200,"API":"/positions"},"timestamp":"2025-05-14 10:11:09,111+0530","service":"FyersAPIRequest"}
{"level":"DEBUG","location":"[get_call:140] fyersModel","message":{"Status Code":200,"API":"/positions"},"timestamp":"2025-05-14 10:11:11,624+0530","service":"FyersAPIRequest"}
{"level":"DEBUG","location":"[get_call:140] fyersModel","message":{"Status Code":200,"API":"/positions"},"timestamp":"2025-05-14 10:11:14,121+0530","service":"FyersAPIRequest"}
{"level":"DEBUG","location":"[get_call:140] fyersModel","message":{"Status Code":200,"API":"/positions"},"timestamp":"2025-05-14 10:11:16,641+0530","service":"FyersAPIRequest"}
{"level":"DEBUG","location":"[get_call:140] fyersModel","message":{"Status Code":200,"API":"/positions"},"timestamp":"2025-05-14 10:11:19,142+0530","service":"FyersAPIRequest"}
{"level":"DEBUG","location":"[get_call:140] fyersModel","message":{"Status Code":200,"API":"/positions"},"timestamp":"2025-05-14 10:11:21,644+0530","service":"FyersAPIRequest"}
{"level":"DEBUG","location":"[get_call:140] fyersModel","message":{"Status Code":200,"API":"/positions"},"timestamp":"2025-05-14 10:11:24,147+0530","service":"FyersAPIRequest"}
{"level":"DEBUG","location":"[get_call:140] fyersModel","message":{"Status Code":200,"API":"/positions"},"timestamp":"2025-05-14 10:11:26,646+0530","service":"FyersAPIRequest"}
{"level":"DEBUG","location":"[get_call:140] fyersModel","message":{"Status Code":200,"API":"/positions"},"timestamp":"2025-05-14 10:11:29,149+0530","service":"FyersAPIRequest"}
{"level":"DEBUG","location":"[get_call:140] fyersModel","message":{"Status Code":200,"API":"/positions"},"timestamp":"2025-05-14 10:11:32,152+0530","service":"FyersAPIRequest"}
{"level":"DEBUG","location":"[get_call:140] fyersModel","message":{"Status Code":200,"API":"/positions"},"timestamp":"2025-05-14 10:11:34,653+0530","service":"FyersAPIRequest"}
{"level":"DEBUG","location":"[get_call:140] fyersModel","message":{"Status Code":200,"API":"/positions"},"timestamp":"2025-05-14 10:11:37,155+0530","service":"FyersAPIRequest"}
{"level":"DEBUG","location":"[get_call:140] fyersModel","message":{"Status Code":200,"API":"/positions"},"timestamp":"2025-05-14 10:11:39,651+0530","service":"FyersAPIRequest"}
{"level":"DEBUG","location":"[get_call:140] fyersModel","message":{"Status Code":200,"API":"/positions"},"timestamp":"2025-05-14 10:11:42,151+0530","service":"FyersAPIRequest"}
{"level":"DEBUG","location":"[get_call:140] fyersModel","message":{"Status Code":200,"API":"/positions"},"timestamp":"2025-05-14 10:11:44,647+0530","service":"FyersAPIRequest"}
{"level":"DEBUG","location":"[get_call:140] fyersModel","message":{"Status Code":200,"API":"/positions"},"timestamp":"2025-05-14 10:11:47,153+0530","service":"FyersAPIRequest"}
{"level":"DEBUG","location":"[get_call:140] fyersModel","message":{"Status Code":200,"API":"/positions"},"timestamp":"2025-05-14 10:11:49,647+0530","service":"FyersAPIRequest"}
{"level":"DEBUG","location":"[get_call:140] fyersModel","message":{"Status Code":200,"API":"/positions"},"timestamp":"2025-05-14 10:11:52,149+0530","service":"FyersAPIRequest"}
{"level":"DEBUG","location":"[get_call:140] fyersModel","message":{"Status Code":200,"API":"/positions"},"timestamp":"2025-05-14 10:11:54,655+0530","service":"FyersAPIRequest"}
{"level":"DEBUG","location":"[get_call:140] fyersModel","message":{"Status Code":200,"API":"/positions"},"timestamp":"2025-05-14 10:11:57,148+0530","service":"FyersAPIRequest"}
{"level":"DEBUG","location":"[get_call:140] fyersModel","message":{"Status Code":200,"API":"/positions"},"timestamp":"2025-05-14 10:11:59,644+0530","service":"FyersAPIRequest"}
{"level":"DEBUG","location":"[get_call:140] fyersModel","message":{"Status Code":200,"API":"/positions"},"timestamp":"2025-05-14 10:12:02,151+0530","service":"FyersAPIRequest"}
{"level":"DEBUG","location":"[get_call:140] fyersModel","message":{"Status Code":200,"API":"/positions"},"timestamp":"2025-05-14 10:12:04,669+0530","service":"FyersAPIRequest"}
{"level":"DEBUG","location":"[get_call:140] fyersModel","message":{"Status Code":200,"API":"/positions"},"timestamp":"2025-05-14 10:12:07,688+0530","service":"FyersAPIRequest"}
{"level":"DEBUG","location":"[get_call:140] fyersModel","message":{"Status Code":200,"API":"/positions"},"timestamp":"2025-05-14 10:12:10,203+0530","service":"FyersAPIRequest"}
{"level":"DEBUG","location":"[get_call:140] fyersModel","message":{"Status Code":200,"API":"/positions"},"timestamp":"2025-05-14 10:12:12,711+0530","service":"FyersAPIRequest"}
{"level":"DEBUG","location":"[get_call:140] fyersModel","message":{"Status Code":200,"API":"/positions"},"timestamp":"2025-05-14 10:12:15,212+0530","service":"FyersAPIRequest"}
{"level":"DEBUG","location":"[get_call:140] fyersModel","message":{"Status Code":200,"API":"/positions"},"timestamp":"2025-05-14 10:12:17,707+0530","service":"FyersAPIRequest"}
{"level":"DEBUG","location":"[get_call:140] fyersModel","message":{"Status Code":200,"API":"/positions"},"timestamp":"2025-05-14 10:12:20,264+0530","service":"FyersAPIRequest"}
{"level":"DEBUG","location":"[get_call:140] fyersModel","message":{"Status Code":200,"API":"/positions"},"timestamp":"2025-05-14 10:12:22,763+0530","service":"FyersAPIRequest"}
{"level":"DEBUG","location":"[get_call:140] fyersModel","message":{"Status Code":200,"API":"/positions"},"timestamp":"2025-05-14 10:12:25,273+0530","service":"FyersAPIRequest"}
{"level":"DEBUG","location":"[get_call:140] fyersModel","message":{"Status Code":200,"API":"/positions"},"timestamp":"2025-05-14 10:12:27,774+0530","service":"FyersAPIRequest"}
{"level":"DEBUG","location":"[get_call:140] fyersModel","message":{"Status Code":200,"API":"/positions"},"timestamp":"2025-05-14 10:12:30,271+0530","service":"FyersAPIRequest"}
{"level":"DEBUG","location":"[get_call:140] fyersModel","message":{"Status Code":200,"API":"/positions"},"timestamp":"2025-05-14 10:12:32,769+0530","service":"FyersAPIRequest"}
{"level":"DEBUG","location":"[get_call:140] fyersModel","message":{"Status Code":200,"API":"/positions"},"timestamp":"2025-05-14 10:12:35,788+0530","service":"FyersAPIRequest"}
{"level":"DEBUG","location":"[get_call:140] fyersModel","message":{"Status Code":200,"API":"/positions"},"timestamp":"2025-05-14 10:12:38,293+0530","service":"FyersAPIRequest"}
{"level":"DEBUG","location":"[get_call:140] fyersModel","message":{"Status Code":200,"API":"/positions"},"timestamp":"2025-05-14 10:12:40,796+0530","service":"FyersAPIRequest"}
{"level":"DEBUG","location":"[get_call:140] fyersModel","message":{"Status Code":200,"API":"/positions"},"timestamp":"2025-05-14 10:12:43,301+0530","service":"FyersAPIRequest"}
{"level":"DEBUG","location":"[get_call:140] fyersModel","message":{"Status Code":200,"API":"/positions"},"timestamp":"2025-05-14 10:12:45,809+0530","service":"FyersAPIRequest"}
{"level":"DEBUG","location":"[get_call:140] fyersModel","message":{"Status Code":200,"API":"/positions"},"timestamp":"2025-05-14 10:12:48,326+0530","service":"FyersAPIRequest"}
{"level":"DEBUG","location":"[get_call:140] fyersModel","message":{"Status Code":200,"API":"/positions"},"timestamp":"2025-05-14 10:12:50,833+0530","service":"FyersAPIRequest"}
{"level":"DEBUG","location":"[get_call:140] fyersModel","message":{"Status Code":200,"API":"/positions"},"timestamp":"2025-05-14 10:12:53,823+0530","service":"FyersAPIRequest"}
{"level":"DEBUG","location":"[get_call:140] fyersModel","message":{"Status Code":200,"API":"/positions"},"timestamp":"2025-05-14 10:12:56,345+0530","service":"FyersAPIRequest"}
{"level":"DEBUG","location":"[get_call:140] fyersModel","message":{"Status Code":200,"API":"/positions"},"timestamp":"2025-05-14 10:12:58,860+0530","service":"FyersAPIRequest"}
{"level":"DEBUG","location":"[get_call:140] fyersModel","message":{"Status Code":200,"API":"/positions"},"timestamp":"2025-05-14 10:13:01,904+0530","service":"FyersAPIRequest"}
{"level":"DEBUG","location":"[get_call:140] fyersModel","message":{"Status Code":200,"API":"/positions"},"timestamp":"2025-05-14 10:13:04,893+0530","service":"FyersAPIRequest"}
{"level":"DEBUG","location":"[get_call:140] fyersModel","message":{"Status Code":200,"API":"/positions"},"timestamp":"2025-05-14 10:13:07,390+0530","service":"FyersAPIRequest"}
{"level":"DEBUG","location":"[get_call:140] fyersModel","message":{"Status Code":200,"API":"/positions"},"timestamp":"2025-05-14 10:13:10,057+0530","service":"FyersAPIRequest"}
{"level":"DEBUG","location":"[get_call:140] fyersModel","message":{"Status Code":200,"API":"/positions"},"timestamp":"2025-05-14 10:13:12,559+0530","service":"FyersAPIRequest"}
{"level":"DEBUG","location":"[get_call:140] fyersModel","message":{"Status Code":200,"API":"/positions"},"timestamp":"2025-05-14 10:13:15,075+0530","service":"FyersAPIRequest"}
{"level":"DEBUG","location":"[get_call:140] fyersModel","message":{"Status Code":200,"API":"/positions"},"timestamp":"2025-05-14 10:13:17,687+0530","service":"FyersAPIRequest"}
{"level":"DEBUG","location":"[get_call:140] fyersModel","message":{"Status Code":200,"API":"/positions"},"timestamp":"2025-05-14 10:13:20,196+0530","service":"FyersAPIRequest"}
{"level":"DEBUG","location":"[get_call:140] fyersModel","message":{"Status Code":200,"API":"/positions"},"timestamp":"2025-05-14 10:13:22,710+0530","service":"FyersAPIRequest"}
{"level":"DEBUG","location":"[get_call:140] fyersModel","message":{"Status Code":200,"API":"/positions"},"timestamp":"2025-05-14 10:13:25,214+0530","service":"FyersAPIRequest"}
{"level":"DEBUG","location":"[get_call:140] fyersModel","message":{"Status Code":200,"API":"/positions"},"timestamp":"2025-05-14 10:13:27,721+0530","service":"FyersAPIRequest"}
{"level":"DEBUG","location":"[get_call:140] fyersModel","message":{"Status Code":200,"API":"/positions"},"timestamp":"2025-05-14 10:13:30,751+0530","service":"FyersAPIRequest"}
{"level":"DEBUG","location":"[get_call:140] fyersModel","message":{"Status Code":200,"API":"/positions"},"timestamp":"2025-05-14 10:13:33,272+0530","service":"FyersAPIRequest"}
{"level":"DEBUG","location":"[get_call:140] fyersModel","message":{"Status Code":200,"API":"/positions"},"timestamp":"2025-05-14 10:13:35,778+0530","service":"FyersAPIRequest"}
{"level":"DEBUG","location":"[get_call:140] fyersModel","message":{"Status Code":200,"API":"/positions"},"timestamp":"2025-05-14 10:13:38,787+0530","service":"FyersAPIRequest"}
{"level":"DEBUG","location":"[get_call:140] fyersModel","message":{"Status Code":200,"API":"/positions"},"timestamp":"2025-05-14 10:13:41,292+0530","service":"FyersAPIRequest"}
{"level":"DEBUG","location":"[get_call:140] fyersModel","message":{"Status Code":200,"API":"/positions"},"timestamp":"2025-05-14 10:13:44,307+0530","service":"FyersAPIRequest"}
{"level":"DEBUG","location":"[get_call:140] fyersModel","message":{"Status Code":200,"API":"/positions"},"timestamp":"2025-05-14 10:13:47,273+0530","service":"FyersAPIRequest"}
{"level":"DEBUG","location":"[get_call:140] fyersModel","message":{"Status Code":200,"API":"/positions"},"timestamp":"2025-05-14 10:13:50,774+0530","service":"FyersAPIRequest"}
{"level":"DEBUG","location":"[get_call:140] fyersModel","message":{"Status Code":200,"API":"/positions"},"timestamp":"2025-05-14 10:13:53,788+0530","service":"FyersAPIRequest"}
{"level":"DEBUG","location":"[get_call:140] fyersModel","message":{"Status Code":200,"API":"/positions"},"timestamp":"2025-05-14 10:13:56,821+0530","service":"FyersAPIRequest"}
{"level":"DEBUG","location":"[get_call:140] fyersModel","message":{"Status Code":200,"API":"/positions"},"timestamp":"2025-05-14 10:13:59,806+0530","service":"FyersAPIRequest"}
{"level":"DEBUG","location":"[get_call:140] fyersModel","message":{"Status Code":200,"API":"/positions"},"timestamp":"2025-05-14 10:14:02,734+0530","service":"FyersAPIRequest"}
{"level":"DEBUG","location":"[get_call:140] fyersModel","message":{"Status Code":200,"API":"/positions"},"timestamp":"2025-05-14 10:14:05,766+0530","service":"FyersAPIRequest"}
{"level":"DEBUG","location":"[get_call:140] fyersModel","message":{"Status Code":200,"API":"/positions"},"timestamp":"2025-05-14 10:14:09,350+0530","service":"FyersAPIRequest"}
{"level":"DEBUG","location":"[get_call:140] fyersModel","message":{"Status Code":200,"API":"/positions"},"timestamp":"2025-05-14 10:14:12,377+0530","service":"FyersAPIRequest"}
{"level":"DEBUG","location":"[get_call:140] fyersModel","message":{"Status Code":200,"API":"/positions"},"timestamp":"2025-05-14 10:14:15,440+0530","service":"FyersAPIRequest"}
{"level":"DEBUG","location":"[get_call:140] fyersModel","message":{"Status Code":200,"API":"/positions"},"timestamp":"2025-05-14 10:14:18,596+0530","service":"FyersAPIRequest"}
{"level":"DEBUG","location":"[get_call:140] fyersModel","message":{"Status Code":200,"API":"/positions"},"timestamp":"2025-05-14 10:14:21,658+0530","service":"FyersAPIRequest"}
{"level":"DEBUG","location":"[get_call:140] fyersModel","message":{"Status Code":200,"API":"/positions"},"timestamp":"2025-05-14 10:14:24,662+0530","service":"FyersAPIRequest"}
{"level":"DEBUG","location":"[get_call:140] fyersModel","message":{"Status Code":200,"API":"/positions"},"timestamp":"2025-05-14 10:14:27,666+0530","service":"FyersAPIRequest"}
{"level":"DEBUG","location":"[get_call:140] fyersModel","message":{"Status Code":200,"API":"/positions"},"timestamp":"2025-05-14 10:14:30,734+0530","service":"FyersAPIRequest"}
{"level":"DEBUG","location":"[get_call:140] fyersModel","message":{"Status Code":200,"API":"/positions"},"timestamp":"2025-05-14 10:14:33,746+0530","service":"FyersAPIRequest"}
{"level":"DEBUG","location":"[get_call:140] fyersModel","message":{"Status Code":200,"API":"/positions"},"timestamp":"2025-05-14 10:14:36,744+0530","service":"FyersAPIRequest"}
{"level":"DEBUG","location":"[get_call:140] fyersModel","message":{"Status Code":200,"API":"/positions"},"timestamp":"2025-05-14 10:14:39,770+0530","service":"FyersAPIRequest"}
{"level":"DEBUG","location":"[get_call:140] fyersModel","message":{"Status Code":200,"API":"/positions"},"timestamp":"2025-05-14 10:14:42,752+0530","service":"FyersAPIRequest"}
{"level":"DEBUG","location":"[get_call:140] fyersModel","message":{"Status Code":200,"API":"/positions"},"timestamp":"2025-05-14 10:14:45,735+0530","service":"FyersAPIRequest"}
{"level":"DEBUG","location":"[get_call:140] fyersModel","message":{"Status Code":200,"API":"/positions"},"timestamp":"2025-05-14 10:14:48,750+0530","service":"FyersAPIRequest"}
{"level":"DEBUG","location":"[get_call:140] fyersModel","message":{"Status Code":200,"API":"/positions"},"timestamp":"2025-05-14 10:14:51,779+0530","service":"FyersAPIRequest"}
{"level":"DEBUG","location":"[get_call:140] fyersModel","message":{"Status Code":200,"API":"/positions"},"timestamp":"2025-05-14 10:14:54,806+0530","service":"FyersAPIRequest"}
{"level":"DEBUG","location":"[get_call:140] fyersModel","message":{"Status Code":200,"API":"/positions"},"timestamp":"2025-05-14 10:14:57,820+0530","service":"FyersAPIRequest"}
{"level":"DEBUG","location":"[get_call:140] fyersModel","message":{"Status Code":200,"API":"/positions"},"timestamp":"2025-05-14 10:15:00,861+0530","service":"FyersAPIRequest"}
{"level":"DEBUG","location":"[get_call:140] fyersModel","message":{"Status Code":200,"API":"/positions"},"timestamp":"2025-05-14 10:15:03,867+0530","service":"FyersAPIRequest"}
{"level":"DEBUG","location":"[get_call:140] fyersModel","message":{"Status Code":200,"API":"/positions"},"timestamp":"2025-05-14 10:15:06,875+0530","service":"FyersAPIRequest"}
{"level":"DEBUG","location":"[get_call:140] fyersModel","message":{"Status Code":200,"API":"/positions"},"timestamp":"2025-05-14 10:15:09,858+0530","service":"FyersAPIRequest"}
{"level":"DEBUG","location":"[get_call:140] fyersModel","message":{"Status Code":200,"API":"/positions"},"timestamp":"2025-05-14 10:15:12,881+0530","service":"FyersAPIRequest"}
{"level":"DEBUG","location":"[get_call:140] fyersModel","message":{"Status Code":200,"API":"/positions"},"timestamp":"2025-05-14 10:15:15,668+0530","service":"FyersAPIRequest"}
{"level":"DEBUG","location":"[get_call:140] fyersModel","message":{"Status Code":200,"API":"/positions"},"timestamp":"2025-05-14 10:15:18,674+0530","service":"FyersAPIRequest"}
{"level":"DEBUG","location":"[get_call:140] fyersModel","message":{"Status Code":200,"API":"/positions"},"timestamp":"2025-05-14 10:15:21,688+0530","service":"FyersAPIRequest"}
{"level":"DEBUG","location":"[get_call:140] fyersModel","message":{"Status Code":200,"API":"/positions"},"timestamp":"2025-05-14 10:15:24,710+0530","service":"FyersAPIRequest"}
{"level":"DEBUG","location":"[get_call:140] fyersModel","message":{"Status Code":200,"API":"/positions"},"timestamp":"2025-05-14 10:15:27,737+0530","service":"FyersAPIRequest"}
{"level":"DEBUG","location":"[get_call:140] fyersModel","message":{"Status Code":200,"API":"/positions"},"timestamp":"2025-05-14 10:15:30,766+0530","service":"FyersAPIRequest"}
{"level":"DEBUG","location":"[get_call:140] fyersModel","message":{"Status Code":200,"API":"/positions"},"timestamp":"2025-05-14 10:15:33,755+0530","service":"FyersAPIRequest"}
{"level":"DEBUG","location":"[get_call:140] fyersModel","message":{"Status Code":200,"API":"/positions"},"timestamp":"2025-05-14 10:15:36,768+0530","service":"FyersAPIRequest"}
{"level":"DEBUG","location":"[get_call:140] fyersModel","message":{"Status Code":200,"API":"/positions"},"timestamp":"2025-05-14 10:15:39,809+0530","service":"FyersAPIRequest"}
{"level":"DEBUG","location":"[get_call:140] fyersModel","message":{"Status Code":200,"API":"/positions"},"timestamp":"2025-05-14 10:15:42,774+0530","service":"FyersAPIRequest"}
{"level":"DEBUG","location":"[get_call:140] fyersModel","message":{"Status Code":200,"API":"/positions"},"timestamp":"2025-05-14 10:15:46,299+0530","service":"FyersAPIRequest"}
{"level":"DEBUG","location":"[get_call:140] fyersModel","message":{"Status Code":200,"API":"/positions"},"timestamp":"2025-05-14 10:15:49,303+0530","service":"FyersAPIRequest"}
{"level":"DEBUG","location":"[get_call:140] fyersModel","message":{"Status Code":200,"API":"/positions"},"timestamp":"2025-05-14 10:15:52,288+0530","service":"FyersAPIRequest"}
{"level":"DEBUG","location":"[get_call:140] fyersModel","message":{"Status Code":200,"API":"/positions"},"timestamp":"2025-05-14 10:15:55,238+0530","service":"FyersAPIRequest"}
{"level":"DEBUG","location":"[get_call:140] fyersModel","message":{"Status Code":200,"API":"/positions"},"timestamp":"2025-05-14 10:15:58,262+0530","service":"FyersAPIRequest"}
{"level":"DEBUG","location":"[get_call:140] fyersModel","message":{"Status Code":200,"API":"/positions"},"timestamp":"2025-05-14 10:16:01,286+0530","service":"FyersAPIRequest"}
{"level":"DEBUG","location":"[get_call:140] fyersModel","message":{"Status Code":200,"API":"/positions"},"timestamp":"2025-05-14 10:16:04,368+0530","service":"FyersAPIRequest"}
{"level":"DEBUG","location":"[get_call:140] fyersModel","message":{"Status Code":200,"API":"/positions"},"timestamp":"2025-05-14 10:16:07,327+0530","service":"FyersAPIRequest"}
{"level":"DEBUG","location":"[get_call:140] fyersModel","message":{"Status Code":200,"API":"/positions"},"timestamp":"2025-05-14 10:16:10,827+0530","service":"FyersAPIRequest"}
{"level":"DEBUG","location":"[get_call:140] fyersModel","message":{"Status Code":200,"API":"/positions"},"timestamp":"2025-05-14 10:16:13,804+0530","service":"FyersAPIRequest"}
{"level":"DEBUG","location":"[get_call:140] fyersModel","message":{"Status Code":200,"API":"/positions"},"timestamp":"2025-05-14 10:16:16,818+0530","service":"FyersAPIRequest"}
{"level":"DEBUG","location":"[get_call:140] fyersModel","message":{"Status Code":200,"API":"/positions"},"timestamp":"2025-05-14 10:16:20,320+0530","service":"FyersAPIRequest"}
{"level":"DEBUG","location":"[get_call:140] fyersModel","message":{"Status Code":200,"API":"/positions"},"timestamp":"2025-05-14 10:16:23,338+0530","service":"FyersAPIRequest"}
{"level":"DEBUG","location":"[get_call:140] fyersModel","message":{"Status Code":200,"API":"/positions"},"timestamp":"2025-05-14 10:16:26,929+0530","service":"FyersAPIRequest"}
{"level":"DEBUG","location":"[get_call:140] fyersModel","message":{"Status Code":200,"API":"/positions"},"timestamp":"2025-05-14 10:16:30,003+0530","service":"FyersAPIRequest"}
{"level":"DEBUG","location":"[get_call:140] fyersModel","message":{"Status Code":200,"API":"/positions"},"timestamp":"2025-05-14 10:16:33,065+0530","service":"FyersAPIRequest"}
{"level":"DEBUG","location":"[get_call:140] fyersModel","message":{"Status Code":200,"API":"/positions"},"timestamp":"2025-05-14 10:16:36,095+0530","service":"FyersAPIRequest"}
{"level":"DEBUG","location":"[get_call:140] fyersModel","message":{"Status Code":200,"API":"/positions"},"timestamp":"2025-05-14 10:16:39,115+0530","service":"FyersAPIRequest"}
{"level":"DEBUG","location":"[get_call:140] fyersModel","message":{"Status Code":200,"API":"/positions"},"timestamp":"2025-05-14 10:16:42,162+0530","service":"FyersAPIRequest"}
{"level":"DEBUG","location":"[get_call:140] fyersModel","message":{"Status Code":200,"API":"/positions"},"timestamp":"2025-05-14 10:16:45,182+0530","service":"FyersAPIRequest"}
{"level":"DEBUG","location":"[get_call:140] fyersModel","message":{"Status Code":200,"API":"/positions"},"timestamp":"2025-05-14 10:16:48,204+0530","service":"FyersAPIRequest"}
{"level":"DEBUG","location":"[get_call:140] fyersModel","message":{"Status Code":200,"API":"/positions"},"timestamp":"2025-05-14 10:16:51,258+0530","service":"FyersAPIRequest"}
{"level":"DEBUG","location":"[get_call:140] fyersModel","message":{"Status Code":200,"API":"/positions"},"timestamp":"2025-05-14 10:16:54,290+0530","service":"FyersAPIRequest"}
{"level":"DEBUG","location":"[get_call:140] fyersModel","message":{"Status Code":200,"API":"/positions"},"timestamp":"2025-05-14 10:16:57,318+0530","service":"FyersAPIRequest"}
{"level":"DEBUG","location":"[get_call:140] fyersModel","message":{"Status Code":200,"API":"/positions"},"timestamp":"2025-05-14 10:17:00,317+0530","service":"FyersAPIRequest"}
{"level":"DEBUG","location":"[get_call:140] fyersModel","message":{"Status Code":200,"API":"/positions"},"timestamp":"2025-05-14 10:17:03,216+0530","service":"FyersAPIRequest"}
{"level":"DEBUG","location":"[get_call:140] fyersModel","message":{"Status Code":200,"API":"/positions"},"timestamp":"2025-05-14 10:17:06,749+0530","service":"FyersAPIRequest"}
{"level":"DEBUG","location":"[get_call:140] fyersModel","message":{"Status Code":200,"API":"/positions"},"timestamp":"2025-05-14 10:17:09,760+0530","service":"FyersAPIRequest"}
{"level":"DEBUG","location":"[get_call:140] fyersModel","message":{"Status Code":200,"API":"/positions"},"timestamp":"2025-05-14 10:17:12,777+0530","service":"FyersAPIRequest"}
{"level":"DEBUG","location":"[get_call:140] fyersModel","message":{"Status Code":200,"API":"/positions"},"timestamp":"2025-05-14 10:17:15,794+0530","service":"FyersAPIRequest"}
{"level":"DEBUG","location":"[get_call:140] fyersModel","message":{"Status Code":200,"API":"/positions"},"timestamp":"2025-05-14 10:17:18,832+0530","service":"FyersAPIRequest"}
{"level":"DEBUG","location":"[get_call:140] fyersModel","message":{"Status Code":200,"API":"/positions"},"timestamp":"2025-05-14 10:17:21,841+0530","service":"FyersAPIRequest"}
{"level":"DEBUG","location":"[get_call:140] fyersModel","message":{"Status Code":200,"API":"/positions"},"timestamp":"2025-05-14 10:17:24,863+0530","service":"FyersAPIRequest"}
{"level":"DEBUG","location":"[get_call:140] fyersModel","message":{"Status Code":200,"API":"/positions"},"timestamp":"2025-05-14 10:17:27,897+0530","service":"FyersAPIRequest"}
{"level":"DEBUG","location":"[get_call:140] fyersModel","message":{"Status Code":200,"API":"/positions"},"timestamp":"2025-05-14 10:17:31,472+0530","service":"FyersAPIRequest"}
{"level":"DEBUG","location":"[get_call:140] fyersModel","message":{"Status Code":200,"API":"/positions"},"timestamp":"2025-05-14 10:17:34,495+0530","service":"FyersAPIRequest"}
{"level":"DEBUG","location":"[get_call:140] fyersModel","message":{"Status Code":200,"API":"/positions"},"timestamp":"2025-05-14 10:17:37,557+0530","service":"FyersAPIRequest"}
{"level":"DEBUG","location":"[get_call:140] fyersModel","message":{"Status Code":200,"API":"/positions"},"timestamp":"2025-05-14 10:17:40,543+0530","service":"FyersAPIRequest"}
{"level":"DEBUG","location":"[get_call:140] fyersModel","message":{"Status Code":200,"API":"/positions"},"timestamp":"2025-05-14 10:17:43,547+0530","service":"FyersAPIRequest"}
{"level":"DEBUG","location":"[get_call:140] fyersModel","message":{"Status Code":200,"API":"/positions"},"timestamp":"2025-05-14 10:17:46,560+0530","service":"FyersAPIRequest"}
{"level":"DEBUG","location":"[get_call:140] fyersModel","message":{"Status Code":200,"API":"/positions"},"timestamp":"2025-05-14 10:17:49,575+0530","service":"FyersAPIRequest"}
{"level":"DEBUG","location":"[get_call:140] fyersModel","message":{"Status Code":200,"API":"/positions"},"timestamp":"2025-05-14 10:17:53,128+0530","service":"FyersAPIRequest"}
{"level":"DEBUG","location":"[get_call:140] fyersModel","message":{"Status Code":200,"API":"/positions"},"timestamp":"2025-05-14 10:17:56,150+0530","service":"FyersAPIRequest"}
{"level":"DEBUG","location":"[get_call:140] fyersModel","message":{"Status Code":200,"API":"/positions"},"timestamp":"2025-05-14 10:17:59,173+0530","service":"FyersAPIRequest"}
{"level":"DEBUG","location":"[get_call:140] fyersModel","message":{"Status Code":200,"API":"/positions"},"timestamp":"2025-05-14 10:18:02,004+0530","service":"FyersAPIRequest"}
{"level":"DEBUG","location":"[get_call:140] fyersModel","message":{"Status Code":200,"API":"/positions"},"timestamp":"2025-05-14 10:18:05,046+0530","service":"FyersAPIRequest"}
{"level":"DEBUG","location":"[get_call:140] fyersModel","message":{"Status Code":200,"API":"/positions"},"timestamp":"2025-05-14 10:18:08,063+0530","service":"FyersAPIRequest"}
{"level":"DEBUG","location":"[get_call:140] fyersModel","message":{"Status Code":200,"API":"/positions"},"timestamp":"2025-05-14 10:18:11,097+0530","service":"FyersAPIRequest"}
{"level":"DEBUG","location":"[get_call:140] fyersModel","message":{"Status Code":200,"API":"/positions"},"timestamp":"2025-05-14 10:18:14,130+0530","service":"FyersAPIRequest"}
{"level":"DEBUG","location":"[get_call:140] fyersModel","message":{"Status Code":200,"API":"/positions"},"timestamp":"2025-05-14 10:18:17,161+0530","service":"FyersAPIRequest"}
{"level":"DEBUG","location":"[get_call:140] fyersModel","message":{"Status Code":200,"API":"/positions"},"timestamp":"2025-05-14 10:18:20,174+0530","service":"FyersAPIRequest"}
{"level":"DEBUG","location":"[get_call:140] fyersModel","message":{"Status Code":200,"API":"/positions"},"timestamp":"2025-05-14 10:18:23,202+0530","service":"FyersAPIRequest"}
{"level":"DEBUG","location":"[get_call:140] fyersModel","message":{"Status Code":200,"API":"/positions"},"timestamp":"2025-05-14 10:18:26,702+0530","service":"FyersAPIRequest"}
{"level":"DEBUG","location":"[get_call:140] fyersModel","message":{"Status Code":200,"API":"/positions"},"timestamp":"2025-05-14 10:18:29,704+0530","service":"FyersAPIRequest"}
{"level":"DEBUG","location":"[get_call:140] fyersModel","message":{"Status Code":200,"API":"/positions"},"timestamp":"2025-05-14 10:18:32,718+0530","service":"FyersAPIRequest"}
{"level":"DEBUG","location":"[get_call:140] fyersModel","message":{"Status Code":200,"API":"/positions"},"timestamp":"2025-05-14 10:18:35,742+0530","service":"FyersAPIRequest"}
{"level":"DEBUG","location":"[get_call:140] fyersModel","message":{"Status Code":200,"API":"/positions"},"timestamp":"2025-05-14 10:18:38,729+0530","service":"FyersAPIRequest"}
{"level":"DEBUG","location":"[get_call:140] fyersModel","message":{"Status Code":200,"API":"/positions"},"timestamp":"2025-05-14 10:18:41,766+0530","service":"FyersAPIRequest"}
{"level":"DEBUG","location":"[get_call:140] fyersModel","message":{"Status Code":200,"API":"/positions"},"timestamp":"2025-05-14 10:18:44,760+0530","service":"FyersAPIRequest"}
{"level":"DEBUG","location":"[get_call:140] fyersModel","message":{"Status Code":200,"API":"/positions"},"timestamp":"2025-05-14 10:18:47,779+0530","service":"FyersAPIRequest"}
{"level":"DEBUG","location":"[get_call:140] fyersModel","message":{"Status Code":200,"API":"/positions"},"timestamp":"2025-05-14 10:18:50,791+0530","service":"FyersAPIRequest"}
{"level":"DEBUG","location":"[get_call:140] fyersModel","message":{"Status Code":200,"API":"/positions"},"timestamp":"2025-05-14 10:18:53,831+0530","service":"FyersAPIRequest"}
{"level":"DEBUG","location":"[get_call:140] fyersModel","message":{"Status Code":200,"API":"/positions"},"timestamp":"2025-05-14 10:18:57,353+0530","service":"FyersAPIRequest"}
{"level":"DEBUG","location":"[get_call:140] fyersModel","message":{"Status Code":200,"API":"/positions"},"timestamp":"2025-05-14 10:19:00,368+0530","service":"FyersAPIRequest"}
{"level":"DEBUG","location":"[get_call:140] fyersModel","message":{"Status Code":200,"API":"/positions"},"timestamp":"2025-05-14 10:19:03,346+0530","service":"FyersAPIRequest"}
{"level":"DEBUG","location":"[get_call:140] fyersModel","message":{"Status Code":200,"API":"/positions"},"timestamp":"2025-05-14 10:19:06,535+0530","service":"FyersAPIRequest"}
{"level":"DEBUG","location":"[get_call:140] fyersModel","message":{"Status Code":200,"API":"/positions"},"timestamp":"2025-05-14 10:19:09,513+0530","service":"FyersAPIRequest"}
{"level":"DEBUG","location":"[get_call:140] fyersModel","message":{"Status Code":200,"API":"/positions"},"timestamp":"2025-05-14 10:19:13,027+0530","service":"FyersAPIRequest"}
{"level":"DEBUG","location":"[get_call:140] fyersModel","message":{"Status Code":200,"API":"/positions"},"timestamp":"2025-05-14 10:19:16,083+0530","service":"FyersAPIRequest"}
{"level":"DEBUG","location":"[get_call:140] fyersModel","message":{"Status Code":200,"API":"/positions"},"timestamp":"2025-05-14 10:19:19,142+0530","service":"FyersAPIRequest"}
{"level":"DEBUG","location":"[get_call:140] fyersModel","message":{"Status Code":200,"API":"/positions"},"timestamp":"2025-05-14 10:19:22,168+0530","service":"FyersAPIRequest"}
{"level":"DEBUG","location":"[get_call:140] fyersModel","message":{"Status Code":200,"API":"/positions"},"timestamp":"2025-05-14 10:19:25,211+0530","service":"FyersAPIRequest"}
{"level":"DEBUG","location":"[get_call:140] fyersModel","message":{"Status Code":200,"API":"/positions"},"timestamp":"2025-05-14 10:19:28,236+0530","service":"FyersAPIRequest"}
{"level":"DEBUG","location":"[get_call:140] fyersModel","message":{"Status Code":200,"API":"/positions"},"timestamp":"2025-05-14 10:19:31,250+0530","service":"FyersAPIRequest"}
{"level":"DEBUG","location":"[get_call:140] fyersModel","message":{"Status Code":200,"API":"/positions"},"timestamp":"2025-05-14 10:19:34,293+0530","service":"FyersAPIRequest"}
{"level":"DEBUG","location":"[get_call:140] fyersModel","message":{"Status Code":200,"API":"/positions"},"timestamp":"2025-05-14 10:19:37,306+0530","service":"FyersAPIRequest"}
{"level":"DEBUG","location":"[get_call:140] fyersModel","message":{"Status Code":200,"API":"/positions"},"timestamp":"2025-05-14 10:19:40,324+0530","service":"FyersAPIRequest"}
{"level":"DEBUG","location":"[get_call:140] fyersModel","message":{"Status Code":200,"API":"/positions"},"timestamp":"2025-05-14 10:19:43,337+0530","service":"FyersAPIRequest"}
{"level":"DEBUG","location":"[get_call:140] fyersModel","message":{"Status Code":200,"API":"/positions"},"timestamp":"2025-05-14 10:19:46,343+0530","service":"FyersAPIRequest"}
{"level":"DEBUG","location":"[get_call:140] fyersModel","message":{"Status Code":200,"API":"/quotes"},"timestamp":"2025-05-14 10:24:36,455+0530","service":"FyersAPIRequest"}
{"level":"DEBUG","location":"[post_call:81] fyersModel","message":{"Status Code":200,"API":"/orders/sync"},"timestamp":"2025-05-14 10:24:37,019+0530","service":"FyersAPIRequest"}
{"level":"DEBUG","location":"[post_call:81] fyersModel","message":{"Status Code":200,"API":"/orders/sync"},"timestamp":"2025-05-14 10:24:37,567+0530","service":"FyersAPIRequest"}
{"level":"DEBUG","location":"[get_call:140] fyersModel","message":{"Status Code":200,"API":"/positions"},"timestamp":"2025-05-14 10:24:38,062+0530","service":"FyersAPIRequest"}
{"level":"DEBUG","location":"[get_call:140] fyersModel","message":{"Status Code":200,"API":"/positions"},"timestamp":"2025-05-14 10:24:40,570+0530","service":"FyersAPIRequest"}
{"level":"DEBUG","location":"[get_call:140] fyersModel","message":{"Status Code":200,"API":"/positions"},"timestamp":"2025-05-14 10:24:43,065+0530","service":"FyersAPIRequest"}
{"level":"DEBUG","location":"[get_call:140] fyersModel","message":{"Status Code":200,"API":"/positions"},"timestamp":"2025-05-14 10:24:45,558+0530","service":"FyersAPIRequest"}
{"level":"DEBUG","location":"[get_call:140] fyersModel","message":{"Status Code":200,"API":"/positions"},"timestamp":"2025-05-14 10:24:48,056+0530","service":"FyersAPIRequest"}
{"level":"DEBUG","location":"[get_call:140] fyersModel","message":{"Status Code":200,"API":"/positions"},"timestamp":"2025-05-14 10:24:51,100+0530","service":"FyersAPIRequest"}
{"level":"DEBUG","location":"[get_call:140] fyersModel","message":{"Status Code":200,"API":"/positions"},"timestamp":"2025-05-14 10:24:54,153+0530","service":"FyersAPIRequest"}
{"level":"DEBUG","location":"[get_call:140] fyersModel","message":{"Status Code":200,"API":"/positions"},"timestamp":"2025-05-14 10:24:57,205+0530","service":"FyersAPIRequest"}
{"level":"DEBUG","location":"[get_call:140] fyersModel","message":{"Status Code":200,"API":"/positions"},"timestamp":"2025-05-14 10:25:00,253+0530","service":"FyersAPIRequest"}
{"level":"DEBUG","location":"[get_call:140] fyersModel","message":{"Status Code":200,"API":"/positions"},"timestamp":"2025-05-14 10:25:03,300+0530","service":"FyersAPIRequest"}
{"level":"DEBUG","location":"[get_call:140] fyersModel","message":{"Status Code":200,"API":"/positions"},"timestamp":"2025-05-14 10:25:06,336+0530","service":"FyersAPIRequest"}
{"level":"DEBUG","location":"[get_call:140] fyersModel","message":{"Status Code":200,"API":"/positions"},"timestamp":"2025-05-14 10:25:08,835+0530","service":"FyersAPIRequest"}
{"level":"DEBUG","location":"[get_call:140] fyersModel","message":{"Status Code":200,"API":"/positions"},"timestamp":"2025-05-14 10:25:11,321+0530","service":"FyersAPIRequest"}
{"level":"DEBUG","location":"[get_call:140] fyersModel","message":{"Status Code":200,"API":"/positions"},"timestamp":"2025-05-14 10:25:13,837+0530","service":"FyersAPIRequest"}
{"level":"DEBUG","location":"[get_call:140] fyersModel","message":{"Status Code":200,"API":"/positions"},"timestamp":"2025-05-14 10:25:16,346+0530","service":"FyersAPIRequest"}
{"level":"DEBUG","location":"[get_call:140] fyersModel","message":{"Status Code":200,"API":"/positions"},"timestamp":"2025-05-14 10:25:18,850+0530","service":"FyersAPIRequest"}
{"level":"DEBUG","location":"[get_call:140] fyersModel","message":{"Status Code":200,"API":"/positions"},"timestamp":"2025-05-14 10:25:21,364+0530","service":"FyersAPIRequest"}
{"level":"DEBUG","location":"[get_call:140] fyersModel","message":{"Status Code":200,"API":"/positions"},"timestamp":"2025-05-14 10:25:23,864+0530","service":"FyersAPIRequest"}
{"level":"DEBUG","location":"[get_call:140] fyersModel","message":{"Status Code":200,"API":"/positions"},"timestamp":"2025-05-14 10:25:26,383+0530","service":"FyersAPIRequest"}
{"level":"DEBUG","location":"[get_call:140] fyersModel","message":{"Status Code":200,"API":"/positions"},"timestamp":"2025-05-14 10:25:28,907+0530","service":"FyersAPIRequest"}
{"level":"DEBUG","location":"[get_call:140] fyersModel","message":{"Status Code":200,"API":"/positions"},"timestamp":"2025-05-14 10:25:31,406+0530","service":"FyersAPIRequest"}
{"level":"DEBUG","location":"[get_call:140] fyersModel","message":{"Status Code":200,"API":"/positions"},"timestamp":"2025-05-14 10:25:33,898+0530","service":"FyersAPIRequest"}
{"level":"DEBUG","location":"[get_call:140] fyersModel","message":{"Status Code":200,"API":"/positions"},"timestamp":"2025-05-14 10:25:36,395+0530","service":"FyersAPIRequest"}
{"level":"DEBUG","location":"[get_call:140] fyersModel","message":{"Status Code":200,"API":"/positions"},"timestamp":"2025-05-14 10:25:38,893+0530","service":"FyersAPIRequest"}
{"level":"DEBUG","location":"[get_call:140] fyersModel","message":{"Status Code":200,"API":"/positions"},"timestamp":"2025-05-14 10:25:41,404+0530","service":"FyersAPIRequest"}
{"level":"DEBUG","location":"[get_call:140] fyersModel","message":{"Status Code":200,"API":"/positions"},"timestamp":"2025-05-14 10:25:44,085+0530","service":"FyersAPIRequest"}
{"level":"DEBUG","location":"[get_call:140] fyersModel","message":{"Status Code":200,"API":"/positions"},"timestamp":"2025-05-14 10:25:46,595+0530","service":"FyersAPIRequest"}
{"level":"DEBUG","location":"[get_call:140] fyersModel","message":{"Status Code":200,"API":"/positions"},"timestamp":"2025-05-14 10:25:49,595+0530","service":"FyersAPIRequest"}
{"level":"DEBUG","location":"[get_call:140] fyersModel","message":{"Status Code":200,"API":"/positions"},"timestamp":"2025-05-14 10:25:52,602+0530","service":"FyersAPIRequest"}
{"level":"DEBUG","location":"[get_call:140] fyersModel","message":{"Status Code":200,"API":"/positions"},"timestamp":"2025-05-14 10:25:55,136+0530","service":"FyersAPIRequest"}
{"level":"DEBUG","location":"[get_call:140] fyersModel","message":{"Status Code":200,"API":"/positions"},"timestamp":"2025-05-14 10:25:57,627+0530","service":"FyersAPIRequest"}
{"level":"DEBUG","location":"[get_call:140] fyersModel","message":{"Status Code":200,"API":"/positions"},"timestamp":"2025-05-14 10:26:00,135+0530","service":"FyersAPIRequest"}
{"level":"DEBUG","location":"[get_call:140] fyersModel","message":{"Status Code":200,"API":"/positions"},"timestamp":"2025-05-14 10:26:02,631+0530","service":"FyersAPIRequest"}
{"level":"DEBUG","location":"[get_call:140] fyersModel","message":{"Status Code":200,"API":"/positions"},"timestamp":"2025-05-14 10:26:05,144+0530","service":"FyersAPIRequest"}
{"level":"DEBUG","location":"[get_call:140] fyersModel","message":{"Status Code":200,"API":"/positions"},"timestamp":"2025-05-14 10:26:07,641+0530","service":"FyersAPIRequest"}
{"level":"DEBUG","location":"[get_call:140] fyersModel","message":{"Status Code":200,"API":"/positions"},"timestamp":"2025-05-14 10:26:10,147+0530","service":"FyersAPIRequest"}
{"level":"DEBUG","location":"[get_call:140] fyersModel","message":{"Status Code":200,"API":"/positions"},"timestamp":"2025-05-14 10:26:12,651+0530","service":"FyersAPIRequest"}
{"level":"DEBUG","location":"[get_call:140] fyersModel","message":{"Status Code":200,"API":"/positions"},"timestamp":"2025-05-14 10:26:15,164+0530","service":"FyersAPIRequest"}
{"level":"DEBUG","location":"[get_call:140] fyersModel","message":{"Status Code":200,"API":"/positions"},"timestamp":"2025-05-14 10:26:17,667+0530","service":"FyersAPIRequest"}
{"level":"DEBUG","location":"[get_call:140] fyersModel","message":{"Status Code":200,"API":"/positions"},"timestamp":"2025-05-14 10:26:20,171+0530","service":"FyersAPIRequest"}
{"level":"DEBUG","location":"[get_call:140] fyersModel","message":{"Status Code":200,"API":"/positions"},"timestamp":"2025-05-14 10:26:22,695+0530","service":"FyersAPIRequest"}
{"level":"DEBUG","location":"[get_call:140] fyersModel","message":{"Status Code":200,"API":"/positions"},"timestamp":"2025-05-14 10:26:25,200+0530","service":"FyersAPIRequest"}
{"level":"DEBUG","location":"[get_call:140] fyersModel","message":{"Status Code":200,"API":"/positions"},"timestamp":"2025-05-14 10:26:27,715+0530","service":"FyersAPIRequest"}
{"level":"DEBUG","location":"[get_call:140] fyersModel","message":{"Status Code":200,"API":"/positions"},"timestamp":"2025-05-14 10:26:30,199+0530","service":"FyersAPIRequest"}
{"level":"DEBUG","location":"[get_call:140] fyersModel","message":{"Status Code":200,"API":"/positions"},"timestamp":"2025-05-14 10:26:32,712+0530","service":"FyersAPIRequest"}
{"level":"DEBUG","location":"[get_call:140] fyersModel","message":{"Status Code":200,"API":"/positions"},"timestamp":"2025-05-14 10:26:35,209+0530","service":"FyersAPIRequest"}
{"level":"DEBUG","location":"[get_call:140] fyersModel","message":{"Status Code":200,"API":"/positions"},"timestamp":"2025-05-14 10:26:37,706+0530","service":"FyersAPIRequest"}
{"level":"DEBUG","location":"[get_call:140] fyersModel","message":{"Status Code":200,"API":"/positions"},"timestamp":"2025-05-14 10:26:40,746+0530","service":"FyersAPIRequest"}
{"level":"DEBUG","location":"[get_call:140] fyersModel","message":{"Status Code":200,"API":"/positions"},"timestamp":"2025-05-14 10:26:43,272+0530","service":"FyersAPIRequest"}
{"level":"DEBUG","location":"[get_call:140] fyersModel","message":{"Status Code":200,"API":"/positions"},"timestamp":"2025-05-14 10:26:45,781+0530","service":"FyersAPIRequest"}
{"level":"DEBUG","location":"[get_call:140] fyersModel","message":{"Status Code":200,"API":"/positions"},"timestamp":"2025-05-14 10:26:48,277+0530","service":"FyersAPIRequest"}
{"level":"DEBUG","location":"[get_call:140] fyersModel","message":{"Status Code":200,"API":"/positions"},"timestamp":"2025-05-14 10:26:50,788+0530","service":"FyersAPIRequest"}
{"level":"DEBUG","location":"[get_call:140] fyersModel","message":{"Status Code":200,"API":"/positions"},"timestamp":"2025-05-14 10:26:53,275+0530","service":"FyersAPIRequest"}
{"level":"DEBUG","location":"[get_call:140] fyersModel","message":{"Status Code":200,"API":"/positions"},"timestamp":"2025-05-14 10:26:55,769+0530","service":"FyersAPIRequest"}
{"level":"DEBUG","location":"[get_call:140] fyersModel","message":{"Status Code":200,"API":"/positions"},"timestamp":"2025-05-14 10:26:58,258+0530","service":"FyersAPIRequest"}
{"level":"DEBUG","location":"[get_call:140] fyersModel","message":{"Status Code":200,"API":"/positions"},"timestamp":"2025-05-14 10:27:00,758+0530","service":"FyersAPIRequest"}
{"level":"DEBUG","location":"[get_call:140] fyersModel","message":{"Status Code":200,"API":"/positions"},"timestamp":"2025-05-14 10:27:03,269+0530","service":"FyersAPIRequest"}
{"level":"DEBUG","location":"[get_call:140] fyersModel","message":{"Status Code":200,"API":"/positions"},"timestamp":"2025-05-14 10:27:05,769+0530","service":"FyersAPIRequest"}
{"level":"DEBUG","location":"[get_call:140] fyersModel","message":{"Status Code":200,"API":"/positions"},"timestamp":"2025-05-14 10:27:08,272+0530","service":"FyersAPIRequest"}
{"level":"DEBUG","location":"[get_call:140] fyersModel","message":{"Status Code":200,"API":"/positions"},"timestamp":"2025-05-14 10:27:10,769+0530","service":"FyersAPIRequest"}
{"level":"DEBUG","location":"[get_call:140] fyersModel","message":{"Status Code":200,"API":"/positions"},"timestamp":"2025-05-14 10:27:13,278+0530","service":"FyersAPIRequest"}
{"level":"DEBUG","location":"[get_call:140] fyersModel","message":{"Status Code":200,"API":"/positions"},"timestamp":"2025-05-14 10:27:15,792+0530","service":"FyersAPIRequest"}
{"level":"DEBUG","location":"[get_call:140] fyersModel","message":{"Status Code":200,"API":"/positions"},"timestamp":"2025-05-14 10:27:18,293+0530","service":"FyersAPIRequest"}
{"level":"DEBUG","location":"[get_call:140] fyersModel","message":{"Status Code":200,"API":"/positions"},"timestamp":"2025-05-14 10:27:20,792+0530","service":"FyersAPIRequest"}
{"level":"DEBUG","location":"[get_call:140] fyersModel","message":{"Status Code":200,"API":"/positions"},"timestamp":"2025-05-14 10:27:23,293+0530","service":"FyersAPIRequest"}
{"level":"DEBUG","location":"[get_call:140] fyersModel","message":{"Status Code":200,"API":"/positions"},"timestamp":"2025-05-14 10:27:25,791+0530","service":"FyersAPIRequest"}
{"level":"DEBUG","location":"[get_call:140] fyersModel","message":{"Status Code":200,"API":"/positions"},"timestamp":"2025-05-14 10:27:28,292+0530","service":"FyersAPIRequest"}
{"level":"DEBUG","location":"[get_call:140] fyersModel","message":{"Status Code":200,"API":"/positions"},"timestamp":"2025-05-14 10:27:30,797+0530","service":"FyersAPIRequest"}
{"level":"DEBUG","location":"[get_call:140] fyersModel","message":{"Status Code":200,"API":"/positions"},"timestamp":"2025-05-14 10:27:33,845+0530","service":"FyersAPIRequest"}
{"level":"DEBUG","location":"[get_call:140] fyersModel","message":{"Status Code":200,"API":"/positions"},"timestamp":"2025-05-14 10:27:36,348+0530","service":"FyersAPIRequest"}
{"level":"DEBUG","location":"[get_call:140] fyersModel","message":{"Status Code":200,"API":"/positions"},"timestamp":"2025-05-14 10:27:39,001+0530","service":"FyersAPIRequest"}
{"level":"DEBUG","location":"[get_call:140] fyersModel","message":{"Status Code":200,"API":"/positions"},"timestamp":"2025-05-14 10:27:41,519+0530","service":"FyersAPIRequest"}
{"level":"DEBUG","location":"[get_call:140] fyersModel","message":{"Status Code":200,"API":"/positions"},"timestamp":"2025-05-14 10:27:44,019+0530","service":"FyersAPIRequest"}
{"level":"DEBUG","location":"[get_call:140] fyersModel","message":{"Status Code":200,"API":"/positions"},"timestamp":"2025-05-14 10:27:46,531+0530","service":"FyersAPIRequest"}
{"level":"DEBUG","location":"[get_call:140] fyersModel","message":{"Status Code":200,"API":"/positions"},"timestamp":"2025-05-14 10:27:49,064+0530","service":"FyersAPIRequest"}
{"level":"DEBUG","location":"[get_call:140] fyersModel","message":{"Status Code":200,"API":"/positions"},"timestamp":"2025-05-14 10:27:52,066+0530","service":"FyersAPIRequest"}
{"level":"DEBUG","location":"[get_call:140] fyersModel","message":{"Status Code":200,"API":"/positions"},"timestamp":"2025-05-14 10:27:54,590+0530","service":"FyersAPIRequest"}
{"level":"DEBUG","location":"[get_call:140] fyersModel","message":{"Status Code":200,"API":"/positions"},"timestamp":"2025-05-14 10:27:57,095+0530","service":"FyersAPIRequest"}
{"level":"DEBUG","location":"[get_call:140] fyersModel","message":{"Status Code":200,"API":"/positions"},"timestamp":"2025-05-14 10:27:59,638+0530","service":"FyersAPIRequest"}
{"level":"DEBUG","location":"[get_call:140] fyersModel","message":{"Status Code":200,"API":"/positions"},"timestamp":"2025-05-14 10:28:02,141+0530","service":"FyersAPIRequest"}
{"level":"DEBUG","location":"[get_call:140] fyersModel","message":{"Status Code":200,"API":"/positions"},"timestamp":"2025-05-14 10:28:05,125+0530","service":"FyersAPIRequest"}
{"level":"DEBUG","location":"[get_call:140] fyersModel","message":{"Status Code":200,"API":"/positions"},"timestamp":"2025-05-14 10:28:07,624+0530","service":"FyersAPIRequest"}
{"level":"DEBUG","location":"[get_call:140] fyersModel","message":{"Status Code":200,"API":"/positions"},"timestamp":"2025-05-14 10:28:10,116+0530","service":"FyersAPIRequest"}
{"level":"DEBUG","location":"[get_call:140] fyersModel","message":{"Status Code":200,"API":"/positions"},"timestamp":"2025-05-14 10:28:12,615+0530","service":"FyersAPIRequest"}
{"level":"DEBUG","location":"[get_call:140] fyersModel","message":{"Status Code":200,"API":"/positions"},"timestamp":"2025-05-14 10:28:15,128+0530","service":"FyersAPIRequest"}
{"level":"DEBUG","location":"[get_call:140] fyersModel","message":{"Status Code":200,"API":"/positions"},"timestamp":"2025-05-14 10:28:17,636+0530","service":"FyersAPIRequest"}
{"level":"DEBUG","location":"[get_call:140] fyersModel","message":{"Status Code":200,"API":"/positions"},"timestamp":"2025-05-14 10:28:20,161+0530","service":"FyersAPIRequest"}
{"level":"DEBUG","location":"[get_call:140] fyersModel","message":{"Status Code":200,"API":"/positions"},"timestamp":"2025-05-14 10:28:22,678+0530","service":"FyersAPIRequest"}
{"level":"DEBUG","location":"[get_call:140] fyersModel","message":{"Status Code":200,"API":"/positions"},"timestamp":"2025-05-14 10:28:25,180+0530","service":"FyersAPIRequest"}
{"level":"DEBUG","location":"[get_call:140] fyersModel","message":{"Status Code":200,"API":"/positions"},"timestamp":"2025-05-14 10:28:27,684+0530","service":"FyersAPIRequest"}
{"level":"DEBUG","location":"[get_call:140] fyersModel","message":{"Status Code":200,"API":"/positions"},"timestamp":"2025-05-14 10:28:30,217+0530","service":"FyersAPIRequest"}
{"level":"DEBUG","location":"[get_call:140] fyersModel","message":{"Status Code":200,"API":"/positions"},"timestamp":"2025-05-14 10:28:32,712+0530","service":"FyersAPIRequest"}
{"level":"DEBUG","location":"[get_call:140] fyersModel","message":{"Status Code":200,"API":"/positions"},"timestamp":"2025-05-14 10:28:35,208+0530","service":"FyersAPIRequest"}
{"level":"DEBUG","location":"[get_call:140] fyersModel","message":{"Status Code":200,"API":"/positions"},"timestamp":"2025-05-14 10:28:38,204+0530","service":"FyersAPIRequest"}
{"level":"DEBUG","location":"[get_call:140] fyersModel","message":{"Status Code":200,"API":"/positions"},"timestamp":"2025-05-14 10:28:40,704+0530","service":"FyersAPIRequest"}
{"level":"DEBUG","location":"[get_call:140] fyersModel","message":{"Status Code":200,"API":"/positions"},"timestamp":"2025-05-14 10:28:43,210+0530","service":"FyersAPIRequest"}
{"level":"DEBUG","location":"[get_call:140] fyersModel","message":{"Status Code":200,"API":"/quotes"},"timestamp":"2025-05-14 10:31:05,956+0530","service":"FyersAPIRequest"}
{"level":"DEBUG","location":"[get_call:140] fyersModel","message":{"Status Code":200,"API":"/quotes"},"timestamp":"2025-05-14 10:32:19,299+0530","service":"FyersAPIRequest"}
{"level":"DEBUG","location":"[get_call:140] fyersModel","message":{"Status Code":200,"API":"/quotes"},"timestamp":"2025-05-14 10:33:35,114+0530","service":"FyersAPIRequest"}
{"level":"DEBUG","location":"[get_call:140] fyersModel","message":{"Status Code":200,"API":"/quotes"},"timestamp":"2025-05-14 10:33:35,615+0530","service":"FyersAPIRequest"}
{"level":"DEBUG","location":"[get_call:140] fyersModel","message":{"Status Code":200,"API":"/quotes"},"timestamp":"2025-05-14 10:34:25,491+0530","service":"FyersAPIRequest"}
{"level":"DEBUG","location":"[get_call:140] fyersModel","message":{"Status Code":200,"API":"/quotes"},"timestamp":"2025-05-14 10:34:26,001+0530","service":"FyersAPIRequest"}
{"level":"DEBUG","location":"[get_call:140] fyersModel","message":{"Status Code":200,"API":"/quotes"},"timestamp":"2025-05-14 10:35:11,473+0530","service":"FyersAPIRequest"}
{"level":"DEBUG","location":"[get_call:140] fyersModel","message":{"Status Code":200,"API":"/quotes"},"timestamp":"2025-05-14 10:35:11,992+0530","service":"FyersAPIRequest"}
{"level":"DEBUG","location":"[get_call:140] fyersModel","message":{"Status Code":200,"API":"/quotes"},"timestamp":"2025-05-14 10:38:18,284+0530","service":"FyersAPIRequest"}
{"level":"DEBUG","location":"[get_call:140] fyersModel","message":{"Status Code":200,"API":"/quotes"},"timestamp":"2025-05-14 10:38:18,792+0530","service":"FyersAPIRequest"}
{"level":"DEBUG","location":"[get_call:140] fyersModel","message":{"Status Code":200,"API":"/quotes"},"timestamp":"2025-05-14 10:40:02,632+0530","service":"FyersAPIRequest"}
{"level":"DEBUG","location":"[get_call:140] fyersModel","message":{"Status Code":200,"API":"/quotes"},"timestamp":"2025-05-14 10:40:57,248+0530","service":"FyersAPIRequest"}
{"level":"DEBUG","location":"[get_call:140] fyersModel","message":{"Status Code":200,"API":"/quotes"},"timestamp":"2025-05-14 10:42:01,897+0530","service":"FyersAPIRequest"}
{"level":"DEBUG","location":"[get_call:140] fyersModel","message":{"Status Code":200,"API":"/quotes"},"timestamp":"2025-05-14 10:42:02,398+0530","service":"FyersAPIRequest"}
{"level":"DEBUG","location":"[get_call:140] fyersModel","message":{"Status Code":200,"API":"/quotes"},"timestamp":"2025-05-15 01:47:16,687+0530","service":"FyersAPIRequest"}
{"level":"DEBUG","location":"[get_call:140] fyersModel","message":{"Status Code":200,"API":"/quotes"},"timestamp":"2025-05-15 01:47:17,203+0530","service":"FyersAPIRequest"}
{"level":"DEBUG","location":"[get_call:140] fyersModel","message":{"Status Code":200,"API":"/quotes"},"timestamp":"2025-05-15 02:29:53,968+0530","service":"FyersAPIRequest"}
{"level":"DEBUG","location":"[get_call:140] fyersModel","message":{"Status Code":200,"API":"/quotes"},"timestamp":"2025-05-15 02:29:54,484+0530","service":"FyersAPIRequest"}
{"level":"DEBUG","location":"[get_call:140] fyersModel","message":{"Status Code":200,"API":"/quotes"},"timestamp":"2025-05-15 02:31:47,854+0530","service":"FyersAPIRequest"}
{"level":"DEBUG","location":"[get_call:140] fyersModel","message":{"Status Code":200,"API":"/quotes"},"timestamp":"2025-05-15 02:31:48,358+0530","service":"FyersAPIRequest"}
{"level":"DEBUG","location":"[get_call:140] fyersModel","message":{"Status Code":200,"API":"/quotes"},"timestamp":"2025-05-15 02:34:44,645+0530","service":"FyersAPIRequest"}
{"level":"DEBUG","location":"[get_call:140] fyersModel","message":{"Status Code":200,"API":"/quotes"},"timestamp":"2025-05-15 02:34:45,174+0530","service":"FyersAPIRequest"}
{"level":"DEBUG","location":"[get_call:140] fyersModel","message":{"Status Code":200,"API":"/quotes"},"timestamp":"2025-05-15 02:43:05,720+0530","service":"FyersAPIRequest"}
{"level":"DEBUG","location":"[get_call:140] fyersModel","message":{"Status Code":200,"API":"/quotes"},"timestamp":"2025-05-15 02:43:06,745+0530","service":"FyersAPIRequest"}
{"level":"DEBUG","location":"[get_call:140] fyersModel","message":{"Status Code":200,"API":"/quotes"},"timestamp":"2025-05-15 02:50:50,550+0530","service":"FyersAPIRequest"}
{"level":"DEBUG","location":"[get_call:140] fyersModel","message":{"Status Code":200,"API":"/quotes"},"timestamp":"2025-05-15 02:50:51,086+0530","service":"FyersAPIRequest"}
{"level":"DEBUG","location":"[get_call:140] fyersModel","message":{"Status Code":200,"API":"/quotes"},"timestamp":"2025-05-15 02:53:38,312+0530","service":"FyersAPIRequest"}
{"level":"DEBUG","location":"[get_call:140] fyersModel","message":{"Status Code":200,"API":"/quotes"},"timestamp":"2025-05-15 02:53:38,820+0530","service":"FyersAPIRequest"}
{"level":"DEBUG","location":"[get_call:140] fyersModel","message":{"Status Code":200,"API":"/quotes"},"timestamp":"2025-05-15 03:20:14,680+0530","service":"FyersAPIRequest"}
{"level":"DEBUG","location":"[get_call:140] fyersModel","message":{"Status Code":200,"API":"/quotes"},"timestamp":"2025-05-15 03:20:15,207+0530","service":"FyersAPIRequest"}
{"level":"DEBUG","location":"[get_call:140] fyersModel","message":{"Status Code":200,"API":"/quotes"},"timestamp":"2025-05-15 03:20:43,734+0530","service":"FyersAPIRequest"}
{"level":"DEBUG","location":"[get_call:140] fyersModel","message":{"Status Code":200,"API":"/quotes"},"timestamp":"2025-05-15 03:20:44,229+0530","service":"FyersAPIRequest"}
{"level":"DEBUG","location":"[get_call:140] fyersModel","message":{"Status Code":200,"API":"/quotes"},"timestamp":"2025-05-15 03:21:07,561+0530","service":"FyersAPIRequest"}
{"level":"DEBUG","location":"[get_call:140] fyersModel","message":{"Status Code":200,"API":"/quotes"},"timestamp":"2025-05-15 03:21:08,073+0530","service":"FyersAPIRequest"}
{"level":"DEBUG","location":"[get_call:140] fyersModel","message":{"Status Code":200,"API":"/quotes"},"timestamp":"2025-05-15 03:21:43,170+0530","service":"FyersAPIRequest"}
{"level":"DEBUG","location":"[get_call:140] fyersModel","message":{"Status Code":200,"API":"/quotes"},"timestamp":"2025-05-15 03:21:43,718+0530","service":"FyersAPIRequest"}
{"level":"DEBUG","location":"[get_call:140] fyersModel","message":{"Status Code":200,"API":"/quotes"},"timestamp":"2025-05-15 03:25:13,268+0530","service":"FyersAPIRequest"}
{"level":"DEBUG","location":"[get_call:140] fyersModel","message":{"Status Code":200,"API":"/quotes"},"timestamp":"2025-05-15 03:25:13,794+0530","service":"FyersAPIRequest"}
{"level":"DEBUG","location":"[get_call:140] fyersModel","message":{"Status Code":200,"API":"/quotes"},"timestamp":"2025-05-15 03:25:41,078+0530","service":"FyersAPIRequest"}
{"level":"DEBUG","location":"[get_call:140] fyersModel","message":{"Status Code":200,"API":"/quotes"},"timestamp":"2025-05-15 03:25:41,577+0530","service":"FyersAPIRequest"}
{"level":"DEBUG","location":"[get_call:140] fyersModel","message":{"Status Code":200,"API":"/positions"},"timestamp":"2025-05-15 03:25:42,088+0530","service":"FyersAPIRequest"}
{"level":"DEBUG","location":"[get_call:140] fyersModel","message":{"Status Code":200,"API":"/quotes"},"timestamp":"2025-05-15 03:25:44,590+0530","service":"FyersAPIRequest"}
{"level":"DEBUG","location":"[get_call:140] fyersModel","message":{"Status Code":200,"API":"/quotes"},"timestamp":"2025-05-15 03:25:45,093+0530","service":"FyersAPIRequest"}
{"level":"DEBUG","location":"[get_call:140] fyersModel","message":{"Status Code":200,"API":"/positions"},"timestamp":"2025-05-15 03:25:45,611+0530","service":"FyersAPIRequest"}
{"level":"DEBUG","location":"[get_call:140] fyersModel","message":{"Status Code":200,"API":"/quotes"},"timestamp":"2025-05-15 03:25:48,116+0530","service":"FyersAPIRequest"}
{"level":"DEBUG","location":"[get_call:140] fyersModel","message":{"Status Code":200,"API":"/quotes"},"timestamp":"2025-05-15 03:26:27,563+0530","service":"FyersAPIRequest"}
{"level":"DEBUG","location":"[get_call:140] fyersModel","message":{"Status Code":200,"API":"/quotes"},"timestamp":"2025-05-15 03:26:28,065+0530","service":"FyersAPIRequest"}
{"level":"DEBUG","location":"[get_call:140] fyersModel","message":{"Status Code":200,"API":"/positions"},"timestamp":"2025-05-15 03:26:28,580+0530","service":"FyersAPIRequest"}
{"level":"DEBUG","location":"[get_call:140] fyersModel","message":{"Status Code":200,"API":"/quotes"},"timestamp":"2025-05-15 03:26:31,589+0530","service":"FyersAPIRequest"}
{"level":"DEBUG","location":"[get_call:140] fyersModel","message":{"Status Code":200,"API":"/quotes"},"timestamp":"2025-05-15 03:26:32,082+0530","service":"FyersAPIRequest"}
{"level":"DEBUG","location":"[get_call:140] fyersModel","message":{"Status Code":200,"API":"/positions"},"timestamp":"2025-05-15 03:26:32,592+0530","service":"FyersAPIRequest"}
{"level":"DEBUG","location":"[get_call:140] fyersModel","message":{"Status Code":200,"API":"/quotes"},"timestamp":"2025-05-15 07:49:19,451+0530","service":"FyersAPIRequest"}
{"level":"DEBUG","location":"[get_call:140] fyersModel","message":{"Status Code":200,"API":"/quotes"},"timestamp":"2025-05-15 07:49:20,072+0530","service":"FyersAPIRequest"}
{"level":"DEBUG","location":"[get_call:140] fyersModel","message":{"Status Code":200,"API":"/positions"},"timestamp":"2025-05-15 07:49:20,588+0530","service":"FyersAPIRequest"}
{"level":"DEBUG","location":"[get_call:140] fyersModel","message":{"Status Code":200,"API":"/quotes"},"timestamp":"2025-05-15 07:49:23,085+0530","service":"FyersAPIRequest"}
{"level":"DEBUG","location":"[get_call:140] fyersModel","message":{"Status Code":200,"API":"/quotes"},"timestamp":"2025-05-15 07:49:23,587+0530","service":"FyersAPIRequest"}
{"level":"DEBUG","location":"[get_call:140] fyersModel","message":{"Status Code":200,"API":"/positions"},"timestamp":"2025-05-15 07:49:24,092+0530","service":"FyersAPIRequest"}
{"level":"DEBUG","location":"[get_call:140] fyersModel","message":{"Status Code":200,"API":"/quotes"},"timestamp":"2025-05-15 07:49:26,637+0530","service":"FyersAPIRequest"}
{"level":"DEBUG","location":"[get_call:140] fyersModel","message":{"Status Code":200,"API":"/quotes"},"timestamp":"2025-05-15 07:49:27,132+0530","service":"FyersAPIRequest"}
{"level":"DEBUG","location":"[get_call:140] fyersModel","message":{"Status Code":200,"API":"/positions"},"timestamp":"2025-05-15 07:49:27,639+0530","service":"FyersAPIRequest"}
{"level":"DEBUG","location":"[get_call:140] fyersModel","message":{"Status Code":200,"API":"/quotes"},"timestamp":"2025-05-15 07:49:30,135+0530","service":"FyersAPIRequest"}
{"level":"DEBUG","location":"[get_call:140] fyersModel","message":{"Status Code":200,"API":"/quotes"},"timestamp":"2025-05-15 07:49:30,656+0530","service":"FyersAPIRequest"}
{"level":"DEBUG","location":"[get_call:140] fyersModel","message":{"Status Code":200,"API":"/positions"},"timestamp":"2025-05-15 07:49:31,148+0530","service":"FyersAPIRequest"}
{"level":"DEBUG","location":"[get_call:140] fyersModel","message":{"Status Code":200,"API":"/quotes"},"timestamp":"2025-05-15 07:49:33,657+0530","service":"FyersAPIRequest"}
{"level":"DEBUG","location":"[get_call:140] fyersModel","message":{"Status Code":200,"API":"/quotes"},"timestamp":"2025-05-15 07:49:34,148+0530","service":"FyersAPIRequest"}
{"level":"DEBUG","location":"[get_call:140] fyersModel","message":{"Status Code":200,"API":"/positions"},"timestamp":"2025-05-15 07:49:34,633+0530","service":"FyersAPIRequest"}
{"level":"DEBUG","location":"[get_call:140] fyersModel","message":{"Status Code":200,"API":"/quotes"},"timestamp":"2025-05-15 07:49:37,148+0530","service":"FyersAPIRequest"}
{"level":"DEBUG","location":"[get_call:140] fyersModel","message":{"Status Code":200,"API":"/quotes"},"timestamp":"2025-05-15 07:49:37,671+0530","service":"FyersAPIRequest"}
{"level":"DEBUG","location":"[get_call:140] fyersModel","message":{"Status Code":200,"API":"/quotes"},"timestamp":"2025-05-15 07:53:54,136+0530","service":"FyersAPIRequest"}
{"level":"DEBUG","location":"[get_call:140] fyersModel","message":{"Status Code":200,"API":"/quotes"},"timestamp":"2025-05-15 07:53:54,667+0530","service":"FyersAPIRequest"}
{"level":"DEBUG","location":"[get_call:140] fyersModel","message":{"Status Code":200,"API":"/positions"},"timestamp":"2025-05-15 07:53:55,181+0530","service":"FyersAPIRequest"}
{"level":"DEBUG","location":"[get_call:140] fyersModel","message":{"Status Code":200,"API":"/quotes"},"timestamp":"2025-05-15 07:53:57,722+0530","service":"FyersAPIRequest"}
{"level":"DEBUG","location":"[get_call:140] fyersModel","message":{"Status Code":200,"API":"/quotes"},"timestamp":"2025-05-15 07:53:58,221+0530","service":"FyersAPIRequest"}
{"level":"DEBUG","location":"[get_call:140] fyersModel","message":{"Status Code":200,"API":"/positions"},"timestamp":"2025-05-15 07:53:58,713+0530","service":"FyersAPIRequest"}
{"level":"DEBUG","location":"[get_call:140] fyersModel","message":{"Status Code":200,"API":"/quotes"},"timestamp":"2025-05-15 07:54:01,214+0530","service":"FyersAPIRequest"}
{"level":"DEBUG","location":"[get_call:140] fyersModel","message":{"Status Code":200,"API":"/quotes"},"timestamp":"2025-05-15 07:54:02,272+0530","service":"FyersAPIRequest"}
{"level":"DEBUG","location":"[get_call:140] fyersModel","message":{"Status Code":200,"API":"/positions"},"timestamp":"2025-05-15 07:54:02,783+0530","service":"FyersAPIRequest"}
{"level":"DEBUG","location":"[get_call:140] fyersModel","message":{"Status Code":200,"API":"/quotes"},"timestamp":"2025-05-15 07:54:35,446+0530","service":"FyersAPIRequest"}
{"level":"DEBUG","location":"[get_call:140] fyersModel","message":{"Status Code":200,"API":"/positions"},"timestamp":"2025-05-15 07:54:35,941+0530","service":"FyersAPIRequest"}
{"level":"DEBUG","location":"[get_call:140] fyersModel","message":{"Status Code":200,"API":"/quotes"},"timestamp":"2025-05-15 07:54:38,464+0530","service":"FyersAPIRequest"}
{"level":"DEBUG","location":"[get_call:140] fyersModel","message":{"Status Code":200,"API":"/positions"},"timestamp":"2025-05-15 07:54:38,958+0530","service":"FyersAPIRequest"}
{"level":"DEBUG","location":"[get_call:140] fyersModel","message":{"Status Code":200,"API":"/quotes"},"timestamp":"2025-05-15 07:55:54,467+0530","service":"FyersAPIRequest"}
{"level":"DEBUG","location":"[get_call:140] fyersModel","message":{"Status Code":200,"API":"/quotes"},"timestamp":"2025-05-15 07:55:54,973+0530","service":"FyersAPIRequest"}
{"level":"DEBUG","location":"[get_call:140] fyersModel","message":{"Status Code":200,"API":"/positions"},"timestamp":"2025-05-15 07:55:55,477+0530","service":"FyersAPIRequest"}
{"level":"DEBUG","location":"[get_call:140] fyersModel","message":{"Status Code":200,"API":"/quotes"},"timestamp":"2025-05-15 07:55:58,003+0530","service":"FyersAPIRequest"}
{"level":"DEBUG","location":"[get_call:140] fyersModel","message":{"Status Code":200,"API":"/quotes"},"timestamp":"2025-05-15 07:55:58,515+0530","service":"FyersAPIRequest"}
{"level":"DEBUG","location":"[get_call:140] fyersModel","message":{"Status Code":200,"API":"/positions"},"timestamp":"2025-05-15 07:55:59,015+0530","service":"FyersAPIRequest"}
{"level":"DEBUG","location":"[get_call:140] fyersModel","message":{"Status Code":200,"API":"/quotes"},"timestamp":"2025-05-15 08:08:05,158+0530","service":"FyersAPIRequest"}
{"level":"DEBUG","location":"[get_call:140] fyersModel","message":{"Status Code":200,"API":"/quotes"},"timestamp":"2025-05-15 08:08:05,681+0530","service":"FyersAPIRequest"}
{"level":"DEBUG","location":"[get_call:140] fyersModel","message":{"Status Code":200,"API":"/positions"},"timestamp":"2025-05-15 08:08:06,205+0530","service":"FyersAPIRequest"}
{"level":"DEBUG","location":"[get_call:140] fyersModel","message":{"Status Code":200,"API":"/quotes"},"timestamp":"2025-05-15 08:08:08,719+0530","service":"FyersAPIRequest"}
{"level":"DEBUG","location":"[get_call:140] fyersModel","message":{"Status Code":200,"API":"/quotes"},"timestamp":"2025-05-15 08:08:09,234+0530","service":"FyersAPIRequest"}
{"level":"DEBUG","location":"[get_call:140] fyersModel","message":{"Status Code":200,"API":"/positions"},"timestamp":"2025-05-15 08:08:10,234+0530","service":"FyersAPIRequest"}
{"level":"DEBUG","location":"[get_call:140] fyersModel","message":{"Status Code":200,"API":"/quotes"},"timestamp":"2025-05-15 08:08:12,738+0530","service":"FyersAPIRequest"}
{"level":"DEBUG","location":"[get_call:140] fyersModel","message":{"Status Code":200,"API":"/quotes"},"timestamp":"2025-05-15 08:08:13,255+0530","service":"FyersAPIRequest"}
{"level":"DEBUG","location":"[get_call:140] fyersModel","message":{"Status Code":200,"API":"/positions"},"timestamp":"2025-05-15 08:08:13,762+0530","service":"FyersAPIRequest"}
{"level":"DEBUG","location":"[get_call:140] fyersModel","message":{"Status Code":200,"API":"/quotes"},"timestamp":"2025-05-15 08:10:21,466+0530","service":"FyersAPIRequest"}
{"level":"DEBUG","location":"[get_call:140] fyersModel","message":{"Status Code":200,"API":"/quotes"},"timestamp":"2025-05-15 08:10:22,493+0530","service":"FyersAPIRequest"}
{"level":"DEBUG","location":"[get_call:140] fyersModel","message":{"Status Code":200,"API":"/positions"},"timestamp":"2025-05-15 08:10:23,016+0530","service":"FyersAPIRequest"}
{"level":"DEBUG","location":"[get_call:140] fyersModel","message":{"Status Code":200,"API":"/quotes"},"timestamp":"2025-05-15 08:10:25,524+0530","service":"FyersAPIRequest"}
{"level":"DEBUG","location":"[get_call:140] fyersModel","message":{"Status Code":200,"API":"/quotes"},"timestamp":"2025-05-15 08:10:26,040+0530","service":"FyersAPIRequest"}
{"level":"DEBUG","location":"[get_call:140] fyersModel","message":{"Status Code":200,"API":"/positions"},"timestamp":"2025-05-15 08:10:26,549+0530","service":"FyersAPIRequest"}
{"level":"DEBUG","location":"[get_call:140] fyersModel","message":{"Status Code":400,"API":"/quotes"},"timestamp":"2025-05-15 08:28:00,719+0530","service":"FyersAPIRequest"}
{"level":"DEBUG","location":"[get_call:140] fyersModel","message":{"Status Code":200,"API":"/quotes"},"timestamp":"2025-05-15 08:31:24,973+0530","service":"FyersAPIRequest"}
{"level":"DEBUG","location":"[get_call:140] fyersModel","message":{"Status Code":200,"API":"/quotes"},"timestamp":"2025-05-15 08:31:58,136+0530","service":"FyersAPIRequest"}
{"level":"DEBUG","location":"[get_call:140] fyersModel","message":{"Status Code":200,"API":"/quotes"},"timestamp":"2025-05-15 08:33:10,098+0530","service":"FyersAPIRequest"}
{"level":"DEBUG","location":"[get_call:140] fyersModel","message":{"Status Code":200,"API":"/quotes"},"timestamp":"2025-05-15 08:35:31,388+0530","service":"FyersAPIRequest"}
{"level":"DEBUG","location":"[get_call:140] fyersModel","message":{"Status Code":200,"API":"/quotes"},"timestamp":"2025-05-15 08:36:20,915+0530","service":"FyersAPIRequest"}
{"level":"DEBUG","location":"[get_call:140] fyersModel","message":{"Status Code":200,"API":"/quotes"},"timestamp":"2025-05-15 08:44:12,943+0530","service":"FyersAPIRequest"}
{"level":"DEBUG","location":"[get_call:140] fyersModel","message":{"Status Code":400,"API":"/quotes"},"timestamp":"2025-05-15 08:44:29,232+0530","service":"FyersAPIRequest"}
{"level":"DEBUG","location":"[get_call:140] fyersModel","message":{"Status Code":400,"API":"/quotes"},"timestamp":"2025-05-15 08:44:50,008+0530","service":"FyersAPIRequest"}
{"level":"DEBUG","location":"[get_call:140] fyersModel","message":{"Status Code":200,"API":"/quotes"},"timestamp":"2025-05-15 08:45:14,037+0530","service":"FyersAPIRequest"}
{"level":"DEBUG","location":"[get_call:140] fyersModel","message":{"Status Code":200,"API":"/quotes"},"timestamp":"2025-05-15 08:47:14,495+0530","service":"FyersAPIRequest"}
{"level":"DEBUG","location":"[get_call:140] fyersModel","message":{"Status Code":200,"API":"/quotes"},"timestamp":"2025-05-15 08:47:40,886+0530","service":"FyersAPIRequest"}
{"level":"DEBUG","location":"[get_call:140] fyersModel","message":{"Status Code":200,"API":"/quotes"},"timestamp":"2025-05-15 08:48:02,134+0530","service":"FyersAPIRequest"}
{"level":"DEBUG","location":"[get_call:140] fyersModel","message":{"Status Code":200,"API":"/quotes"},"timestamp":"2025-05-15 08:48:15,831+0530","service":"FyersAPIRequest"}
{"level":"DEBUG","location":"[get_call:140] fyersModel","message":{"Status Code":200,"API":"/quotes"},"timestamp":"2025-05-15 08:48:43,895+0530","service":"FyersAPIRequest"}
{"level":"DEBUG","location":"[get_call:140] fyersModel","message":{"Status Code":200,"API":"/quotes"},"timestamp":"2025-05-15 08:48:44,396+0530","service":"FyersAPIRequest"}
{"level":"DEBUG","location":"[get_call:140] fyersModel","message":{"Status Code":200,"API":"/positions"},"timestamp":"2025-05-15 08:48:44,893+0530","service":"FyersAPIRequest"}
{"level":"DEBUG","location":"[get_call:140] fyersModel","message":{"Status Code":200,"API":"/quotes"},"timestamp":"2025-05-15 08:48:47,904+0530","service":"FyersAPIRequest"}
{"level":"DEBUG","location":"[get_call:140] fyersModel","message":{"Status Code":200,"API":"/quotes"},"timestamp":"2025-05-15 08:48:48,434+0530","service":"FyersAPIRequest"}
{"level":"DEBUG","location":"[get_call:140] fyersModel","message":{"Status Code":200,"API":"/positions"},"timestamp":"2025-05-15 08:48:48,935+0530","service":"FyersAPIRequest"}
{"level":"DEBUG","location":"[get_call:140] fyersModel","message":{"Status Code":200,"API":"/quotes"},"timestamp":"2025-05-15 08:48:51,430+0530","service":"FyersAPIRequest"}
{"level":"DEBUG","location":"[get_call:140] fyersModel","message":{"Status Code":200,"API":"/quotes"},"timestamp":"2025-05-15 08:48:51,943+0530","service":"FyersAPIRequest"}
{"level":"DEBUG","location":"[get_call:140] fyersModel","message":{"Status Code":200,"API":"/positions"},"timestamp":"2025-05-15 08:48:52,446+0530","service":"FyersAPIRequest"}
{"level":"DEBUG","location":"[get_call:140] fyersModel","message":{"Status Code":400,"API":"/quotes"},"timestamp":"2025-05-15 08:49:19,549+0530","service":"FyersAPIRequest"}
{"level":"DEBUG","location":"[get_call:140] fyersModel","message":{"Status Code":200,"API":"/quotes"},"timestamp":"2025-05-15 08:51:51,113+0530","service":"FyersAPIRequest"}
{"level":"DEBUG","location":"[get_call:140] fyersModel","message":{"Status Code":200,"API":"/quotes"},"timestamp":"2025-05-15 08:52:28,152+0530","service":"FyersAPIRequest"}
{"level":"DEBUG","location":"[get_call:140] fyersModel","message":{"Status Code":200,"API":"/quotes"},"timestamp":"2025-05-15 08:52:28,652+0530","service":"FyersAPIRequest"}
{"level":"DEBUG","location":"[get_call:140] fyersModel","message":{"Status Code":200,"API":"/quotes"},"timestamp":"2025-05-15 08:55:14,809+0530","service":"FyersAPIRequest"}
{"level":"DEBUG","location":"[get_call:140] fyersModel","message":{"Status Code":200,"API":"/quotes"},"timestamp":"2025-05-15 08:56:50,057+0530","service":"FyersAPIRequest"}
{"level":"DEBUG","location":"[get_call:140] fyersModel","message":{"Status Code":200,"API":"/positions"},"timestamp":"2025-05-15 08:56:50,544+0530","service":"FyersAPIRequest"}
{"level":"DEBUG","location":"[get_call:140] fyersModel","message":{"Status Code":200,"API":"/quotes"},"timestamp":"2025-05-15 08:56:53,069+0530","service":"FyersAPIRequest"}
{"level":"DEBUG","location":"[get_call:140] fyersModel","message":{"Status Code":200,"API":"/positions"},"timestamp":"2025-05-15 08:56:54,068+0530","service":"FyersAPIRequest"}
{"level":"DEBUG","location":"[get_call:140] fyersModel","message":{"Status Code":200,"API":"/quotes"},"timestamp":"2025-05-15 08:56:56,567+0530","service":"FyersAPIRequest"}
{"level":"DEBUG","location":"[get_call:140] fyersModel","message":{"Status Code":200,"API":"/positions"},"timestamp":"2025-05-15 08:56:57,072+0530","service":"FyersAPIRequest"}
{"level":"DEBUG","location":"[get_call:140] fyersModel","message":{"Status Code":200,"API":"/quotes"},"timestamp":"2025-05-15 08:57:47,437+0530","service":"FyersAPIRequest"}
{"level":"DEBUG","location":"[get_call:140] fyersModel","message":{"Status Code":200,"API":"/positions"},"timestamp":"2025-05-15 08:57:47,952+0530","service":"FyersAPIRequest"}
{"level":"DEBUG","location":"[get_call:140] fyersModel","message":{"Status Code":200,"API":"/quotes"},"timestamp":"2025-05-15 08:57:50,444+0530","service":"FyersAPIRequest"}
{"level":"DEBUG","location":"[get_call:140] fyersModel","message":{"Status Code":200,"API":"/positions"},"timestamp":"2025-05-15 08:57:50,930+0530","service":"FyersAPIRequest"}
{"level":"DEBUG","location":"[get_call:140] fyersModel","message":{"Status Code":200,"API":"/quotes"},"timestamp":"2025-05-15 08:57:53,464+0530","service":"FyersAPIRequest"}
{"level":"DEBUG","location":"[get_call:140] fyersModel","message":{"Status Code":200,"API":"/positions"},"timestamp":"2025-05-15 08:57:54,471+0530","service":"FyersAPIRequest"}
{"level":"DEBUG","location":"[get_call:140] fyersModel","message":{"Status Code":200,"API":"/quotes"},"timestamp":"2025-05-15 08:57:56,978+0530","service":"FyersAPIRequest"}
{"level":"DEBUG","location":"[get_call:140] fyersModel","message":{"Status Code":200,"API":"/positions"},"timestamp":"2025-05-15 08:57:57,484+0530","service":"FyersAPIRequest"}
{"level":"DEBUG","location":"[get_call:140] fyersModel","message":{"Status Code":200,"API":"/quotes"},"timestamp":"2025-05-15 08:57:59,988+0530","service":"FyersAPIRequest"}
{"level":"DEBUG","location":"[get_call:140] fyersModel","message":{"Status Code":200,"API":"/quotes"},"timestamp":"2025-05-15 08:58:29,451+0530","service":"FyersAPIRequest"}
{"level":"DEBUG","location":"[get_call:140] fyersModel","message":{"Status Code":200,"API":"/positions"},"timestamp":"2025-05-15 08:58:29,985+0530","service":"FyersAPIRequest"}
{"level":"DEBUG","location":"[get_call:140] fyersModel","message":{"Status Code":200,"API":"/quotes"},"timestamp":"2025-05-15 08:58:32,989+0530","service":"FyersAPIRequest"}
{"level":"DEBUG","location":"[get_call:140] fyersModel","message":{"Status Code":200,"API":"/positions"},"timestamp":"2025-05-15 08:58:33,521+0530","service":"FyersAPIRequest"}
{"level":"DEBUG","location":"[get_call:140] fyersModel","message":{"Status Code":200,"API":"/quotes"},"timestamp":"2025-05-15 08:58:36,043+0530","service":"FyersAPIRequest"}
{"level":"DEBUG","location":"[get_call:140] fyersModel","message":{"Status Code":200,"API":"/positions"},"timestamp":"2025-05-15 08:58:36,545+0530","service":"FyersAPIRequest"}
{"level":"DEBUG","location":"[get_call:140] fyersModel","message":{"Status Code":200,"API":"/quotes"},"timestamp":"2025-05-15 09:00:49,887+0530","service":"FyersAPIRequest"}
{"level":"DEBUG","location":"[get_call:140] fyersModel","message":{"Status Code":200,"API":"/positions"},"timestamp":"2025-05-15 09:00:50,388+0530","service":"FyersAPIRequest"}
{"level":"DEBUG","location":"[get_call:140] fyersModel","message":{"Status Code":200,"API":"/quotes"},"timestamp":"2025-05-15 09:00:52,882+0530","service":"FyersAPIRequest"}
{"level":"DEBUG","location":"[get_call:140] fyersModel","message":{"Status Code":200,"API":"/positions"},"timestamp":"2025-05-15 09:00:53,380+0530","service":"FyersAPIRequest"}
{"level":"DEBUG","location":"[get_call:140] fyersModel","message":{"Status Code":200,"API":"/quotes"},"timestamp":"2025-05-15 09:20:01,792+0530","service":"FyersAPIRequest"}
{"level":"DEBUG","location":"[post_call:81] fyersModel","message":{"Status Code":200,"API":"/orders/sync"},"timestamp":"2025-05-15 09:20:02,813+0530","service":"FyersAPIRequest"}
{"level":"DEBUG","location":"[post_call:81] fyersModel","message":{"Status Code":200,"API":"/orders/sync"},"timestamp":"2025-05-15 09:20:03,887+0530","service":"FyersAPIRequest"}
{"level":"DEBUG","location":"[get_call:140] fyersModel","message":{"Status Code":200,"API":"/positions"},"timestamp":"2025-05-15 09:20:04,948+0530","service":"FyersAPIRequest"}
{"level":"DEBUG","location":"[get_call:140] fyersModel","message":{"Status Code":200,"API":"/positions"},"timestamp":"2025-05-15 09:20:07,963+0530","service":"FyersAPIRequest"}
{"level":"DEBUG","location":"[get_call:140] fyersModel","message":{"Status Code":200,"API":"/positions"},"timestamp":"2025-05-15 09:20:10,984+0530","service":"FyersAPIRequest"}
{"level":"DEBUG","location":"[get_call:140] fyersModel","message":{"Status Code":200,"API":"/positions"},"timestamp":"2025-05-15 09:20:14,017+0530","service":"FyersAPIRequest"}
{"level":"DEBUG","location":"[get_call:140] fyersModel","message":{"Status Code":200,"API":"/positions"},"timestamp":"2025-05-15 09:20:17,011+0530","service":"FyersAPIRequest"}
{"level":"DEBUG","location":"[get_call:140] fyersModel","message":{"Status Code":200,"API":"/positions"},"timestamp":"2025-05-15 09:20:20,026+0530","service":"FyersAPIRequest"}
{"level":"DEBUG","location":"[get_call:140] fyersModel","message":{"Status Code":200,"API":"/positions"},"timestamp":"2025-05-15 09:20:23,046+0530","service":"FyersAPIRequest"}
{"level":"DEBUG","location":"[get_call:140] fyersModel","message":{"Status Code":200,"API":"/positions"},"timestamp":"2025-05-15 09:20:26,063+0530","service":"FyersAPIRequest"}
{"level":"DEBUG","location":"[get_call:140] fyersModel","message":{"Status Code":200,"API":"/positions"},"timestamp":"2025-05-15 09:20:29,068+0530","service":"FyersAPIRequest"}
{"level":"DEBUG","location":"[get_call:140] fyersModel","message":{"Status Code":200,"API":"/positions"},"timestamp":"2025-05-15 09:20:32,043+0530","service":"FyersAPIRequest"}
{"level":"DEBUG","location":"[get_call:140] fyersModel","message":{"Status Code":200,"API":"/positions"},"timestamp":"2025-05-15 09:20:35,624+0530","service":"FyersAPIRequest"}
{"level":"DEBUG","location":"[get_call:140] fyersModel","message":{"Status Code":200,"API":"/positions"},"timestamp":"2025-05-15 09:20:38,615+0530","service":"FyersAPIRequest"}
{"level":"DEBUG","location":"[get_call:140] fyersModel","message":{"Status Code":200,"API":"/positions"},"timestamp":"2025-05-15 09:20:41,566+0530","service":"FyersAPIRequest"}
{"level":"DEBUG","location":"[get_call:140] fyersModel","message":{"Status Code":200,"API":"/positions"},"timestamp":"2025-05-15 09:20:44,738+0530","service":"FyersAPIRequest"}
{"level":"DEBUG","location":"[get_call:140] fyersModel","message":{"Status Code":200,"API":"/positions"},"timestamp":"2025-05-15 09:20:47,771+0530","service":"FyersAPIRequest"}
{"level":"DEBUG","location":"[get_call:140] fyersModel","message":{"Status Code":200,"API":"/positions"},"timestamp":"2025-05-15 09:20:50,777+0530","service":"FyersAPIRequest"}
{"level":"DEBUG","location":"[get_call:140] fyersModel","message":{"Status Code":200,"API":"/positions"},"timestamp":"2025-05-15 09:20:53,761+0530","service":"FyersAPIRequest"}
{"level":"DEBUG","location":"[get_call:140] fyersModel","message":{"Status Code":200,"API":"/positions"},"timestamp":"2025-05-15 09:20:56,879+0530","service":"FyersAPIRequest"}
{"level":"DEBUG","location":"[get_call:140] fyersModel","message":{"Status Code":200,"API":"/positions"},"timestamp":"2025-05-15 09:20:59,910+0530","service":"FyersAPIRequest"}
{"level":"DEBUG","location":"[get_call:140] fyersModel","message":{"Status Code":200,"API":"/positions"},"timestamp":"2025-05-15 09:21:02,930+0530","service":"FyersAPIRequest"}
{"level":"DEBUG","location":"[get_call:140] fyersModel","message":{"Status Code":200,"API":"/positions"},"timestamp":"2025-05-15 09:21:05,943+0530","service":"FyersAPIRequest"}
{"level":"DEBUG","location":"[get_call:140] fyersModel","message":{"Status Code":200,"API":"/positions"},"timestamp":"2025-05-15 09:21:08,978+0530","service":"FyersAPIRequest"}
{"level":"DEBUG","location":"[get_call:140] fyersModel","message":{"Status Code":200,"API":"/positions"},"timestamp":"2025-05-15 09:21:11,959+0530","service":"FyersAPIRequest"}
{"level":"DEBUG","location":"[get_call:140] fyersModel","message":{"Status Code":200,"API":"/positions"},"timestamp":"2025-05-15 09:21:14,950+0530","service":"FyersAPIRequest"}
{"level":"DEBUG","location":"[get_call:140] fyersModel","message":{"Status Code":200,"API":"/positions"},"timestamp":"2025-05-15 09:21:17,454+0530","service":"FyersAPIRequest"}
{"level":"DEBUG","location":"[get_call:140] fyersModel","message":{"Status Code":200,"API":"/positions"},"timestamp":"2025-05-15 09:21:19,957+0530","service":"FyersAPIRequest"}
{"level":"DEBUG","location":"[get_call:140] fyersModel","message":{"Status Code":200,"API":"/positions"},"timestamp":"2025-05-15 09:21:22,467+0530","service":"FyersAPIRequest"}
{"level":"DEBUG","location":"[get_call:140] fyersModel","message":{"Status Code":200,"API":"/positions"},"timestamp":"2025-05-15 09:21:24,992+0530","service":"FyersAPIRequest"}
{"level":"DEBUG","location":"[get_call:140] fyersModel","message":{"Status Code":200,"API":"/positions"},"timestamp":"2025-05-15 09:21:27,488+0530","service":"FyersAPIRequest"}
{"level":"DEBUG","location":"[get_call:140] fyersModel","message":{"Status Code":200,"API":"/positions"},"timestamp":"2025-05-15 09:21:30,475+0530","service":"FyersAPIRequest"}
{"level":"DEBUG","location":"[get_call:140] fyersModel","message":{"Status Code":200,"API":"/positions"},"timestamp":"2025-05-15 09:21:33,946+0530","service":"FyersAPIRequest"}
{"level":"DEBUG","location":"[get_call:140] fyersModel","message":{"Status Code":200,"API":"/positions"},"timestamp":"2025-05-15 09:21:36,920+0530","service":"FyersAPIRequest"}
{"level":"DEBUG","location":"[get_call:140] fyersModel","message":{"Status Code":200,"API":"/positions"},"timestamp":"2025-05-15 09:21:39,896+0530","service":"FyersAPIRequest"}
{"level":"DEBUG","location":"[get_call:140] fyersModel","message":{"Status Code":200,"API":"/positions"},"timestamp":"2025-05-15 09:21:42,972+0530","service":"FyersAPIRequest"}
{"level":"DEBUG","location":"[get_call:140] fyersModel","message":{"Status Code":200,"API":"/positions"},"timestamp":"2025-05-15 09:21:46,034+0530","service":"FyersAPIRequest"}
{"level":"DEBUG","location":"[get_call:140] fyersModel","message":{"Status Code":200,"API":"/positions"},"timestamp":"2025-05-15 09:21:49,056+0530","service":"FyersAPIRequest"}
{"level":"DEBUG","location":"[get_call:140] fyersModel","message":{"Status Code":200,"API":"/positions"},"timestamp":"2025-05-15 09:21:52,066+0530","service":"FyersAPIRequest"}
{"level":"DEBUG","location":"[get_call:140] fyersModel","message":{"Status Code":200,"API":"/positions"},"timestamp":"2025-05-15 09:21:55,073+0530","service":"FyersAPIRequest"}
{"level":"DEBUG","location":"[get_call:140] fyersModel","message":{"Status Code":200,"API":"/positions"},"timestamp":"2025-05-15 09:21:58,084+0530","service":"FyersAPIRequest"}
{"level":"DEBUG","location":"[get_call:140] fyersModel","message":{"Status Code":200,"API":"/positions"},"timestamp":"2025-05-15 09:22:01,159+0530","service":"FyersAPIRequest"}
{"level":"DEBUG","location":"[get_call:140] fyersModel","message":{"Status Code":200,"API":"/positions"},"timestamp":"2025-05-15 09:22:04,218+0530","service":"FyersAPIRequest"}
{"level":"DEBUG","location":"[get_call:140] fyersModel","message":{"Status Code":200,"API":"/positions"},"timestamp":"2025-05-15 09:22:07,228+0530","service":"FyersAPIRequest"}
{"level":"DEBUG","location":"[get_call:140] fyersModel","message":{"Status Code":200,"API":"/positions"},"timestamp":"2025-05-15 09:22:10,186+0530","service":"FyersAPIRequest"}
{"level":"DEBUG","location":"[get_call:140] fyersModel","message":{"Status Code":200,"API":"/positions"},"timestamp":"2025-05-15 09:22:13,181+0530","service":"FyersAPIRequest"}
{"level":"DEBUG","location":"[get_call:140] fyersModel","message":{"Status Code":200,"API":"/positions"},"timestamp":"2025-05-15 09:22:16,161+0530","service":"FyersAPIRequest"}
{"level":"DEBUG","location":"[get_call:140] fyersModel","message":{"Status Code":200,"API":"/positions"},"timestamp":"2025-05-15 09:22:19,173+0530","service":"FyersAPIRequest"}
{"level":"DEBUG","location":"[get_call:140] fyersModel","message":{"Status Code":200,"API":"/positions"},"timestamp":"2025-05-15 09:22:22,697+0530","service":"FyersAPIRequest"}
{"level":"DEBUG","location":"[get_call:140] fyersModel","message":{"Status Code":200,"API":"/positions"},"timestamp":"2025-05-15 09:22:25,863+0530","service":"FyersAPIRequest"}
{"level":"DEBUG","location":"[get_call:140] fyersModel","message":{"Status Code":200,"API":"/positions"},"timestamp":"2025-05-15 09:22:28,837+0530","service":"FyersAPIRequest"}
{"level":"DEBUG","location":"[get_call:140] fyersModel","message":{"Status Code":200,"API":"/positions"},"timestamp":"2025-05-15 09:22:32,409+0530","service":"FyersAPIRequest"}
{"level":"DEBUG","location":"[get_call:140] fyersModel","message":{"Status Code":200,"API":"/positions"},"timestamp":"2025-05-15 09:22:35,422+0530","service":"FyersAPIRequest"}
{"level":"DEBUG","location":"[get_call:140] fyersModel","message":{"Status Code":200,"API":"/positions"},"timestamp":"2025-05-15 09:22:38,444+0530","service":"FyersAPIRequest"}
{"level":"DEBUG","location":"[get_call:140] fyersModel","message":{"Status Code":200,"API":"/positions"},"timestamp":"2025-05-15 09:22:41,485+0530","service":"FyersAPIRequest"}
{"level":"DEBUG","location":"[get_call:140] fyersModel","message":{"Status Code":200,"API":"/positions"},"timestamp":"2025-05-15 09:22:44,552+0530","service":"FyersAPIRequest"}
{"level":"DEBUG","location":"[get_call:140] fyersModel","message":{"Status Code":200,"API":"/positions"},"timestamp":"2025-05-15 09:22:47,591+0530","service":"FyersAPIRequest"}
{"level":"DEBUG","location":"[get_call:140] fyersModel","message":{"Status Code":200,"API":"/positions"},"timestamp":"2025-05-15 09:22:50,620+0530","service":"FyersAPIRequest"}
{"level":"DEBUG","location":"[get_call:140] fyersModel","message":{"Status Code":200,"API":"/positions"},"timestamp":"2025-05-15 09:22:53,637+0530","service":"FyersAPIRequest"}
{"level":"DEBUG","location":"[get_call:140] fyersModel","message":{"Status Code":200,"API":"/positions"},"timestamp":"2025-05-15 09:22:56,711+0530","service":"FyersAPIRequest"}
{"level":"DEBUG","location":"[get_call:140] fyersModel","message":{"Status Code":200,"API":"/positions"},"timestamp":"2025-05-15 09:22:59,707+0530","service":"FyersAPIRequest"}
{"level":"DEBUG","location":"[get_call:140] fyersModel","message":{"Status Code":200,"API":"/positions"},"timestamp":"2025-05-15 09:23:02,718+0530","service":"FyersAPIRequest"}
{"level":"DEBUG","location":"[get_call:140] fyersModel","message":{"Status Code":200,"API":"/positions"},"timestamp":"2025-05-15 09:23:05,779+0530","service":"FyersAPIRequest"}
{"level":"DEBUG","location":"[get_call:140] fyersModel","message":{"Status Code":200,"API":"/positions"},"timestamp":"2025-05-15 09:23:08,808+0530","service":"FyersAPIRequest"}
{"level":"DEBUG","location":"[get_call:140] fyersModel","message":{"Status Code":200,"API":"/positions"},"timestamp":"2025-05-15 09:23:11,835+0530","service":"FyersAPIRequest"}
{"level":"DEBUG","location":"[get_call:140] fyersModel","message":{"Status Code":200,"API":"/positions"},"timestamp":"2025-05-15 09:23:14,838+0530","service":"FyersAPIRequest"}
{"level":"DEBUG","location":"[get_call:140] fyersModel","message":{"Status Code":200,"API":"/positions"},"timestamp":"2025-05-15 09:23:17,961+0530","service":"FyersAPIRequest"}
{"level":"DEBUG","location":"[get_call:140] fyersModel","message":{"Status Code":200,"API":"/positions"},"timestamp":"2025-05-15 09:23:20,931+0530","service":"FyersAPIRequest"}
{"level":"DEBUG","location":"[get_call:140] fyersModel","message":{"Status Code":200,"API":"/positions"},"timestamp":"2025-05-15 09:23:24,418+0530","service":"FyersAPIRequest"}
{"level":"DEBUG","location":"[get_call:140] fyersModel","message":{"Status Code":200,"API":"/positions"},"timestamp":"2025-05-15 09:23:27,435+0530","service":"FyersAPIRequest"}
{"level":"DEBUG","location":"[get_call:140] fyersModel","message":{"Status Code":200,"API":"/positions"},"timestamp":"2025-05-15 09:23:30,421+0530","service":"FyersAPIRequest"}
{"level":"DEBUG","location":"[get_call:140] fyersModel","message":{"Status Code":200,"API":"/positions"},"timestamp":"2025-05-15 09:23:33,435+0530","service":"FyersAPIRequest"}
{"level":"DEBUG","location":"[get_call:140] fyersModel","message":{"Status Code":200,"API":"/positions"},"timestamp":"2025-05-15 09:23:36,458+0530","service":"FyersAPIRequest"}
{"level":"DEBUG","location":"[get_call:140] fyersModel","message":{"Status Code":200,"API":"/positions"},"timestamp":"2025-05-15 09:23:39,982+0530","service":"FyersAPIRequest"}
{"level":"DEBUG","location":"[get_call:140] fyersModel","message":{"Status Code":200,"API":"/positions"},"timestamp":"2025-05-15 09:23:42,958+0530","service":"FyersAPIRequest"}
{"level":"DEBUG","location":"[get_call:140] fyersModel","message":{"Status Code":200,"API":"/positions"},"timestamp":"2025-05-15 09:23:45,966+0530","service":"FyersAPIRequest"}
{"level":"DEBUG","location":"[get_call:140] fyersModel","message":{"Status Code":200,"API":"/positions"},"timestamp":"2025-05-15 09:23:49,027+0530","service":"FyersAPIRequest"}
{"level":"DEBUG","location":"[get_call:140] fyersModel","message":{"Status Code":200,"API":"/positions"},"timestamp":"2025-05-15 09:23:52,575+0530","service":"FyersAPIRequest"}
{"level":"DEBUG","location":"[get_call:140] fyersModel","message":{"Status Code":200,"API":"/positions"},"timestamp":"2025-05-15 09:23:55,593+0530","service":"FyersAPIRequest"}
{"level":"DEBUG","location":"[get_call:140] fyersModel","message":{"Status Code":200,"API":"/positions"},"timestamp":"2025-05-15 09:23:58,600+0530","service":"FyersAPIRequest"}
{"level":"DEBUG","location":"[get_call:140] fyersModel","message":{"Status Code":200,"API":"/positions"},"timestamp":"2025-05-15 09:24:01,563+0530","service":"FyersAPIRequest"}
{"level":"DEBUG","location":"[get_call:140] fyersModel","message":{"Status Code":200,"API":"/positions"},"timestamp":"2025-05-15 09:24:04,592+0530","service":"FyersAPIRequest"}
{"level":"DEBUG","location":"[get_call:140] fyersModel","message":{"Status Code":200,"API":"/positions"},"timestamp":"2025-05-15 09:24:07,599+0530","service":"FyersAPIRequest"}
{"level":"DEBUG","location":"[get_call:140] fyersModel","message":{"Status Code":200,"API":"/positions"},"timestamp":"2025-05-15 09:24:10,642+0530","service":"FyersAPIRequest"}
{"level":"DEBUG","location":"[get_call:140] fyersModel","message":{"Status Code":200,"API":"/positions"},"timestamp":"2025-05-15 09:24:13,639+0530","service":"FyersAPIRequest"}
{"level":"DEBUG","location":"[get_call:140] fyersModel","message":{"Status Code":200,"API":"/positions"},"timestamp":"2025-05-15 09:24:16,641+0530","service":"FyersAPIRequest"}
{"level":"DEBUG","location":"[get_call:140] fyersModel","message":{"Status Code":200,"API":"/positions"},"timestamp":"2025-05-15 09:24:19,621+0530","service":"FyersAPIRequest"}
{"level":"DEBUG","location":"[get_call:140] fyersModel","message":{"Status Code":200,"API":"/positions"},"timestamp":"2025-05-15 09:24:22,586+0530","service":"FyersAPIRequest"}
{"level":"DEBUG","location":"[get_call:140] fyersModel","message":{"Status Code":200,"API":"/positions"},"timestamp":"2025-05-15 09:24:25,532+0530","service":"FyersAPIRequest"}
{"level":"DEBUG","location":"[get_call:140] fyersModel","message":{"Status Code":200,"API":"/positions"},"timestamp":"2025-05-15 09:24:28,449+0530","service":"FyersAPIRequest"}
{"level":"DEBUG","location":"[get_call:140] fyersModel","message":{"Status Code":200,"API":"/positions"},"timestamp":"2025-05-15 09:24:31,497+0530","service":"FyersAPIRequest"}
{"level":"DEBUG","location":"[get_call:140] fyersModel","message":{"Status Code":200,"API":"/positions"},"timestamp":"2025-05-15 09:24:34,573+0530","service":"FyersAPIRequest"}
{"level":"DEBUG","location":"[get_call:140] fyersModel","message":{"Status Code":200,"API":"/positions"},"timestamp":"2025-05-15 09:24:37,668+0530","service":"FyersAPIRequest"}
{"level":"DEBUG","location":"[get_call:140] fyersModel","message":{"Status Code":200,"API":"/positions"},"timestamp":"2025-05-15 09:24:40,675+0530","service":"FyersAPIRequest"}
{"level":"DEBUG","location":"[get_call:140] fyersModel","message":{"Status Code":200,"API":"/positions"},"timestamp":"2025-05-15 09:24:43,713+0530","service":"FyersAPIRequest"}
{"level":"DEBUG","location":"[get_call:140] fyersModel","message":{"Status Code":200,"API":"/positions"},"timestamp":"2025-05-15 09:24:46,734+0530","service":"FyersAPIRequest"}
{"level":"DEBUG","location":"[get_call:140] fyersModel","message":{"Status Code":200,"API":"/positions"},"timestamp":"2025-05-15 09:24:49,757+0530","service":"FyersAPIRequest"}
{"level":"DEBUG","location":"[get_call:140] fyersModel","message":{"Status Code":200,"API":"/positions"},"timestamp":"2025-05-15 09:24:52,788+0530","service":"FyersAPIRequest"}
{"level":"DEBUG","location":"[get_call:140] fyersModel","message":{"Status Code":200,"API":"/positions"},"timestamp":"2025-05-15 09:24:55,770+0530","service":"FyersAPIRequest"}
{"level":"DEBUG","location":"[get_call:140] fyersModel","message":{"Status Code":200,"API":"/positions"},"timestamp":"2025-05-15 09:24:58,842+0530","service":"FyersAPIRequest"}
{"level":"DEBUG","location":"[get_call:140] fyersModel","message":{"Status Code":200,"API":"/positions"},"timestamp":"2025-05-15 09:25:01,877+0530","service":"FyersAPIRequest"}
{"level":"DEBUG","location":"[get_call:140] fyersModel","message":{"Status Code":200,"API":"/positions"},"timestamp":"2025-05-15 09:25:04,916+0530","service":"FyersAPIRequest"}
{"level":"DEBUG","location":"[get_call:140] fyersModel","message":{"Status Code":200,"API":"/positions"},"timestamp":"2025-05-15 09:25:07,920+0530","service":"FyersAPIRequest"}
{"level":"DEBUG","location":"[get_call:140] fyersModel","message":{"Status Code":200,"API":"/positions"},"timestamp":"2025-05-15 09:25:10,925+0530","service":"FyersAPIRequest"}
{"level":"DEBUG","location":"[get_call:140] fyersModel","message":{"Status Code":200,"API":"/positions"},"timestamp":"2025-05-15 09:25:13,894+0530","service":"FyersAPIRequest"}
{"level":"DEBUG","location":"[get_call:140] fyersModel","message":{"Status Code":200,"API":"/positions"},"timestamp":"2025-05-15 09:25:16,912+0530","service":"FyersAPIRequest"}
{"level":"DEBUG","location":"[get_call:140] fyersModel","message":{"Status Code":200,"API":"/positions"},"timestamp":"2025-05-15 09:25:19,972+0530","service":"FyersAPIRequest"}
{"level":"DEBUG","location":"[get_call:140] fyersModel","message":{"Status Code":200,"API":"/positions"},"timestamp":"2025-05-15 09:25:22,998+0530","service":"FyersAPIRequest"}
{"level":"DEBUG","location":"[get_call:140] fyersModel","message":{"Status Code":200,"API":"/positions"},"timestamp":"2025-05-15 09:25:25,989+0530","service":"FyersAPIRequest"}
{"level":"DEBUG","location":"[get_call:140] fyersModel","message":{"Status Code":200,"API":"/positions"},"timestamp":"2025-05-15 09:25:29,072+0530","service":"FyersAPIRequest"}
{"level":"DEBUG","location":"[get_call:140] fyersModel","message":{"Status Code":200,"API":"/positions"},"timestamp":"2025-05-15 09:25:32,069+0530","service":"FyersAPIRequest"}
{"level":"DEBUG","location":"[get_call:140] fyersModel","message":{"Status Code":200,"API":"/positions"},"timestamp":"2025-05-15 09:25:35,129+0530","service":"FyersAPIRequest"}
{"level":"DEBUG","location":"[get_call:140] fyersModel","message":{"Status Code":200,"API":"/positions"},"timestamp":"2025-05-15 09:25:38,129+0530","service":"FyersAPIRequest"}
{"level":"DEBUG","location":"[get_call:140] fyersModel","message":{"Status Code":200,"API":"/positions"},"timestamp":"2025-05-15 09:25:41,148+0530","service":"FyersAPIRequest"}
{"level":"DEBUG","location":"[get_call:140] fyersModel","message":{"Status Code":200,"API":"/positions"},"timestamp":"2025-05-15 09:25:44,180+0530","service":"FyersAPIRequest"}
{"level":"DEBUG","location":"[get_call:140] fyersModel","message":{"Status Code":200,"API":"/positions"},"timestamp":"2025-05-15 09:25:47,187+0530","service":"FyersAPIRequest"}
{"level":"DEBUG","location":"[get_call:140] fyersModel","message":{"Status Code":200,"API":"/positions"},"timestamp":"2025-05-15 09:25:50,195+0530","service":"FyersAPIRequest"}
{"level":"DEBUG","location":"[get_call:140] fyersModel","message":{"Status Code":200,"API":"/positions"},"timestamp":"2025-05-15 09:25:53,240+0530","service":"FyersAPIRequest"}
{"level":"DEBUG","location":"[get_call:140] fyersModel","message":{"Status Code":200,"API":"/positions"},"timestamp":"2025-05-15 09:25:56,215+0530","service":"FyersAPIRequest"}
{"level":"DEBUG","location":"[get_call:140] fyersModel","message":{"Status Code":200,"API":"/positions"},"timestamp":"2025-05-15 09:25:59,231+0530","service":"FyersAPIRequest"}
{"level":"DEBUG","location":"[get_call:140] fyersModel","message":{"Status Code":200,"API":"/positions"},"timestamp":"2025-05-15 09:26:02,202+0530","service":"FyersAPIRequest"}
{"level":"DEBUG","location":"[get_call:140] fyersModel","message":{"Status Code":200,"API":"/positions"},"timestamp":"2025-05-15 09:26:05,272+0530","service":"FyersAPIRequest"}
{"level":"DEBUG","location":"[get_call:140] fyersModel","message":{"Status Code":200,"API":"/positions"},"timestamp":"2025-05-15 09:26:08,295+0530","service":"FyersAPIRequest"}
{"level":"DEBUG","location":"[get_call:140] fyersModel","message":{"Status Code":200,"API":"/positions"},"timestamp":"2025-05-15 09:26:11,307+0530","service":"FyersAPIRequest"}
{"level":"DEBUG","location":"[get_call:140] fyersModel","message":{"Status Code":200,"API":"/positions"},"timestamp":"2025-05-15 09:26:14,375+0530","service":"FyersAPIRequest"}
{"level":"DEBUG","location":"[get_call:140] fyersModel","message":{"Status Code":200,"API":"/positions"},"timestamp":"2025-05-15 09:26:17,382+0530","service":"FyersAPIRequest"}
{"level":"DEBUG","location":"[get_call:140] fyersModel","message":{"Status Code":200,"API":"/positions"},"timestamp":"2025-05-15 09:26:20,323+0530","service":"FyersAPIRequest"}
{"level":"DEBUG","location":"[get_call:140] fyersModel","message":{"Status Code":200,"API":"/positions"},"timestamp":"2025-05-15 09:26:23,324+0530","service":"FyersAPIRequest"}
{"level":"DEBUG","location":"[get_call:140] fyersModel","message":{"Status Code":200,"API":"/positions"},"timestamp":"2025-05-15 09:26:26,799+0530","service":"FyersAPIRequest"}
{"level":"DEBUG","location":"[get_call:140] fyersModel","message":{"Status Code":200,"API":"/positions"},"timestamp":"2025-05-15 09:26:29,823+0530","service":"FyersAPIRequest"}
{"level":"DEBUG","location":"[get_call:140] fyersModel","message":{"Status Code":200,"API":"/positions"},"timestamp":"2025-05-15 09:26:32,860+0530","service":"FyersAPIRequest"}
{"level":"DEBUG","location":"[get_call:140] fyersModel","message":{"Status Code":200,"API":"/positions"},"timestamp":"2025-05-15 09:26:35,885+0530","service":"FyersAPIRequest"}
{"level":"DEBUG","location":"[get_call:140] fyersModel","message":{"Status Code":200,"API":"/positions"},"timestamp":"2025-05-15 09:26:38,941+0530","service":"FyersAPIRequest"}
{"level":"DEBUG","location":"[get_call:140] fyersModel","message":{"Status Code":200,"API":"/positions"},"timestamp":"2025-05-15 09:26:41,969+0530","service":"FyersAPIRequest"}
{"level":"DEBUG","location":"[get_call:140] fyersModel","message":{"Status Code":200,"API":"/positions"},"timestamp":"2025-05-15 09:26:45,009+0530","service":"FyersAPIRequest"}
{"level":"DEBUG","location":"[get_call:140] fyersModel","message":{"Status Code":200,"API":"/positions"},"timestamp":"2025-05-15 09:26:48,042+0530","service":"FyersAPIRequest"}
{"level":"DEBUG","location":"[get_call:140] fyersModel","message":{"Status Code":200,"API":"/positions"},"timestamp":"2025-05-15 09:26:51,063+0530","service":"FyersAPIRequest"}
{"level":"DEBUG","location":"[get_call:140] fyersModel","message":{"Status Code":200,"API":"/positions"},"timestamp":"2025-05-15 09:26:54,113+0530","service":"FyersAPIRequest"}
{"level":"DEBUG","location":"[get_call:140] fyersModel","message":{"Status Code":200,"API":"/positions"},"timestamp":"2025-05-15 09:26:57,148+0530","service":"FyersAPIRequest"}
{"level":"DEBUG","location":"[get_call:140] fyersModel","message":{"Status Code":200,"API":"/positions"},"timestamp":"2025-05-15 09:27:00,140+0530","service":"FyersAPIRequest"}
{"level":"DEBUG","location":"[get_call:140] fyersModel","message":{"Status Code":200,"API":"/positions"},"timestamp":"2025-05-15 09:27:03,168+0530","service":"FyersAPIRequest"}
{"level":"DEBUG","location":"[get_call:140] fyersModel","message":{"Status Code":200,"API":"/positions"},"timestamp":"2025-05-15 09:27:06,173+0530","service":"FyersAPIRequest"}
{"level":"DEBUG","location":"[get_call:140] fyersModel","message":{"Status Code":200,"API":"/positions"},"timestamp":"2025-05-15 09:27:09,182+0530","service":"FyersAPIRequest"}
{"level":"DEBUG","location":"[get_call:140] fyersModel","message":{"Status Code":200,"API":"/positions"},"timestamp":"2025-05-15 09:27:12,175+0530","service":"FyersAPIRequest"}
{"level":"DEBUG","location":"[get_call:140] fyersModel","message":{"Status Code":200,"API":"/positions"},"timestamp":"2025-05-15 09:27:15,181+0530","service":"FyersAPIRequest"}
{"level":"DEBUG","location":"[get_call:140] fyersModel","message":{"Status Code":200,"API":"/positions"},"timestamp":"2025-05-15 09:27:18,181+0530","service":"FyersAPIRequest"}
{"level":"DEBUG","location":"[get_call:140] fyersModel","message":{"Status Code":200,"API":"/positions"},"timestamp":"2025-05-15 09:27:21,734+0530","service":"FyersAPIRequest"}
{"level":"DEBUG","location":"[get_call:140] fyersModel","message":{"Status Code":200,"API":"/positions"},"timestamp":"2025-05-15 09:27:25,357+0530","service":"FyersAPIRequest"}
{"level":"DEBUG","location":"[get_call:140] fyersModel","message":{"Status Code":200,"API":"/positions"},"timestamp":"2025-05-15 09:27:28,406+0530","service":"FyersAPIRequest"}
{"level":"DEBUG","location":"[get_call:140] fyersModel","message":{"Status Code":200,"API":"/positions"},"timestamp":"2025-05-15 09:27:31,440+0530","service":"FyersAPIRequest"}
{"level":"DEBUG","location":"[get_call:140] fyersModel","message":{"Status Code":200,"API":"/positions"},"timestamp":"2025-05-15 09:27:34,480+0530","service":"FyersAPIRequest"}
{"level":"DEBUG","location":"[get_call:140] fyersModel","message":{"Status Code":200,"API":"/positions"},"timestamp":"2025-05-15 09:27:38,046+0530","service":"FyersAPIRequest"}
{"level":"DEBUG","location":"[get_call:140] fyersModel","message":{"Status Code":200,"API":"/positions"},"timestamp":"2025-05-15 09:27:41,570+0530","service":"FyersAPIRequest"}
{"level":"DEBUG","location":"[get_call:140] fyersModel","message":{"Status Code":200,"API":"/positions"},"timestamp":"2025-05-15 09:27:44,591+0530","service":"FyersAPIRequest"}
{"level":"DEBUG","location":"[get_call:140] fyersModel","message":{"Status Code":200,"API":"/positions"},"timestamp":"2025-05-15 09:27:47,631+0530","service":"FyersAPIRequest"}
{"level":"DEBUG","location":"[get_call:140] fyersModel","message":{"Status Code":200,"API":"/positions"},"timestamp":"2025-05-15 09:27:50,671+0530","service":"FyersAPIRequest"}
{"level":"DEBUG","location":"[get_call:140] fyersModel","message":{"Status Code":200,"API":"/positions"},"timestamp":"2025-05-15 09:27:53,716+0530","service":"FyersAPIRequest"}
{"level":"DEBUG","location":"[get_call:140] fyersModel","message":{"Status Code":200,"API":"/positions"},"timestamp":"2025-05-15 09:27:56,699+0530","service":"FyersAPIRequest"}
{"level":"DEBUG","location":"[get_call:140] fyersModel","message":{"Status Code":200,"API":"/positions"},"timestamp":"2025-05-15 09:27:59,727+0530","service":"FyersAPIRequest"}
{"level":"DEBUG","location":"[get_call:140] fyersModel","message":{"Status Code":200,"API":"/positions"},"timestamp":"2025-05-15 09:28:02,735+0530","service":"FyersAPIRequest"}
{"level":"DEBUG","location":"[get_call:140] fyersModel","message":{"Status Code":200,"API":"/positions"},"timestamp":"2025-05-15 09:28:05,805+0530","service":"FyersAPIRequest"}
{"level":"DEBUG","location":"[get_call:140] fyersModel","message":{"Status Code":200,"API":"/positions"},"timestamp":"2025-05-15 09:28:08,846+0530","service":"FyersAPIRequest"}
{"level":"DEBUG","location":"[get_call:140] fyersModel","message":{"Status Code":200,"API":"/positions"},"timestamp":"2025-05-15 09:28:11,887+0530","service":"FyersAPIRequest"}
{"level":"DEBUG","location":"[get_call:140] fyersModel","message":{"Status Code":200,"API":"/positions"},"timestamp":"2025-05-15 09:28:14,938+0530","service":"FyersAPIRequest"}
{"level":"DEBUG","location":"[get_call:140] fyersModel","message":{"Status Code":200,"API":"/positions"},"timestamp":"2025-05-15 09:28:18,035+0530","service":"FyersAPIRequest"}
{"level":"DEBUG","location":"[get_call:140] fyersModel","message":{"Status Code":200,"API":"/positions"},"timestamp":"2025-05-15 09:28:21,063+0530","service":"FyersAPIRequest"}
{"level":"DEBUG","location":"[get_call:140] fyersModel","message":{"Status Code":200,"API":"/positions"},"timestamp":"2025-05-15 09:28:24,087+0530","service":"FyersAPIRequest"}
{"level":"DEBUG","location":"[get_call:140] fyersModel","message":{"Status Code":200,"API":"/positions"},"timestamp":"2025-05-15 09:28:27,139+0530","service":"FyersAPIRequest"}
{"level":"DEBUG","location":"[get_call:140] fyersModel","message":{"Status Code":200,"API":"/positions"},"timestamp":"2025-05-15 09:28:30,167+0530","service":"FyersAPIRequest"}
{"level":"DEBUG","location":"[get_call:140] fyersModel","message":{"Status Code":200,"API":"/positions"},"timestamp":"2025-05-15 09:28:33,208+0530","service":"FyersAPIRequest"}
{"level":"DEBUG","location":"[get_call:140] fyersModel","message":{"Status Code":200,"API":"/positions"},"timestamp":"2025-05-15 09:28:36,217+0530","service":"FyersAPIRequest"}
{"level":"DEBUG","location":"[get_call:140] fyersModel","message":{"Status Code":200,"API":"/positions"},"timestamp":"2025-05-15 09:28:39,260+0530","service":"FyersAPIRequest"}
{"level":"DEBUG","location":"[get_call:140] fyersModel","message":{"Status Code":200,"API":"/positions"},"timestamp":"2025-05-15 09:28:42,277+0530","service":"FyersAPIRequest"}
{"level":"DEBUG","location":"[get_call:140] fyersModel","message":{"Status Code":200,"API":"/positions"},"timestamp":"2025-05-15 09:28:45,338+0530","service":"FyersAPIRequest"}
{"level":"DEBUG","location":"[get_call:140] fyersModel","message":{"Status Code":200,"API":"/positions"},"timestamp":"2025-05-15 09:28:48,876+0530","service":"FyersAPIRequest"}
{"level":"DEBUG","location":"[get_call:140] fyersModel","message":{"Status Code":200,"API":"/positions"},"timestamp":"2025-05-15 09:28:51,904+0530","service":"FyersAPIRequest"}
{"level":"DEBUG","location":"[get_call:140] fyersModel","message":{"Status Code":200,"API":"/positions"},"timestamp":"2025-05-15 09:28:54,920+0530","service":"FyersAPIRequest"}
{"level":"DEBUG","location":"[get_call:140] fyersModel","message":{"Status Code":200,"API":"/positions"},"timestamp":"2025-05-15 09:28:58,008+0530","service":"FyersAPIRequest"}
{"level":"DEBUG","location":"[get_call:140] fyersModel","message":{"Status Code":200,"API":"/positions"},"timestamp":"2025-05-15 09:29:01,063+0530","service":"FyersAPIRequest"}
{"level":"DEBUG","location":"[get_call:140] fyersModel","message":{"Status Code":200,"API":"/positions"},"timestamp":"2025-05-15 09:29:04,084+0530","service":"FyersAPIRequest"}
{"level":"DEBUG","location":"[get_call:140] fyersModel","message":{"Status Code":200,"API":"/positions"},"timestamp":"2025-05-15 09:29:07,103+0530","service":"FyersAPIRequest"}
{"level":"DEBUG","location":"[get_call:140] fyersModel","message":{"Status Code":200,"API":"/positions"},"timestamp":"2025-05-15 09:29:10,141+0530","service":"FyersAPIRequest"}
{"level":"DEBUG","location":"[get_call:140] fyersModel","message":{"Status Code":200,"API":"/positions"},"timestamp":"2025-05-15 09:29:13,189+0530","service":"FyersAPIRequest"}
{"level":"DEBUG","location":"[get_call:140] fyersModel","message":{"Status Code":200,"API":"/positions"},"timestamp":"2025-05-15 09:29:16,249+0530","service":"FyersAPIRequest"}
{"level":"DEBUG","location":"[get_call:140] fyersModel","message":{"Status Code":200,"API":"/positions"},"timestamp":"2025-05-15 09:29:19,259+0530","service":"FyersAPIRequest"}
{"level":"DEBUG","location":"[get_call:140] fyersModel","message":{"Status Code":200,"API":"/positions"},"timestamp":"2025-05-15 09:29:22,283+0530","service":"FyersAPIRequest"}
{"level":"DEBUG","location":"[get_call:140] fyersModel","message":{"Status Code":200,"API":"/positions"},"timestamp":"2025-05-15 09:29:25,419+0530","service":"FyersAPIRequest"}
{"level":"DEBUG","location":"[get_call:140] fyersModel","message":{"Status Code":200,"API":"/positions"},"timestamp":"2025-05-15 09:29:28,439+0530","service":"FyersAPIRequest"}
{"level":"DEBUG","location":"[get_call:140] fyersModel","message":{"Status Code":200,"API":"/positions"},"timestamp":"2025-05-15 09:29:31,444+0530","service":"FyersAPIRequest"}
{"level":"DEBUG","location":"[get_call:140] fyersModel","message":{"Status Code":200,"API":"/positions"},"timestamp":"2025-05-15 09:29:34,476+0530","service":"FyersAPIRequest"}
{"level":"DEBUG","location":"[get_call:140] fyersModel","message":{"Status Code":200,"API":"/positions"},"timestamp":"2025-05-15 09:29:37,509+0530","service":"FyersAPIRequest"}
{"level":"DEBUG","location":"[get_call:140] fyersModel","message":{"Status Code":200,"API":"/positions"},"timestamp":"2025-05-15 09:29:40,499+0530","service":"FyersAPIRequest"}
{"level":"DEBUG","location":"[get_call:140] fyersModel","message":{"Status Code":200,"API":"/positions"},"timestamp":"2025-05-15 09:29:43,513+0530","service":"FyersAPIRequest"}
{"level":"DEBUG","location":"[get_call:140] fyersModel","message":{"Status Code":200,"API":"/positions"},"timestamp":"2025-05-15 09:29:46,509+0530","service":"FyersAPIRequest"}
{"level":"DEBUG","location":"[get_call:140] fyersModel","message":{"Status Code":200,"API":"/positions"},"timestamp":"2025-05-15 09:29:49,532+0530","service":"FyersAPIRequest"}
{"level":"DEBUG","location":"[get_call:140] fyersModel","message":{"Status Code":200,"API":"/positions"},"timestamp":"2025-05-15 09:30:13,611+0530","service":"FyersAPIRequest"}
{"level":"DEBUG","location":"[get_call:140] fyersModel","message":{"Status Code":200,"API":"/positions"},"timestamp":"2025-05-15 09:30:16,671+0530","service":"FyersAPIRequest"}
{"level":"DEBUG","location":"[get_call:140] fyersModel","message":{"Status Code":200,"API":"/positions"},"timestamp":"2025-05-15 09:30:19,736+0530","service":"FyersAPIRequest"}
{"level":"DEBUG","location":"[get_call:140] fyersModel","message":{"Status Code":200,"API":"/positions"},"timestamp":"2025-05-15 09:30:22,777+0530","service":"FyersAPIRequest"}
{"level":"DEBUG","location":"[get_call:140] fyersModel","message":{"Status Code":200,"API":"/positions"},"timestamp":"2025-05-15 09:30:25,780+0530","service":"FyersAPIRequest"}
{"level":"DEBUG","location":"[get_call:140] fyersModel","message":{"Status Code":200,"API":"/positions"},"timestamp":"2025-05-15 09:30:28,868+0530","service":"FyersAPIRequest"}
{"level":"DEBUG","location":"[get_call:140] fyersModel","message":{"Status Code":200,"API":"/positions"},"timestamp":"2025-05-15 09:30:31,874+0530","service":"FyersAPIRequest"}
{"level":"DEBUG","location":"[get_call:140] fyersModel","message":{"Status Code":200,"API":"/positions"},"timestamp":"2025-05-15 09:30:35,368+0530","service":"FyersAPIRequest"}
{"level":"DEBUG","location":"[get_call:140] fyersModel","message":{"Status Code":200,"API":"/positions"},"timestamp":"2025-05-15 09:30:38,361+0530","service":"FyersAPIRequest"}
{"level":"DEBUG","location":"[get_call:140] fyersModel","message":{"Status Code":200,"API":"/positions"},"timestamp":"2025-05-15 09:30:41,382+0530","service":"FyersAPIRequest"}
{"level":"DEBUG","location":"[get_call:140] fyersModel","message":{"Status Code":200,"API":"/positions"},"timestamp":"2025-05-15 09:30:44,388+0530","service":"FyersAPIRequest"}
{"level":"DEBUG","location":"[get_call:140] fyersModel","message":{"Status Code":200,"API":"/positions"},"timestamp":"2025-05-15 09:30:47,392+0530","service":"FyersAPIRequest"}
{"level":"DEBUG","location":"[get_call:140] fyersModel","message":{"Status Code":200,"API":"/positions"},"timestamp":"2025-05-15 09:30:50,425+0530","service":"FyersAPIRequest"}
{"level":"DEBUG","location":"[get_call:140] fyersModel","message":{"Status Code":200,"API":"/positions"},"timestamp":"2025-05-15 09:30:53,431+0530","service":"FyersAPIRequest"}
{"level":"DEBUG","location":"[get_call:140] fyersModel","message":{"Status Code":200,"API":"/positions"},"timestamp":"2025-05-15 09:30:56,446+0530","service":"FyersAPIRequest"}
{"level":"DEBUG","location":"[get_call:140] fyersModel","message":{"Status Code":200,"API":"/positions"},"timestamp":"2025-05-15 09:30:59,457+0530","service":"FyersAPIRequest"}
{"level":"DEBUG","location":"[get_call:140] fyersModel","message":{"Status Code":200,"API":"/positions"},"timestamp":"2025-05-15 09:31:02,478+0530","service":"FyersAPIRequest"}
{"level":"DEBUG","location":"[get_call:140] fyersModel","message":{"Status Code":200,"API":"/positions"},"timestamp":"2025-05-15 09:31:05,480+0530","service":"FyersAPIRequest"}
{"level":"DEBUG","location":"[get_call:140] fyersModel","message":{"Status Code":200,"API":"/positions"},"timestamp":"2025-05-15 09:31:08,526+0530","service":"FyersAPIRequest"}
{"level":"DEBUG","location":"[get_call:140] fyersModel","message":{"Status Code":200,"API":"/positions"},"timestamp":"2025-05-15 09:31:12,095+0530","service":"FyersAPIRequest"}
{"level":"DEBUG","location":"[get_call:140] fyersModel","message":{"Status Code":200,"API":"/positions"},"timestamp":"2025-05-15 09:31:15,121+0530","service":"FyersAPIRequest"}
{"level":"DEBUG","location":"[get_call:140] fyersModel","message":{"Status Code":200,"API":"/positions"},"timestamp":"2025-05-15 09:31:18,121+0530","service":"FyersAPIRequest"}
{"level":"DEBUG","location":"[get_call:140] fyersModel","message":{"Status Code":200,"API":"/positions"},"timestamp":"2025-05-15 09:31:21,130+0530","service":"FyersAPIRequest"}
{"level":"DEBUG","location":"[get_call:140] fyersModel","message":{"Status Code":200,"API":"/positions"},"timestamp":"2025-05-15 09:31:24,682+0530","service":"FyersAPIRequest"}
{"level":"DEBUG","location":"[get_call:140] fyersModel","message":{"Status Code":200,"API":"/positions"},"timestamp":"2025-05-15 09:31:27,729+0530","service":"FyersAPIRequest"}
{"level":"DEBUG","location":"[get_call:140] fyersModel","message":{"Status Code":200,"API":"/positions"},"timestamp":"2025-05-15 09:31:31,013+0530","service":"FyersAPIRequest"}
{"level":"DEBUG","location":"[get_call:140] fyersModel","message":{"Status Code":200,"API":"/positions"},"timestamp":"2025-05-15 09:31:34,023+0530","service":"FyersAPIRequest"}
{"level":"DEBUG","location":"[get_call:140] fyersModel","message":{"Status Code":200,"API":"/positions"},"timestamp":"2025-05-15 09:31:37,113+0530","service":"FyersAPIRequest"}
{"level":"DEBUG","location":"[get_call:140] fyersModel","message":{"Status Code":200,"API":"/positions"},"timestamp":"2025-05-15 09:31:40,135+0530","service":"FyersAPIRequest"}
{"level":"DEBUG","location":"[get_call:140] fyersModel","message":{"Status Code":200,"API":"/positions"},"timestamp":"2025-05-15 09:31:43,174+0530","service":"FyersAPIRequest"}
{"level":"DEBUG","location":"[get_call:140] fyersModel","message":{"Status Code":200,"API":"/positions"},"timestamp":"2025-05-15 09:31:46,211+0530","service":"FyersAPIRequest"}
{"level":"DEBUG","location":"[get_call:140] fyersModel","message":{"Status Code":200,"API":"/positions"},"timestamp":"2025-05-15 09:31:49,243+0530","service":"FyersAPIRequest"}
{"level":"DEBUG","location":"[get_call:140] fyersModel","message":{"Status Code":200,"API":"/positions"},"timestamp":"2025-05-15 09:31:52,257+0530","service":"FyersAPIRequest"}
{"level":"DEBUG","location":"[get_call:140] fyersModel","message":{"Status Code":200,"API":"/positions"},"timestamp":"2025-05-15 09:31:55,314+0530","service":"FyersAPIRequest"}
{"level":"DEBUG","location":"[get_call:140] fyersModel","message":{"Status Code":200,"API":"/positions"},"timestamp":"2025-05-15 09:31:58,386+0530","service":"FyersAPIRequest"}
{"level":"DEBUG","location":"[get_call:140] fyersModel","message":{"Status Code":200,"API":"/positions"},"timestamp":"2025-05-15 09:32:01,433+0530","service":"FyersAPIRequest"}
{"level":"DEBUG","location":"[get_call:140] fyersModel","message":{"Status Code":200,"API":"/positions"},"timestamp":"2025-05-15 09:32:04,503+0530","service":"FyersAPIRequest"}
{"level":"DEBUG","location":"[get_call:140] fyersModel","message":{"Status Code":200,"API":"/positions"},"timestamp":"2025-05-15 09:32:07,570+0530","service":"FyersAPIRequest"}
{"level":"DEBUG","location":"[get_call:140] fyersModel","message":{"Status Code":200,"API":"/positions"},"timestamp":"2025-05-15 09:32:10,658+0530","service":"FyersAPIRequest"}
{"level":"DEBUG","location":"[get_call:140] fyersModel","message":{"Status Code":200,"API":"/positions"},"timestamp":"2025-05-15 09:32:13,657+0530","service":"FyersAPIRequest"}
{"level":"DEBUG","location":"[get_call:140] fyersModel","message":{"Status Code":200,"API":"/positions"},"timestamp":"2025-05-15 09:32:16,708+0530","service":"FyersAPIRequest"}
{"level":"DEBUG","location":"[get_call:140] fyersModel","message":{"Status Code":200,"API":"/positions"},"timestamp":"2025-05-15 09:32:19,742+0530","service":"FyersAPIRequest"}
{"level":"DEBUG","location":"[get_call:140] fyersModel","message":{"Status Code":200,"API":"/positions"},"timestamp":"2025-05-15 09:32:22,792+0530","service":"FyersAPIRequest"}
{"level":"DEBUG","location":"[get_call:140] fyersModel","message":{"Status Code":200,"API":"/positions"},"timestamp":"2025-05-15 09:32:25,812+0530","service":"FyersAPIRequest"}
{"level":"DEBUG","location":"[get_call:140] fyersModel","message":{"Status Code":200,"API":"/positions"},"timestamp":"2025-05-15 09:32:28,846+0530","service":"FyersAPIRequest"}
{"level":"DEBUG","location":"[get_call:140] fyersModel","message":{"Status Code":200,"API":"/positions"},"timestamp":"2025-05-15 09:32:32,421+0530","service":"FyersAPIRequest"}
{"level":"DEBUG","location":"[get_call:140] fyersModel","message":{"Status Code":200,"API":"/positions"},"timestamp":"2025-05-15 09:32:35,437+0530","service":"FyersAPIRequest"}
{"level":"DEBUG","location":"[get_call:140] fyersModel","message":{"Status Code":200,"API":"/positions"},"timestamp":"2025-05-15 09:32:38,717+0530","service":"FyersAPIRequest"}
{"level":"DEBUG","location":"[get_call:140] fyersModel","message":{"Status Code":200,"API":"/positions"},"timestamp":"2025-05-15 09:32:41,753+0530","service":"FyersAPIRequest"}
{"level":"DEBUG","location":"[get_call:140] fyersModel","message":{"Status Code":200,"API":"/positions"},"timestamp":"2025-05-15 09:32:45,300+0530","service":"FyersAPIRequest"}
{"level":"DEBUG","location":"[get_call:140] fyersModel","message":{"Status Code":200,"API":"/positions"},"timestamp":"2025-05-15 09:32:48,298+0530","service":"FyersAPIRequest"}
{"level":"DEBUG","location":"[get_call:140] fyersModel","message":{"Status Code":200,"API":"/positions"},"timestamp":"2025-05-15 09:32:51,337+0530","service":"FyersAPIRequest"}
{"level":"DEBUG","location":"[get_call:140] fyersModel","message":{"Status Code":200,"API":"/positions"},"timestamp":"2025-05-15 09:32:54,392+0530","service":"FyersAPIRequest"}
{"level":"DEBUG","location":"[get_call:140] fyersModel","message":{"Status Code":200,"API":"/positions"},"timestamp":"2025-05-15 09:32:57,438+0530","service":"FyersAPIRequest"}
{"level":"DEBUG","location":"[get_call:140] fyersModel","message":{"Status Code":200,"API":"/positions"},"timestamp":"2025-05-15 09:33:00,455+0530","service":"FyersAPIRequest"}
{"level":"DEBUG","location":"[get_call:140] fyersModel","message":{"Status Code":200,"API":"/positions"},"timestamp":"2025-05-15 09:33:03,490+0530","service":"FyersAPIRequest"}
{"level":"DEBUG","location":"[get_call:140] fyersModel","message":{"Status Code":200,"API":"/positions"},"timestamp":"2025-05-15 09:33:06,538+0530","service":"FyersAPIRequest"}
{"level":"DEBUG","location":"[get_call:140] fyersModel","message":{"Status Code":200,"API":"/positions"},"timestamp":"2025-05-15 09:33:09,577+0530","service":"FyersAPIRequest"}
{"level":"DEBUG","location":"[get_call:140] fyersModel","message":{"Status Code":200,"API":"/positions"},"timestamp":"2025-05-15 09:33:12,620+0530","service":"FyersAPIRequest"}
{"level":"DEBUG","location":"[get_call:140] fyersModel","message":{"Status Code":200,"API":"/positions"},"timestamp":"2025-05-15 09:33:16,190+0530","service":"FyersAPIRequest"}
{"level":"DEBUG","location":"[get_call:140] fyersModel","message":{"Status Code":200,"API":"/positions"},"timestamp":"2025-05-15 09:33:19,231+0530","service":"FyersAPIRequest"}
{"level":"DEBUG","location":"[get_call:140] fyersModel","message":{"Status Code":200,"API":"/positions"},"timestamp":"2025-05-15 09:33:22,314+0530","service":"FyersAPIRequest"}
{"level":"DEBUG","location":"[get_call:140] fyersModel","message":{"Status Code":200,"API":"/positions"},"timestamp":"2025-05-15 09:33:25,352+0530","service":"FyersAPIRequest"}
{"level":"DEBUG","location":"[get_call:140] fyersModel","message":{"Status Code":200,"API":"/positions"},"timestamp":"2025-05-15 09:33:28,380+0530","service":"FyersAPIRequest"}
{"level":"DEBUG","location":"[get_call:140] fyersModel","message":{"Status Code":200,"API":"/positions"},"timestamp":"2025-05-15 09:33:31,423+0530","service":"FyersAPIRequest"}
{"level":"DEBUG","location":"[get_call:140] fyersModel","message":{"Status Code":200,"API":"/positions"},"timestamp":"2025-05-15 09:33:34,437+0530","service":"FyersAPIRequest"}
{"level":"DEBUG","location":"[get_call:140] fyersModel","message":{"Status Code":200,"API":"/positions"},"timestamp":"2025-05-15 09:33:37,478+0530","service":"FyersAPIRequest"}
{"level":"DEBUG","location":"[get_call:140] fyersModel","message":{"Status Code":200,"API":"/positions"},"timestamp":"2025-05-15 09:33:39,984+0530","service":"FyersAPIRequest"}
{"level":"DEBUG","location":"[get_call:140] fyersModel","message":{"Status Code":200,"API":"/positions"},"timestamp":"2025-05-15 09:33:42,474+0530","service":"FyersAPIRequest"}
{"level":"DEBUG","location":"[get_call:140] fyersModel","message":{"Status Code":200,"API":"/positions"},"timestamp":"2025-05-15 09:33:44,976+0530","service":"FyersAPIRequest"}
{"level":"DEBUG","location":"[get_call:140] fyersModel","message":{"Status Code":200,"API":"/positions"},"timestamp":"2025-05-15 09:33:47,482+0530","service":"FyersAPIRequest"}
{"level":"DEBUG","location":"[get_call:140] fyersModel","message":{"Status Code":200,"API":"/positions"},"timestamp":"2025-05-15 09:33:49,979+0530","service":"FyersAPIRequest"}
{"level":"DEBUG","location":"[get_call:140] fyersModel","message":{"Status Code":200,"API":"/positions"},"timestamp":"2025-05-15 09:33:52,475+0530","service":"FyersAPIRequest"}
{"level":"DEBUG","location":"[get_call:140] fyersModel","message":{"Status Code":200,"API":"/positions"},"timestamp":"2025-05-15 09:33:55,481+0530","service":"FyersAPIRequest"}
{"level":"DEBUG","location":"[get_call:140] fyersModel","message":{"Status Code":200,"API":"/positions"},"timestamp":"2025-05-15 09:33:57,980+0530","service":"FyersAPIRequest"}
{"level":"DEBUG","location":"[get_call:140] fyersModel","message":{"Status Code":200,"API":"/positions"},"timestamp":"2025-05-15 09:34:00,479+0530","service":"FyersAPIRequest"}
{"level":"DEBUG","location":"[get_call:140] fyersModel","message":{"Status Code":200,"API":"/positions"},"timestamp":"2025-05-15 09:34:02,971+0530","service":"FyersAPIRequest"}
{"level":"DEBUG","location":"[get_call:140] fyersModel","message":{"Status Code":200,"API":"/positions"},"timestamp":"2025-05-15 09:34:05,467+0530","service":"FyersAPIRequest"}
{"level":"DEBUG","location":"[get_call:140] fyersModel","message":{"Status Code":200,"API":"/positions"},"timestamp":"2025-05-15 09:34:07,962+0530","service":"FyersAPIRequest"}
{"level":"DEBUG","location":"[get_call:140] fyersModel","message":{"Status Code":200,"API":"/positions"},"timestamp":"2025-05-15 09:34:10,490+0530","service":"FyersAPIRequest"}
{"level":"DEBUG","location":"[get_call:140] fyersModel","message":{"Status Code":200,"API":"/positions"},"timestamp":"2025-05-15 09:34:12,992+0530","service":"FyersAPIRequest"}
{"level":"DEBUG","location":"[get_call:140] fyersModel","message":{"Status Code":200,"API":"/positions"},"timestamp":"2025-05-15 09:34:15,510+0530","service":"FyersAPIRequest"}
{"level":"DEBUG","location":"[get_call:140] fyersModel","message":{"Status Code":200,"API":"/positions"},"timestamp":"2025-05-15 09:34:18,008+0530","service":"FyersAPIRequest"}
{"level":"DEBUG","location":"[get_call:140] fyersModel","message":{"Status Code":200,"API":"/positions"},"timestamp":"2025-05-15 09:34:20,525+0530","service":"FyersAPIRequest"}
{"level":"DEBUG","location":"[get_call:140] fyersModel","message":{"Status Code":200,"API":"/positions"},"timestamp":"2025-05-15 09:34:23,029+0530","service":"FyersAPIRequest"}
{"level":"DEBUG","location":"[get_call:140] fyersModel","message":{"Status Code":200,"API":"/positions"},"timestamp":"2025-05-15 09:34:25,532+0530","service":"FyersAPIRequest"}
{"level":"DEBUG","location":"[get_call:140] fyersModel","message":{"Status Code":200,"API":"/positions"},"timestamp":"2025-05-15 09:34:28,029+0530","service":"FyersAPIRequest"}
{"level":"DEBUG","location":"[get_call:140] fyersModel","message":{"Status Code":200,"API":"/positions"},"timestamp":"2025-05-15 09:34:30,522+0530","service":"FyersAPIRequest"}
{"level":"DEBUG","location":"[get_call:140] fyersModel","message":{"Status Code":200,"API":"/positions"},"timestamp":"2025-05-15 09:34:33,016+0530","service":"FyersAPIRequest"}
{"level":"DEBUG","location":"[get_call:140] fyersModel","message":{"Status Code":200,"API":"/positions"},"timestamp":"2025-05-15 09:34:35,530+0530","service":"FyersAPIRequest"}
{"level":"DEBUG","location":"[get_call:140] fyersModel","message":{"Status Code":200,"API":"/positions"},"timestamp":"2025-05-15 09:34:38,542+0530","service":"FyersAPIRequest"}
{"level":"DEBUG","location":"[get_call:140] fyersModel","message":{"Status Code":200,"API":"/positions"},"timestamp":"2025-05-15 09:34:41,043+0530","service":"FyersAPIRequest"}
{"level":"DEBUG","location":"[get_call:140] fyersModel","message":{"Status Code":200,"API":"/positions"},"timestamp":"2025-05-15 09:34:43,628+0530","service":"FyersAPIRequest"}
{"level":"DEBUG","location":"[get_call:140] fyersModel","message":{"Status Code":200,"API":"/positions"},"timestamp":"2025-05-15 09:34:46,121+0530","service":"FyersAPIRequest"}
{"level":"DEBUG","location":"[get_call:140] fyersModel","message":{"Status Code":200,"API":"/positions"},"timestamp":"2025-05-15 09:34:48,609+0530","service":"FyersAPIRequest"}
{"level":"DEBUG","location":"[get_call:140] fyersModel","message":{"Status Code":200,"API":"/positions"},"timestamp":"2025-05-15 09:34:51,129+0530","service":"FyersAPIRequest"}
{"level":"DEBUG","location":"[get_call:140] fyersModel","message":{"Status Code":200,"API":"/positions"},"timestamp":"2025-05-15 09:34:53,642+0530","service":"FyersAPIRequest"}
{"level":"DEBUG","location":"[get_call:140] fyersModel","message":{"Status Code":200,"API":"/positions"},"timestamp":"2025-05-15 09:34:56,153+0530","service":"FyersAPIRequest"}
{"level":"DEBUG","location":"[get_call:140] fyersModel","message":{"Status Code":200,"API":"/positions"},"timestamp":"2025-05-15 09:34:58,662+0530","service":"FyersAPIRequest"}
{"level":"DEBUG","location":"[get_call:140] fyersModel","message":{"Status Code":200,"API":"/positions"},"timestamp":"2025-05-15 09:35:01,176+0530","service":"FyersAPIRequest"}
{"level":"DEBUG","location":"[get_call:140] fyersModel","message":{"Status Code":200,"API":"/positions"},"timestamp":"2025-05-15 09:35:03,685+0530","service":"FyersAPIRequest"}
{"level":"DEBUG","location":"[get_call:140] fyersModel","message":{"Status Code":200,"API":"/positions"},"timestamp":"2025-05-15 09:35:06,197+0530","service":"FyersAPIRequest"}
{"level":"DEBUG","location":"[get_call:140] fyersModel","message":{"Status Code":200,"API":"/positions"},"timestamp":"2025-05-15 09:35:08,698+0530","service":"FyersAPIRequest"}
{"level":"DEBUG","location":"[get_call:140] fyersModel","message":{"Status Code":200,"API":"/positions"},"timestamp":"2025-05-15 09:35:11,208+0530","service":"FyersAPIRequest"}
{"level":"DEBUG","location":"[get_call:140] fyersModel","message":{"Status Code":200,"API":"/positions"},"timestamp":"2025-05-15 09:45:09,615+0530","service":"FyersAPIRequest"}
{"level":"DEBUG","location":"[get_call:140] fyersModel","message":{"Status Code":200,"API":"/positions"},"timestamp":"2025-05-15 09:45:12,111+0530","service":"FyersAPIRequest"}
{"level":"DEBUG","location":"[get_call:140] fyersModel","message":{"Status Code":200,"API":"/positions"},"timestamp":"2025-05-15 09:45:15,160+0530","service":"FyersAPIRequest"}
{"level":"DEBUG","location":"[get_call:140] fyersModel","message":{"Status Code":200,"API":"/positions"},"timestamp":"2025-05-15 09:45:17,658+0530","service":"FyersAPIRequest"}
{"level":"DEBUG","location":"[get_call:140] fyersModel","message":{"Status Code":200,"API":"/positions"},"timestamp":"2025-05-15 09:45:20,170+0530","service":"FyersAPIRequest"}
{"level":"DEBUG","location":"[get_call:140] fyersModel","message":{"Status Code":200,"API":"/positions"},"timestamp":"2025-05-15 09:45:22,669+0530","service":"FyersAPIRequest"}
{"level":"DEBUG","location":"[get_call:140] fyersModel","message":{"Status Code":200,"API":"/positions"},"timestamp":"2025-05-15 09:45:25,177+0530","service":"FyersAPIRequest"}
{"level":"DEBUG","location":"[get_call:140] fyersModel","message":{"Status Code":200,"API":"/quotes"},"timestamp":"2025-05-15 09:45:54,741+0530","service":"FyersAPIRequest"}
{"level":"DEBUG","location":"[post_call:81] fyersModel","message":{"Status Code":200,"API":"/orders/sync"},"timestamp":"2025-05-15 09:45:55,831+0530","service":"FyersAPIRequest"}
{"level":"DEBUG","location":"[post_call:81] fyersModel","message":{"Status Code":200,"API":"/orders/sync"},"timestamp":"2025-05-15 09:45:56,375+0530","service":"FyersAPIRequest"}
{"level":"DEBUG","location":"[get_call:140] fyersModel","message":{"Status Code":200,"API":"/positions"},"timestamp":"2025-05-15 09:45:56,926+0530","service":"FyersAPIRequest"}
{"level":"DEBUG","location":"[get_call:140] fyersModel","message":{"Status Code":200,"API":"/positions"},"timestamp":"2025-05-15 09:45:59,916+0530","service":"FyersAPIRequest"}
{"level":"DEBUG","location":"[get_call:140] fyersModel","message":{"Status Code":200,"API":"/positions"},"timestamp":"2025-05-15 09:46:02,896+0530","service":"FyersAPIRequest"}
{"level":"DEBUG","location":"[get_call:140] fyersModel","message":{"Status Code":200,"API":"/positions"},"timestamp":"2025-05-15 09:46:05,927+0530","service":"FyersAPIRequest"}
{"level":"DEBUG","location":"[get_call:140] fyersModel","message":{"Status Code":200,"API":"/positions"},"timestamp":"2025-05-15 09:46:08,936+0530","service":"FyersAPIRequest"}
{"level":"DEBUG","location":"[get_call:140] fyersModel","message":{"Status Code":200,"API":"/positions"},"timestamp":"2025-05-15 09:46:11,951+0530","service":"FyersAPIRequest"}
{"level":"DEBUG","location":"[get_call:140] fyersModel","message":{"Status Code":200,"API":"/positions"},"timestamp":"2025-05-15 09:46:14,901+0530","service":"FyersAPIRequest"}
{"level":"DEBUG","location":"[get_call:140] fyersModel","message":{"Status Code":200,"API":"/positions"},"timestamp":"2025-05-15 09:46:17,908+0530","service":"FyersAPIRequest"}
{"level":"DEBUG","location":"[get_call:140] fyersModel","message":{"Status Code":200,"API":"/positions"},"timestamp":"2025-05-15 09:46:20,925+0530","service":"FyersAPIRequest"}
{"level":"DEBUG","location":"[get_call:140] fyersModel","message":{"Status Code":200,"API":"/positions"},"timestamp":"2025-05-15 09:46:23,936+0530","service":"FyersAPIRequest"}
{"level":"DEBUG","location":"[get_call:140] fyersModel","message":{"Status Code":200,"API":"/positions"},"timestamp":"2025-05-15 09:46:26,919+0530","service":"FyersAPIRequest"}
{"level":"DEBUG","location":"[get_call:140] fyersModel","message":{"Status Code":200,"API":"/positions"},"timestamp":"2025-05-15 09:46:29,913+0530","service":"FyersAPIRequest"}
{"level":"DEBUG","location":"[get_call:140] fyersModel","message":{"Status Code":200,"API":"/positions"},"timestamp":"2025-05-15 09:46:32,919+0530","service":"FyersAPIRequest"}
{"level":"DEBUG","location":"[get_call:140] fyersModel","message":{"Status Code":200,"API":"/positions"},"timestamp":"2025-05-15 09:46:35,949+0530","service":"FyersAPIRequest"}
{"level":"DEBUG","location":"[get_call:140] fyersModel","message":{"Status Code":200,"API":"/positions"},"timestamp":"2025-05-15 09:46:38,967+0530","service":"FyersAPIRequest"}
{"level":"DEBUG","location":"[get_call:140] fyersModel","message":{"Status Code":200,"API":"/positions"},"timestamp":"2025-05-15 09:46:41,989+0530","service":"FyersAPIRequest"}
{"level":"DEBUG","location":"[get_call:140] fyersModel","message":{"Status Code":200,"API":"/positions"},"timestamp":"2025-05-15 09:46:44,959+0530","service":"FyersAPIRequest"}
{"level":"DEBUG","location":"[get_call:140] fyersModel","message":{"Status Code":200,"API":"/positions"},"timestamp":"2025-05-15 09:46:47,960+0530","service":"FyersAPIRequest"}
{"level":"DEBUG","location":"[get_call:140] fyersModel","message":{"Status Code":200,"API":"/positions"},"timestamp":"2025-05-15 09:46:50,940+0530","service":"FyersAPIRequest"}
{"level":"DEBUG","location":"[get_call:140] fyersModel","message":{"Status Code":200,"API":"/positions"},"timestamp":"2025-05-15 09:46:53,964+0530","service":"FyersAPIRequest"}
{"level":"DEBUG","location":"[get_call:140] fyersModel","message":{"Status Code":200,"API":"/positions"},"timestamp":"2025-05-15 09:46:56,970+0530","service":"FyersAPIRequest"}
{"level":"DEBUG","location":"[get_call:140] fyersModel","message":{"Status Code":200,"API":"/positions"},"timestamp":"2025-05-15 09:46:59,917+0530","service":"FyersAPIRequest"}
{"level":"DEBUG","location":"[get_call:140] fyersModel","message":{"Status Code":200,"API":"/positions"},"timestamp":"2025-05-15 09:47:02,940+0530","service":"FyersAPIRequest"}
{"level":"DEBUG","location":"[get_call:140] fyersModel","message":{"Status Code":200,"API":"/positions"},"timestamp":"2025-05-15 09:47:05,906+0530","service":"FyersAPIRequest"}
{"level":"DEBUG","location":"[get_call:140] fyersModel","message":{"Status Code":200,"API":"/positions"},"timestamp":"2025-05-15 09:47:08,913+0530","service":"FyersAPIRequest"}
{"level":"DEBUG","location":"[get_call:140] fyersModel","message":{"Status Code":200,"API":"/positions"},"timestamp":"2025-05-15 09:47:11,892+0530","service":"FyersAPIRequest"}
{"level":"DEBUG","location":"[get_call:140] fyersModel","message":{"Status Code":200,"API":"/positions"},"timestamp":"2025-05-15 09:47:14,839+0530","service":"FyersAPIRequest"}
{"level":"DEBUG","location":"[get_call:140] fyersModel","message":{"Status Code":200,"API":"/positions"},"timestamp":"2025-05-15 09:47:18,347+0530","service":"FyersAPIRequest"}
{"level":"DEBUG","location":"[get_call:140] fyersModel","message":{"Status Code":200,"API":"/positions"},"timestamp":"2025-05-15 09:47:21,352+0530","service":"FyersAPIRequest"}
{"level":"DEBUG","location":"[get_call:140] fyersModel","message":{"Status Code":200,"API":"/positions"},"timestamp":"2025-05-15 09:47:24,375+0530","service":"FyersAPIRequest"}
{"level":"DEBUG","location":"[get_call:140] fyersModel","message":{"Status Code":200,"API":"/positions"},"timestamp":"2025-05-15 09:47:27,382+0530","service":"FyersAPIRequest"}
{"level":"DEBUG","location":"[get_call:140] fyersModel","message":{"Status Code":200,"API":"/positions"},"timestamp":"2025-05-15 09:47:30,367+0530","service":"FyersAPIRequest"}
{"level":"DEBUG","location":"[get_call:140] fyersModel","message":{"Status Code":200,"API":"/positions"},"timestamp":"2025-05-15 09:47:33,362+0530","service":"FyersAPIRequest"}
{"level":"DEBUG","location":"[get_call:140] fyersModel","message":{"Status Code":200,"API":"/positions"},"timestamp":"2025-05-15 09:47:36,869+0530","service":"FyersAPIRequest"}
{"level":"DEBUG","location":"[get_call:140] fyersModel","message":{"Status Code":200,"API":"/positions"},"timestamp":"2025-05-15 09:47:39,874+0530","service":"FyersAPIRequest"}
{"level":"DEBUG","location":"[get_call:140] fyersModel","message":{"Status Code":200,"API":"/positions"},"timestamp":"2025-05-15 09:47:42,946+0530","service":"FyersAPIRequest"}
{"level":"DEBUG","location":"[get_call:140] fyersModel","message":{"Status Code":200,"API":"/positions"},"timestamp":"2025-05-15 09:47:46,011+0530","service":"FyersAPIRequest"}
{"level":"DEBUG","location":"[get_call:140] fyersModel","message":{"Status Code":200,"API":"/positions"},"timestamp":"2025-05-15 09:47:49,041+0530","service":"FyersAPIRequest"}
{"level":"DEBUG","location":"[get_call:140] fyersModel","message":{"Status Code":200,"API":"/positions"},"timestamp":"2025-05-15 09:47:52,600+0530","service":"FyersAPIRequest"}
{"level":"DEBUG","location":"[get_call:140] fyersModel","message":{"Status Code":200,"API":"/positions"},"timestamp":"2025-05-15 09:47:55,787+0530","service":"FyersAPIRequest"}
{"level":"DEBUG","location":"[get_call:140] fyersModel","message":{"Status Code":200,"API":"/positions"},"timestamp":"2025-05-15 09:47:58,817+0530","service":"FyersAPIRequest"}
{"level":"DEBUG","location":"[get_call:140] fyersModel","message":{"Status Code":200,"API":"/positions"},"timestamp":"2025-05-15 09:48:01,827+0530","service":"FyersAPIRequest"}
{"level":"DEBUG","location":"[get_call:140] fyersModel","message":{"Status Code":200,"API":"/positions"},"timestamp":"2025-05-15 09:48:04,872+0530","service":"FyersAPIRequest"}
{"level":"DEBUG","location":"[get_call:140] fyersModel","message":{"Status Code":200,"API":"/positions"},"timestamp":"2025-05-15 09:48:07,907+0530","service":"FyersAPIRequest"}
{"level":"DEBUG","location":"[get_call:140] fyersModel","message":{"Status Code":200,"API":"/positions"},"timestamp":"2025-05-15 09:48:10,898+0530","service":"FyersAPIRequest"}
{"level":"DEBUG","location":"[get_call:140] fyersModel","message":{"Status Code":200,"API":"/positions"},"timestamp":"2025-05-15 09:48:14,348+0530","service":"FyersAPIRequest"}
{"level":"DEBUG","location":"[get_call:140] fyersModel","message":{"Status Code":200,"API":"/positions"},"timestamp":"2025-05-15 09:48:17,907+0530","service":"FyersAPIRequest"}
{"level":"DEBUG","location":"[get_call:140] fyersModel","message":{"Status Code":200,"API":"/positions"},"timestamp":"2025-05-15 09:48:20,919+0530","service":"FyersAPIRequest"}
{"level":"DEBUG","location":"[get_call:140] fyersModel","message":{"Status Code":200,"API":"/positions"},"timestamp":"2025-05-15 09:48:23,982+0530","service":"FyersAPIRequest"}
{"level":"DEBUG","location":"[get_call:140] fyersModel","message":{"Status Code":200,"API":"/positions"},"timestamp":"2025-05-15 09:48:27,002+0530","service":"FyersAPIRequest"}
{"level":"DEBUG","location":"[get_call:140] fyersModel","message":{"Status Code":200,"API":"/positions"},"timestamp":"2025-05-15 09:48:30,057+0530","service":"FyersAPIRequest"}
{"level":"DEBUG","location":"[get_call:140] fyersModel","message":{"Status Code":200,"API":"/positions"},"timestamp":"2025-05-15 09:48:33,048+0530","service":"FyersAPIRequest"}
{"level":"DEBUG","location":"[get_call:140] fyersModel","message":{"Status Code":200,"API":"/positions"},"timestamp":"2025-05-15 09:48:36,025+0530","service":"FyersAPIRequest"}
{"level":"DEBUG","location":"[get_call:140] fyersModel","message":{"Status Code":200,"API":"/positions"},"timestamp":"2025-05-15 09:48:39,038+0530","service":"FyersAPIRequest"}
{"level":"DEBUG","location":"[get_call:140] fyersModel","message":{"Status Code":200,"API":"/positions"},"timestamp":"2025-05-15 09:48:42,580+0530","service":"FyersAPIRequest"}
{"level":"DEBUG","location":"[get_call:140] fyersModel","message":{"Status Code":200,"API":"/positions"},"timestamp":"2025-05-15 09:48:45,564+0530","service":"FyersAPIRequest"}
{"level":"DEBUG","location":"[get_call:140] fyersModel","message":{"Status Code":200,"API":"/positions"},"timestamp":"2025-05-15 09:48:48,556+0530","service":"FyersAPIRequest"}
{"level":"DEBUG","location":"[get_call:140] fyersModel","message":{"Status Code":200,"API":"/positions"},"timestamp":"2025-05-15 09:48:51,543+0530","service":"FyersAPIRequest"}
{"level":"DEBUG","location":"[get_call:140] fyersModel","message":{"Status Code":200,"API":"/positions"},"timestamp":"2025-05-15 09:48:55,078+0530","service":"FyersAPIRequest"}
{"level":"DEBUG","location":"[get_call:140] fyersModel","message":{"Status Code":200,"API":"/positions"},"timestamp":"2025-05-15 09:48:58,082+0530","service":"FyersAPIRequest"}
{"level":"DEBUG","location":"[get_call:140] fyersModel","message":{"Status Code":200,"API":"/positions"},"timestamp":"2025-05-15 09:49:01,065+0530","service":"FyersAPIRequest"}
{"level":"DEBUG","location":"[get_call:140] fyersModel","message":{"Status Code":200,"API":"/positions"},"timestamp":"2025-05-15 09:49:04,058+0530","service":"FyersAPIRequest"}
{"level":"DEBUG","location":"[get_call:140] fyersModel","message":{"Status Code":200,"API":"/positions"},"timestamp":"2025-05-15 09:49:06,998+0530","service":"FyersAPIRequest"}
{"level":"DEBUG","location":"[get_call:140] fyersModel","message":{"Status Code":200,"API":"/positions"},"timestamp":"2025-05-15 09:49:10,000+0530","service":"FyersAPIRequest"}
{"level":"DEBUG","location":"[get_call:140] fyersModel","message":{"Status Code":200,"API":"/positions"},"timestamp":"2025-05-15 09:49:13,020+0530","service":"FyersAPIRequest"}
{"level":"DEBUG","location":"[get_call:140] fyersModel","message":{"Status Code":200,"API":"/positions"},"timestamp":"2025-05-15 09:49:16,022+0530","service":"FyersAPIRequest"}
{"level":"DEBUG","location":"[get_call:140] fyersModel","message":{"Status Code":200,"API":"/positions"},"timestamp":"2025-05-15 09:49:18,979+0530","service":"FyersAPIRequest"}
{"level":"DEBUG","location":"[get_call:140] fyersModel","message":{"Status Code":200,"API":"/positions"},"timestamp":"2025-05-15 09:49:21,912+0530","service":"FyersAPIRequest"}
{"level":"DEBUG","location":"[get_call:140] fyersModel","message":{"Status Code":200,"API":"/positions"},"timestamp":"2025-05-15 09:49:24,905+0530","service":"FyersAPIRequest"}
{"level":"DEBUG","location":"[get_call:140] fyersModel","message":{"Status Code":200,"API":"/positions"},"timestamp":"2025-05-15 09:49:27,955+0530","service":"FyersAPIRequest"}
{"level":"DEBUG","location":"[get_call:140] fyersModel","message":{"Status Code":200,"API":"/positions"},"timestamp":"2025-05-15 09:49:30,961+0530","service":"FyersAPIRequest"}
{"level":"DEBUG","location":"[get_call:140] fyersModel","message":{"Status Code":200,"API":"/positions"},"timestamp":"2025-05-15 09:49:33,998+0530","service":"FyersAPIRequest"}
{"level":"DEBUG","location":"[get_call:140] fyersModel","message":{"Status Code":200,"API":"/positions"},"timestamp":"2025-05-15 09:49:36,978+0530","service":"FyersAPIRequest"}
{"level":"DEBUG","location":"[get_call:140] fyersModel","message":{"Status Code":200,"API":"/positions"},"timestamp":"2025-05-15 09:49:40,015+0530","service":"FyersAPIRequest"}
{"level":"DEBUG","location":"[get_call:140] fyersModel","message":{"Status Code":200,"API":"/positions"},"timestamp":"2025-05-15 09:49:43,021+0530","service":"FyersAPIRequest"}
{"level":"DEBUG","location":"[get_call:140] fyersModel","message":{"Status Code":200,"API":"/positions"},"timestamp":"2025-05-15 09:49:46,037+0530","service":"FyersAPIRequest"}
{"level":"DEBUG","location":"[get_call:140] fyersModel","message":{"Status Code":200,"API":"/positions"},"timestamp":"2025-05-15 09:49:49,031+0530","service":"FyersAPIRequest"}
{"level":"DEBUG","location":"[get_call:140] fyersModel","message":{"Status Code":200,"API":"/positions"},"timestamp":"2025-05-15 09:49:51,973+0530","service":"FyersAPIRequest"}
{"level":"DEBUG","location":"[get_call:140] fyersModel","message":{"Status Code":200,"API":"/positions"},"timestamp":"2025-05-15 09:49:54,977+0530","service":"FyersAPIRequest"}
{"level":"DEBUG","location":"[get_call:140] fyersModel","message":{"Status Code":200,"API":"/positions"},"timestamp":"2025-05-15 09:49:57,974+0530","service":"FyersAPIRequest"}
{"level":"DEBUG","location":"[get_call:140] fyersModel","message":{"Status Code":200,"API":"/positions"},"timestamp":"2025-05-15 09:50:00,948+0530","service":"FyersAPIRequest"}
{"level":"DEBUG","location":"[get_call:140] fyersModel","message":{"Status Code":200,"API":"/positions"},"timestamp":"2025-05-15 09:50:04,003+0530","service":"FyersAPIRequest"}
{"level":"DEBUG","location":"[get_call:140] fyersModel","message":{"Status Code":200,"API":"/positions"},"timestamp":"2025-05-15 09:50:07,030+0530","service":"FyersAPIRequest"}
{"level":"DEBUG","location":"[get_call:140] fyersModel","message":{"Status Code":200,"API":"/positions"},"timestamp":"2025-05-15 09:50:10,056+0530","service":"FyersAPIRequest"}
{"level":"DEBUG","location":"[get_call:140] fyersModel","message":{"Status Code":200,"API":"/positions"},"timestamp":"2025-05-15 09:50:13,078+0530","service":"FyersAPIRequest"}
{"level":"DEBUG","location":"[get_call:140] fyersModel","message":{"Status Code":200,"API":"/positions"},"timestamp":"2025-05-15 09:50:16,080+0530","service":"FyersAPIRequest"}
{"level":"DEBUG","location":"[get_call:140] fyersModel","message":{"Status Code":200,"API":"/positions"},"timestamp":"2025-05-15 09:50:19,071+0530","service":"FyersAPIRequest"}
{"level":"DEBUG","location":"[get_call:140] fyersModel","message":{"Status Code":200,"API":"/positions"},"timestamp":"2025-05-15 09:50:22,105+0530","service":"FyersAPIRequest"}
{"level":"DEBUG","location":"[get_call:140] fyersModel","message":{"Status Code":200,"API":"/positions"},"timestamp":"2025-05-15 09:50:25,089+0530","service":"FyersAPIRequest"}
{"level":"DEBUG","location":"[get_call:140] fyersModel","message":{"Status Code":200,"API":"/positions"},"timestamp":"2025-05-15 09:50:28,111+0530","service":"FyersAPIRequest"}
{"level":"DEBUG","location":"[get_call:140] fyersModel","message":{"Status Code":200,"API":"/positions"},"timestamp":"2025-05-15 09:50:31,111+0530","service":"FyersAPIRequest"}
{"level":"DEBUG","location":"[get_call:140] fyersModel","message":{"Status Code":200,"API":"/positions"},"timestamp":"2025-05-15 09:50:34,598+0530","service":"FyersAPIRequest"}
{"level":"DEBUG","location":"[get_call:140] fyersModel","message":{"Status Code":200,"API":"/positions"},"timestamp":"2025-05-15 09:50:37,584+0530","service":"FyersAPIRequest"}
{"level":"DEBUG","location":"[get_call:140] fyersModel","message":{"Status Code":200,"API":"/positions"},"timestamp":"2025-05-15 09:50:40,464+0530","service":"FyersAPIRequest"}
{"level":"DEBUG","location":"[get_call:140] fyersModel","message":{"Status Code":200,"API":"/positions"},"timestamp":"2025-05-15 09:50:43,332+0530","service":"FyersAPIRequest"}
{"level":"DEBUG","location":"[get_call:140] fyersModel","message":{"Status Code":200,"API":"/positions"},"timestamp":"2025-05-15 09:50:46,217+0530","service":"FyersAPIRequest"}
{"level":"DEBUG","location":"[get_call:140] fyersModel","message":{"Status Code":200,"API":"/positions"},"timestamp":"2025-05-15 09:50:49,253+0530","service":"FyersAPIRequest"}
{"level":"DEBUG","location":"[get_call:140] fyersModel","message":{"Status Code":200,"API":"/positions"},"timestamp":"2025-05-15 09:50:52,251+0530","service":"FyersAPIRequest"}
{"level":"DEBUG","location":"[get_call:140] fyersModel","message":{"Status Code":200,"API":"/positions"},"timestamp":"2025-05-15 09:50:55,216+0530","service":"FyersAPIRequest"}
{"level":"DEBUG","location":"[get_call:140] fyersModel","message":{"Status Code":200,"API":"/positions"},"timestamp":"2025-05-15 09:50:58,776+0530","service":"FyersAPIRequest"}
{"level":"DEBUG","location":"[get_call:140] fyersModel","message":{"Status Code":200,"API":"/positions"},"timestamp":"2025-05-15 09:51:01,726+0530","service":"FyersAPIRequest"}
{"level":"DEBUG","location":"[get_call:140] fyersModel","message":{"Status Code":200,"API":"/positions"},"timestamp":"2025-05-15 09:51:05,240+0530","service":"FyersAPIRequest"}
{"level":"DEBUG","location":"[get_call:140] fyersModel","message":{"Status Code":200,"API":"/positions"},"timestamp":"2025-05-15 09:51:08,247+0530","service":"FyersAPIRequest"}
{"level":"DEBUG","location":"[get_call:140] fyersModel","message":{"Status Code":200,"API":"/positions"},"timestamp":"2025-05-15 09:51:11,232+0530","service":"FyersAPIRequest"}
{"level":"DEBUG","location":"[get_call:140] fyersModel","message":{"Status Code":200,"API":"/positions"},"timestamp":"2025-05-15 09:51:14,254+0530","service":"FyersAPIRequest"}
{"level":"DEBUG","location":"[get_call:140] fyersModel","message":{"Status Code":200,"API":"/positions"},"timestamp":"2025-05-15 09:51:17,319+0530","service":"FyersAPIRequest"}
{"level":"DEBUG","location":"[get_call:140] fyersModel","message":{"Status Code":200,"API":"/positions"},"timestamp":"2025-05-15 09:51:20,392+0530","service":"FyersAPIRequest"}
{"level":"DEBUG","location":"[get_call:140] fyersModel","message":{"Status Code":200,"API":"/positions"},"timestamp":"2025-05-15 09:51:23,449+0530","service":"FyersAPIRequest"}
{"level":"DEBUG","location":"[get_call:140] fyersModel","message":{"Status Code":200,"API":"/positions"},"timestamp":"2025-05-15 09:51:26,557+0530","service":"FyersAPIRequest"}
{"level":"DEBUG","location":"[get_call:140] fyersModel","message":{"Status Code":200,"API":"/positions"},"timestamp":"2025-05-15 09:51:29,603+0530","service":"FyersAPIRequest"}
{"level":"DEBUG","location":"[get_call:140] fyersModel","message":{"Status Code":200,"API":"/positions"},"timestamp":"2025-05-15 09:51:32,641+0530","service":"FyersAPIRequest"}
{"level":"DEBUG","location":"[get_call:140] fyersModel","message":{"Status Code":200,"API":"/positions"},"timestamp":"2025-05-15 09:51:35,632+0530","service":"FyersAPIRequest"}
{"level":"DEBUG","location":"[get_call:140] fyersModel","message":{"Status Code":200,"API":"/positions"},"timestamp":"2025-05-15 09:51:38,639+0530","service":"FyersAPIRequest"}
{"level":"DEBUG","location":"[get_call:140] fyersModel","message":{"Status Code":200,"API":"/positions"},"timestamp":"2025-05-15 09:51:41,688+0530","service":"FyersAPIRequest"}
{"level":"DEBUG","location":"[get_call:140] fyersModel","message":{"Status Code":200,"API":"/positions"},"timestamp":"2025-05-15 09:51:44,751+0530","service":"FyersAPIRequest"}
{"level":"DEBUG","location":"[get_call:140] fyersModel","message":{"Status Code":200,"API":"/positions"},"timestamp":"2025-05-15 09:51:47,768+0530","service":"FyersAPIRequest"}
{"level":"DEBUG","location":"[get_call:140] fyersModel","message":{"Status Code":200,"API":"/positions"},"timestamp":"2025-05-15 09:51:50,738+0530","service":"FyersAPIRequest"}
{"level":"DEBUG","location":"[get_call:140] fyersModel","message":{"Status Code":200,"API":"/positions"},"timestamp":"2025-05-15 09:51:53,743+0530","service":"FyersAPIRequest"}
{"level":"DEBUG","location":"[get_call:140] fyersModel","message":{"Status Code":200,"API":"/positions"},"timestamp":"2025-05-15 09:51:56,744+0530","service":"FyersAPIRequest"}
{"level":"DEBUG","location":"[get_call:140] fyersModel","message":{"Status Code":200,"API":"/positions"},"timestamp":"2025-05-15 09:51:59,750+0530","service":"FyersAPIRequest"}
{"level":"DEBUG","location":"[get_call:140] fyersModel","message":{"Status Code":200,"API":"/positions"},"timestamp":"2025-05-15 09:52:03,268+0530","service":"FyersAPIRequest"}
{"level":"DEBUG","location":"[get_call:140] fyersModel","message":{"Status Code":200,"API":"/positions"},"timestamp":"2025-05-15 09:52:06,243+0530","service":"FyersAPIRequest"}
{"level":"DEBUG","location":"[get_call:140] fyersModel","message":{"Status Code":200,"API":"/positions"},"timestamp":"2025-05-15 09:52:09,291+0530","service":"FyersAPIRequest"}
{"level":"DEBUG","location":"[get_call:140] fyersModel","message":{"Status Code":200,"API":"/positions"},"timestamp":"2025-05-15 09:52:12,291+0530","service":"FyersAPIRequest"}
{"level":"DEBUG","location":"[get_call:140] fyersModel","message":{"Status Code":200,"API":"/positions"},"timestamp":"2025-05-15 09:52:15,286+0530","service":"FyersAPIRequest"}
{"level":"DEBUG","location":"[get_call:140] fyersModel","message":{"Status Code":200,"API":"/positions"},"timestamp":"2025-05-15 09:52:18,384+0530","service":"FyersAPIRequest"}
{"level":"DEBUG","location":"[get_call:140] fyersModel","message":{"Status Code":200,"API":"/positions"},"timestamp":"2025-05-15 09:52:21,439+0530","service":"FyersAPIRequest"}
{"level":"DEBUG","location":"[get_call:140] fyersModel","message":{"Status Code":200,"API":"/positions"},"timestamp":"2025-05-15 09:52:24,438+0530","service":"FyersAPIRequest"}
{"level":"DEBUG","location":"[get_call:140] fyersModel","message":{"Status Code":200,"API":"/positions"},"timestamp":"2025-05-15 09:52:27,447+0530","service":"FyersAPIRequest"}
{"level":"DEBUG","location":"[get_call:140] fyersModel","message":{"Status Code":200,"API":"/positions"},"timestamp":"2025-05-15 09:52:30,454+0530","service":"FyersAPIRequest"}
{"level":"DEBUG","location":"[get_call:140] fyersModel","message":{"Status Code":200,"API":"/positions"},"timestamp":"2025-05-15 09:52:33,920+0530","service":"FyersAPIRequest"}
{"level":"DEBUG","location":"[get_call:140] fyersModel","message":{"Status Code":200,"API":"/positions"},"timestamp":"2025-05-15 09:52:36,928+0530","service":"FyersAPIRequest"}
{"level":"DEBUG","location":"[get_call:140] fyersModel","message":{"Status Code":200,"API":"/positions"},"timestamp":"2025-05-15 09:52:39,979+0530","service":"FyersAPIRequest"}
{"level":"DEBUG","location":"[get_call:140] fyersModel","message":{"Status Code":200,"API":"/positions"},"timestamp":"2025-05-15 09:52:43,040+0530","service":"FyersAPIRequest"}
{"level":"DEBUG","location":"[get_call:140] fyersModel","message":{"Status Code":200,"API":"/positions"},"timestamp":"2025-05-15 09:52:46,070+0530","service":"FyersAPIRequest"}
{"level":"DEBUG","location":"[get_call:140] fyersModel","message":{"Status Code":200,"API":"/positions"},"timestamp":"2025-05-15 09:52:49,094+0530","service":"FyersAPIRequest"}
{"level":"DEBUG","location":"[get_call:140] fyersModel","message":{"Status Code":200,"API":"/positions"},"timestamp":"2025-05-15 09:52:52,634+0530","service":"FyersAPIRequest"}
{"level":"DEBUG","location":"[get_call:140] fyersModel","message":{"Status Code":200,"API":"/positions"},"timestamp":"2025-05-15 09:52:55,664+0530","service":"FyersAPIRequest"}
{"level":"DEBUG","location":"[get_call:140] fyersModel","message":{"Status Code":200,"API":"/positions"},"timestamp":"2025-05-15 09:52:58,669+0530","service":"FyersAPIRequest"}
{"level":"DEBUG","location":"[get_call:140] fyersModel","message":{"Status Code":200,"API":"/positions"},"timestamp":"2025-05-15 09:53:01,697+0530","service":"FyersAPIRequest"}
{"level":"DEBUG","location":"[get_call:140] fyersModel","message":{"Status Code":200,"API":"/positions"},"timestamp":"2025-05-15 09:53:04,749+0530","service":"FyersAPIRequest"}
{"level":"DEBUG","location":"[get_call:140] fyersModel","message":{"Status Code":200,"API":"/positions"},"timestamp":"2025-05-15 09:53:08,298+0530","service":"FyersAPIRequest"}
{"level":"DEBUG","location":"[get_call:140] fyersModel","message":{"Status Code":200,"API":"/positions"},"timestamp":"2025-05-15 09:53:11,386+0530","service":"FyersAPIRequest"}
{"level":"DEBUG","location":"[get_call:140] fyersModel","message":{"Status Code":200,"API":"/positions"},"timestamp":"2025-05-15 09:53:14,381+0530","service":"FyersAPIRequest"}
{"level":"DEBUG","location":"[get_call:140] fyersModel","message":{"Status Code":200,"API":"/positions"},"timestamp":"2025-05-15 09:53:17,383+0530","service":"FyersAPIRequest"}
{"level":"DEBUG","location":"[get_call:140] fyersModel","message":{"Status Code":200,"API":"/positions"},"timestamp":"2025-05-15 09:53:20,353+0530","service":"FyersAPIRequest"}
{"level":"DEBUG","location":"[get_call:140] fyersModel","message":{"Status Code":200,"API":"/positions"},"timestamp":"2025-05-15 09:53:23,499+0530","service":"FyersAPIRequest"}
{"level":"DEBUG","location":"[get_call:140] fyersModel","message":{"Status Code":200,"API":"/positions"},"timestamp":"2025-05-15 09:53:26,517+0530","service":"FyersAPIRequest"}
{"level":"DEBUG","location":"[get_call:140] fyersModel","message":{"Status Code":200,"API":"/positions"},"timestamp":"2025-05-15 09:53:29,602+0530","service":"FyersAPIRequest"}
{"level":"DEBUG","location":"[get_call:140] fyersModel","message":{"Status Code":200,"API":"/positions"},"timestamp":"2025-05-15 09:53:32,738+0530","service":"FyersAPIRequest"}
{"level":"DEBUG","location":"[get_call:140] fyersModel","message":{"Status Code":200,"API":"/positions"},"timestamp":"2025-05-15 09:53:35,769+0530","service":"FyersAPIRequest"}
{"level":"DEBUG","location":"[get_call:140] fyersModel","message":{"Status Code":200,"API":"/positions"},"timestamp":"2025-05-15 09:53:38,819+0530","service":"FyersAPIRequest"}
{"level":"DEBUG","location":"[get_call:140] fyersModel","message":{"Status Code":200,"API":"/positions"},"timestamp":"2025-05-15 09:53:41,816+0530","service":"FyersAPIRequest"}
{"level":"DEBUG","location":"[get_call:140] fyersModel","message":{"Status Code":200,"API":"/positions"},"timestamp":"2025-05-15 09:53:44,849+0530","service":"FyersAPIRequest"}
{"level":"DEBUG","location":"[get_call:140] fyersModel","message":{"Status Code":200,"API":"/positions"},"timestamp":"2025-05-15 09:53:47,887+0530","service":"FyersAPIRequest"}
{"level":"DEBUG","location":"[get_call:140] fyersModel","message":{"Status Code":200,"API":"/positions"},"timestamp":"2025-05-15 09:53:50,910+0530","service":"FyersAPIRequest"}
{"level":"DEBUG","location":"[get_call:140] fyersModel","message":{"Status Code":200,"API":"/positions"},"timestamp":"2025-05-15 09:53:53,923+0530","service":"FyersAPIRequest"}
{"level":"DEBUG","location":"[get_call:140] fyersModel","message":{"Status Code":200,"API":"/positions"},"timestamp":"2025-05-15 09:53:57,448+0530","service":"FyersAPIRequest"}
{"level":"DEBUG","location":"[get_call:140] fyersModel","message":{"Status Code":200,"API":"/positions"},"timestamp":"2025-05-15 09:54:00,471+0530","service":"FyersAPIRequest"}
{"level":"DEBUG","location":"[get_call:140] fyersModel","message":{"Status Code":200,"API":"/positions"},"timestamp":"2025-05-15 09:54:03,510+0530","service":"FyersAPIRequest"}
{"level":"DEBUG","location":"[get_call:140] fyersModel","message":{"Status Code":200,"API":"/positions"},"timestamp":"2025-05-15 09:54:06,606+0530","service":"FyersAPIRequest"}
{"level":"DEBUG","location":"[get_call:140] fyersModel","message":{"Status Code":200,"API":"/positions"},"timestamp":"2025-05-15 09:54:09,606+0530","service":"FyersAPIRequest"}
{"level":"DEBUG","location":"[get_call:140] fyersModel","message":{"Status Code":200,"API":"/positions"},"timestamp":"2025-05-15 09:54:12,634+0530","service":"FyersAPIRequest"}
{"level":"DEBUG","location":"[get_call:140] fyersModel","message":{"Status Code":200,"API":"/positions"},"timestamp":"2025-05-15 09:54:16,204+0530","service":"FyersAPIRequest"}
{"level":"DEBUG","location":"[get_call:140] fyersModel","message":{"Status Code":200,"API":"/positions"},"timestamp":"2025-05-15 09:54:19,236+0530","service":"FyersAPIRequest"}
{"level":"DEBUG","location":"[get_call:140] fyersModel","message":{"Status Code":200,"API":"/positions"},"timestamp":"2025-05-15 09:54:22,256+0530","service":"FyersAPIRequest"}
{"level":"DEBUG","location":"[get_call:140] fyersModel","message":{"Status Code":200,"API":"/positions"},"timestamp":"2025-05-15 09:54:25,281+0530","service":"FyersAPIRequest"}
{"level":"DEBUG","location":"[get_call:140] fyersModel","message":{"Status Code":200,"API":"/positions"},"timestamp":"2025-05-15 09:54:28,311+0530","service":"FyersAPIRequest"}
{"level":"DEBUG","location":"[get_call:140] fyersModel","message":{"Status Code":200,"API":"/positions"},"timestamp":"2025-05-15 09:54:31,333+0530","service":"FyersAPIRequest"}
{"level":"DEBUG","location":"[get_call:140] fyersModel","message":{"Status Code":200,"API":"/positions"},"timestamp":"2025-05-15 09:54:34,370+0530","service":"FyersAPIRequest"}
{"level":"DEBUG","location":"[get_call:140] fyersModel","message":{"Status Code":200,"API":"/positions"},"timestamp":"2025-05-15 09:54:37,900+0530","service":"FyersAPIRequest"}
{"level":"DEBUG","location":"[get_call:140] fyersModel","message":{"Status Code":200,"API":"/positions"},"timestamp":"2025-05-15 09:54:40,923+0530","service":"FyersAPIRequest"}
{"level":"DEBUG","location":"[get_call:140] fyersModel","message":{"Status Code":200,"API":"/positions"},"timestamp":"2025-05-15 09:54:43,930+0530","service":"FyersAPIRequest"}
{"level":"DEBUG","location":"[get_call:140] fyersModel","message":{"Status Code":200,"API":"/positions"},"timestamp":"2025-05-15 09:54:46,958+0530","service":"FyersAPIRequest"}
{"level":"DEBUG","location":"[get_call:140] fyersModel","message":{"Status Code":200,"API":"/positions"},"timestamp":"2025-05-15 09:54:49,977+0530","service":"FyersAPIRequest"}
{"level":"DEBUG","location":"[get_call:140] fyersModel","message":{"Status Code":200,"API":"/positions"},"timestamp":"2025-05-15 09:54:53,002+0530","service":"FyersAPIRequest"}
{"level":"DEBUG","location":"[get_call:140] fyersModel","message":{"Status Code":200,"API":"/positions"},"timestamp":"2025-05-15 09:54:56,009+0530","service":"FyersAPIRequest"}
{"level":"DEBUG","location":"[get_call:140] fyersModel","message":{"Status Code":200,"API":"/positions"},"timestamp":"2025-05-15 09:54:59,573+0530","service":"FyersAPIRequest"}
{"level":"DEBUG","location":"[get_call:140] fyersModel","message":{"Status Code":200,"API":"/positions"},"timestamp":"2025-05-15 09:55:02,638+0530","service":"FyersAPIRequest"}
{"level":"DEBUG","location":"[get_call:140] fyersModel","message":{"Status Code":200,"API":"/positions"},"timestamp":"2025-05-15 09:55:05,676+0530","service":"FyersAPIRequest"}
{"level":"DEBUG","location":"[get_call:140] fyersModel","message":{"Status Code":200,"API":"/positions"},"timestamp":"2025-05-15 09:55:08,686+0530","service":"FyersAPIRequest"}
{"level":"DEBUG","location":"[get_call:140] fyersModel","message":{"Status Code":200,"API":"/positions"},"timestamp":"2025-05-15 09:55:11,726+0530","service":"FyersAPIRequest"}
{"level":"DEBUG","location":"[get_call:140] fyersModel","message":{"Status Code":200,"API":"/positions"},"timestamp":"2025-05-15 09:55:14,719+0530","service":"FyersAPIRequest"}
{"level":"DEBUG","location":"[get_call:140] fyersModel","message":{"Status Code":200,"API":"/positions"},"timestamp":"2025-05-15 09:55:17,751+0530","service":"FyersAPIRequest"}
{"level":"DEBUG","location":"[get_call:140] fyersModel","message":{"Status Code":200,"API":"/positions"},"timestamp":"2025-05-15 09:55:20,791+0530","service":"FyersAPIRequest"}
{"level":"DEBUG","location":"[get_call:140] fyersModel","message":{"Status Code":200,"API":"/positions"},"timestamp":"2025-05-15 09:55:24,301+0530","service":"FyersAPIRequest"}
{"level":"DEBUG","location":"[get_call:140] fyersModel","message":{"Status Code":200,"API":"/positions"},"timestamp":"2025-05-15 09:55:27,254+0530","service":"FyersAPIRequest"}
{"level":"DEBUG","location":"[get_call:140] fyersModel","message":{"Status Code":200,"API":"/positions"},"timestamp":"2025-05-15 09:55:30,259+0530","service":"FyersAPIRequest"}
{"level":"DEBUG","location":"[get_call:140] fyersModel","message":{"Status Code":200,"API":"/positions"},"timestamp":"2025-05-15 09:55:33,231+0530","service":"FyersAPIRequest"}
{"level":"DEBUG","location":"[get_call:140] fyersModel","message":{"Status Code":200,"API":"/positions"},"timestamp":"2025-05-15 09:55:36,318+0530","service":"FyersAPIRequest"}
{"level":"DEBUG","location":"[get_call:140] fyersModel","message":{"Status Code":200,"API":"/positions"},"timestamp":"2025-05-15 09:55:39,352+0530","service":"FyersAPIRequest"}
{"level":"DEBUG","location":"[get_call:140] fyersModel","message":{"Status Code":200,"API":"/positions"},"timestamp":"2025-05-15 09:55:42,389+0530","service":"FyersAPIRequest"}
{"level":"DEBUG","location":"[get_call:140] fyersModel","message":{"Status Code":200,"API":"/positions"},"timestamp":"2025-05-15 09:55:45,351+0530","service":"FyersAPIRequest"}
{"level":"DEBUG","location":"[get_call:140] fyersModel","message":{"Status Code":200,"API":"/positions"},"timestamp":"2025-05-15 09:55:48,395+0530","service":"FyersAPIRequest"}
{"level":"DEBUG","location":"[get_call:140] fyersModel","message":{"Status Code":200,"API":"/positions"},"timestamp":"2025-05-15 09:55:51,899+0530","service":"FyersAPIRequest"}
{"level":"DEBUG","location":"[get_call:140] fyersModel","message":{"Status Code":200,"API":"/positions"},"timestamp":"2025-05-15 09:55:54,921+0530","service":"FyersAPIRequest"}
{"level":"DEBUG","location":"[get_call:140] fyersModel","message":{"Status Code":200,"API":"/positions"},"timestamp":"2025-05-15 09:55:57,940+0530","service":"FyersAPIRequest"}
{"level":"DEBUG","location":"[get_call:140] fyersModel","message":{"Status Code":200,"API":"/positions"},"timestamp":"2025-05-15 09:56:00,942+0530","service":"FyersAPIRequest"}
{"level":"DEBUG","location":"[get_call:140] fyersModel","message":{"Status Code":200,"API":"/positions"},"timestamp":"2025-05-15 09:56:03,907+0530","service":"FyersAPIRequest"}
{"level":"DEBUG","location":"[get_call:140] fyersModel","message":{"Status Code":200,"API":"/positions"},"timestamp":"2025-05-15 09:56:06,823+0530","service":"FyersAPIRequest"}
{"level":"DEBUG","location":"[get_call:140] fyersModel","message":{"Status Code":200,"API":"/positions"},"timestamp":"2025-05-15 09:56:09,827+0530","service":"FyersAPIRequest"}
{"level":"DEBUG","location":"[get_call:140] fyersModel","message":{"Status Code":200,"API":"/positions"},"timestamp":"2025-05-15 09:56:12,803+0530","service":"FyersAPIRequest"}
{"level":"DEBUG","location":"[get_call:140] fyersModel","message":{"Status Code":200,"API":"/positions"},"timestamp":"2025-05-15 09:56:15,796+0530","service":"FyersAPIRequest"}
{"level":"DEBUG","location":"[get_call:140] fyersModel","message":{"Status Code":200,"API":"/positions"},"timestamp":"2025-05-15 09:56:18,762+0530","service":"FyersAPIRequest"}
{"level":"DEBUG","location":"[get_call:140] fyersModel","message":{"Status Code":200,"API":"/positions"},"timestamp":"2025-05-15 09:56:21,774+0530","service":"FyersAPIRequest"}
{"level":"DEBUG","location":"[get_call:140] fyersModel","message":{"Status Code":200,"API":"/positions"},"timestamp":"2025-05-15 09:56:24,725+0530","service":"FyersAPIRequest"}
{"level":"DEBUG","location":"[get_call:140] fyersModel","message":{"Status Code":200,"API":"/positions"},"timestamp":"2025-05-15 09:56:28,036+0530","service":"FyersAPIRequest"}
{"level":"DEBUG","location":"[get_call:140] fyersModel","message":{"Status Code":200,"API":"/positions"},"timestamp":"2025-05-15 09:56:31,109+0530","service":"FyersAPIRequest"}
{"level":"DEBUG","location":"[get_call:140] fyersModel","message":{"Status Code":200,"API":"/positions"},"timestamp":"2025-05-15 09:56:34,111+0530","service":"FyersAPIRequest"}
{"level":"DEBUG","location":"[get_call:140] fyersModel","message":{"Status Code":200,"API":"/positions"},"timestamp":"2025-05-15 09:56:37,093+0530","service":"FyersAPIRequest"}
{"level":"DEBUG","location":"[get_call:140] fyersModel","message":{"Status Code":200,"API":"/positions"},"timestamp":"2025-05-15 09:56:40,115+0530","service":"FyersAPIRequest"}
{"level":"DEBUG","location":"[get_call:140] fyersModel","message":{"Status Code":200,"API":"/positions"},"timestamp":"2025-05-15 09:56:43,157+0530","service":"FyersAPIRequest"}
{"level":"DEBUG","location":"[get_call:140] fyersModel","message":{"Status Code":200,"API":"/positions"},"timestamp":"2025-05-15 09:56:46,199+0530","service":"FyersAPIRequest"}
{"level":"DEBUG","location":"[get_call:140] fyersModel","message":{"Status Code":200,"API":"/positions"},"timestamp":"2025-05-15 09:56:49,233+0530","service":"FyersAPIRequest"}
{"level":"DEBUG","location":"[get_call:140] fyersModel","message":{"Status Code":200,"API":"/positions"},"timestamp":"2025-05-15 09:56:52,510+0530","service":"FyersAPIRequest"}
{"level":"DEBUG","location":"[get_call:140] fyersModel","message":{"Status Code":200,"API":"/positions"},"timestamp":"2025-05-15 09:56:55,483+0530","service":"FyersAPIRequest"}
{"level":"DEBUG","location":"[get_call:140] fyersModel","message":{"Status Code":200,"API":"/positions"},"timestamp":"2025-05-15 09:56:58,479+0530","service":"FyersAPIRequest"}
{"level":"DEBUG","location":"[get_call:140] fyersModel","message":{"Status Code":200,"API":"/positions"},"timestamp":"2025-05-15 09:57:01,483+0530","service":"FyersAPIRequest"}
{"level":"DEBUG","location":"[get_call:140] fyersModel","message":{"Status Code":200,"API":"/positions"},"timestamp":"2025-05-15 09:57:04,915+0530","service":"FyersAPIRequest"}
{"level":"DEBUG","location":"[get_call:140] fyersModel","message":{"Status Code":200,"API":"/positions"},"timestamp":"2025-05-15 09:57:07,911+0530","service":"FyersAPIRequest"}
{"level":"DEBUG","location":"[get_call:140] fyersModel","message":{"Status Code":200,"API":"/positions"},"timestamp":"2025-05-15 09:57:10,915+0530","service":"FyersAPIRequest"}
{"level":"DEBUG","location":"[get_call:140] fyersModel","message":{"Status Code":200,"API":"/positions"},"timestamp":"2025-05-15 09:57:14,428+0530","service":"FyersAPIRequest"}
{"level":"DEBUG","location":"[get_call:140] fyersModel","message":{"Status Code":200,"API":"/positions"},"timestamp":"2025-05-15 09:57:17,408+0530","service":"FyersAPIRequest"}
{"level":"DEBUG","location":"[get_call:140] fyersModel","message":{"Status Code":200,"API":"/positions"},"timestamp":"2025-05-15 09:57:20,421+0530","service":"FyersAPIRequest"}
{"level":"DEBUG","location":"[get_call:140] fyersModel","message":{"Status Code":200,"API":"/positions"},"timestamp":"2025-05-15 09:57:23,401+0530","service":"FyersAPIRequest"}
{"level":"DEBUG","location":"[get_call:140] fyersModel","message":{"Status Code":200,"API":"/positions"},"timestamp":"2025-05-15 09:57:26,416+0530","service":"FyersAPIRequest"}
{"level":"DEBUG","location":"[get_call:140] fyersModel","message":{"Status Code":200,"API":"/positions"},"timestamp":"2025-05-15 09:57:29,447+0530","service":"FyersAPIRequest"}
{"level":"DEBUG","location":"[get_call:140] fyersModel","message":{"Status Code":200,"API":"/positions"},"timestamp":"2025-05-15 09:57:32,962+0530","service":"FyersAPIRequest"}
{"level":"DEBUG","location":"[get_call:140] fyersModel","message":{"Status Code":200,"API":"/positions"},"timestamp":"2025-05-15 09:57:36,421+0530","service":"FyersAPIRequest"}
{"level":"DEBUG","location":"[get_call:140] fyersModel","message":{"Status Code":200,"API":"/positions"},"timestamp":"2025-05-15 09:57:39,359+0530","service":"FyersAPIRequest"}
{"level":"DEBUG","location":"[get_call:140] fyersModel","message":{"Status Code":200,"API":"/positions"},"timestamp":"2025-05-15 09:57:42,344+0530","service":"FyersAPIRequest"}
{"level":"DEBUG","location":"[get_call:140] fyersModel","message":{"Status Code":200,"API":"/positions"},"timestamp":"2025-05-15 09:57:45,376+0530","service":"FyersAPIRequest"}
{"level":"DEBUG","location":"[get_call:140] fyersModel","message":{"Status Code":200,"API":"/positions"},"timestamp":"2025-05-15 09:57:48,402+0530","service":"FyersAPIRequest"}
{"level":"DEBUG","location":"[get_call:140] fyersModel","message":{"Status Code":200,"API":"/positions"},"timestamp":"2025-05-15 09:57:51,442+0530","service":"FyersAPIRequest"}
{"level":"DEBUG","location":"[get_call:140] fyersModel","message":{"Status Code":200,"API":"/positions"},"timestamp":"2025-05-15 09:57:54,466+0530","service":"FyersAPIRequest"}
{"level":"DEBUG","location":"[get_call:140] fyersModel","message":{"Status Code":200,"API":"/positions"},"timestamp":"2025-05-15 09:57:57,540+0530","service":"FyersAPIRequest"}
{"level":"DEBUG","location":"[get_call:140] fyersModel","message":{"Status Code":200,"API":"/positions"},"timestamp":"2025-05-15 09:58:00,533+0530","service":"FyersAPIRequest"}
{"level":"DEBUG","location":"[get_call:140] fyersModel","message":{"Status Code":200,"API":"/positions"},"timestamp":"2025-05-15 09:58:03,557+0530","service":"FyersAPIRequest"}
{"level":"DEBUG","location":"[get_call:140] fyersModel","message":{"Status Code":200,"API":"/positions"},"timestamp":"2025-05-15 09:58:06,596+0530","service":"FyersAPIRequest"}
{"level":"DEBUG","location":"[get_call:140] fyersModel","message":{"Status Code":200,"API":"/positions"},"timestamp":"2025-05-15 09:58:09,649+0530","service":"FyersAPIRequest"}
{"level":"DEBUG","location":"[get_call:140] fyersModel","message":{"Status Code":200,"API":"/positions"},"timestamp":"2025-05-15 09:58:12,697+0530","service":"FyersAPIRequest"}
{"level":"DEBUG","location":"[get_call:140] fyersModel","message":{"Status Code":200,"API":"/positions"},"timestamp":"2025-05-15 09:58:15,769+0530","service":"FyersAPIRequest"}
{"level":"DEBUG","location":"[get_call:140] fyersModel","message":{"Status Code":200,"API":"/positions"},"timestamp":"2025-05-15 09:58:18,769+0530","service":"FyersAPIRequest"}
{"level":"DEBUG","location":"[get_call:140] fyersModel","message":{"Status Code":200,"API":"/positions"},"timestamp":"2025-05-15 09:58:22,312+0530","service":"FyersAPIRequest"}
{"level":"DEBUG","location":"[get_call:140] fyersModel","message":{"Status Code":200,"API":"/positions"},"timestamp":"2025-05-15 09:58:25,327+0530","service":"FyersAPIRequest"}
{"level":"DEBUG","location":"[get_call:140] fyersModel","message":{"Status Code":200,"API":"/positions"},"timestamp":"2025-05-15 09:58:28,372+0530","service":"FyersAPIRequest"}
{"level":"DEBUG","location":"[get_call:140] fyersModel","message":{"Status Code":200,"API":"/positions"},"timestamp":"2025-05-15 09:58:31,914+0530","service":"FyersAPIRequest"}
{"level":"DEBUG","location":"[get_call:140] fyersModel","message":{"Status Code":200,"API":"/positions"},"timestamp":"2025-05-15 09:58:34,933+0530","service":"FyersAPIRequest"}
{"level":"DEBUG","location":"[get_call:140] fyersModel","message":{"Status Code":200,"API":"/positions"},"timestamp":"2025-05-15 09:58:38,479+0530","service":"FyersAPIRequest"}
{"level":"DEBUG","location":"[get_call:140] fyersModel","message":{"Status Code":200,"API":"/positions"},"timestamp":"2025-05-15 09:58:42,056+0530","service":"FyersAPIRequest"}
{"level":"DEBUG","location":"[get_call:140] fyersModel","message":{"Status Code":200,"API":"/positions"},"timestamp":"2025-05-15 09:58:45,050+0530","service":"FyersAPIRequest"}
{"level":"DEBUG","location":"[get_call:140] fyersModel","message":{"Status Code":200,"API":"/positions"},"timestamp":"2025-05-15 09:58:48,063+0530","service":"FyersAPIRequest"}
{"level":"DEBUG","location":"[get_call:140] fyersModel","message":{"Status Code":200,"API":"/positions"},"timestamp":"2025-05-15 09:58:51,095+0530","service":"FyersAPIRequest"}
{"level":"DEBUG","location":"[get_call:140] fyersModel","message":{"Status Code":200,"API":"/positions"},"timestamp":"2025-05-15 09:58:54,109+0530","service":"FyersAPIRequest"}
{"level":"DEBUG","location":"[get_call:140] fyersModel","message":{"Status Code":200,"API":"/positions"},"timestamp":"2025-05-15 09:58:57,135+0530","service":"FyersAPIRequest"}
{"level":"DEBUG","location":"[get_call:140] fyersModel","message":{"Status Code":200,"API":"/positions"},"timestamp":"2025-05-15 09:59:00,151+0530","service":"FyersAPIRequest"}
{"level":"DEBUG","location":"[get_call:140] fyersModel","message":{"Status Code":200,"API":"/positions"},"timestamp":"2025-05-15 09:59:03,190+0530","service":"FyersAPIRequest"}
{"level":"DEBUG","location":"[get_call:140] fyersModel","message":{"Status Code":200,"API":"/positions"},"timestamp":"2025-05-15 09:59:06,396+0530","service":"FyersAPIRequest"}
{"level":"DEBUG","location":"[get_call:140] fyersModel","message":{"Status Code":200,"API":"/positions"},"timestamp":"2025-05-15 09:59:09,411+0530","service":"FyersAPIRequest"}
{"level":"DEBUG","location":"[get_call:140] fyersModel","message":{"Status Code":200,"API":"/positions"},"timestamp":"2025-05-15 09:59:12,415+0530","service":"FyersAPIRequest"}
{"level":"DEBUG","location":"[get_call:140] fyersModel","message":{"Status Code":200,"API":"/positions"},"timestamp":"2025-05-15 09:59:15,438+0530","service":"FyersAPIRequest"}
{"level":"DEBUG","location":"[get_call:140] fyersModel","message":{"Status Code":200,"API":"/positions"},"timestamp":"2025-05-15 09:59:18,484+0530","service":"FyersAPIRequest"}
{"level":"DEBUG","location":"[get_call:140] fyersModel","message":{"Status Code":200,"API":"/positions"},"timestamp":"2025-05-15 09:59:21,992+0530","service":"FyersAPIRequest"}
{"level":"DEBUG","location":"[get_call:140] fyersModel","message":{"Status Code":200,"API":"/positions"},"timestamp":"2025-05-15 09:59:25,504+0530","service":"FyersAPIRequest"}
{"level":"DEBUG","location":"[get_call:140] fyersModel","message":{"Status Code":200,"API":"/positions"},"timestamp":"2025-05-15 09:59:28,451+0530","service":"FyersAPIRequest"}
{"level":"DEBUG","location":"[get_call:140] fyersModel","message":{"Status Code":200,"API":"/positions"},"timestamp":"2025-05-15 09:59:31,426+0530","service":"FyersAPIRequest"}
{"level":"DEBUG","location":"[get_call:140] fyersModel","message":{"Status Code":200,"API":"/positions"},"timestamp":"2025-05-15 09:59:34,419+0530","service":"FyersAPIRequest"}
{"level":"DEBUG","location":"[get_call:140] fyersModel","message":{"Status Code":200,"API":"/positions"},"timestamp":"2025-05-15 09:59:37,392+0530","service":"FyersAPIRequest"}
{"level":"DEBUG","location":"[get_call:140] fyersModel","message":{"Status Code":200,"API":"/positions"},"timestamp":"2025-05-15 09:59:40,402+0530","service":"FyersAPIRequest"}
{"level":"DEBUG","location":"[get_call:140] fyersModel","message":{"Status Code":200,"API":"/positions"},"timestamp":"2025-05-15 09:59:43,415+0530","service":"FyersAPIRequest"}
{"level":"DEBUG","location":"[get_call:140] fyersModel","message":{"Status Code":200,"API":"/positions"},"timestamp":"2025-05-15 09:59:46,401+0530","service":"FyersAPIRequest"}
{"level":"DEBUG","location":"[get_call:140] fyersModel","message":{"Status Code":200,"API":"/positions"},"timestamp":"2025-05-15 09:59:49,394+0530","service":"FyersAPIRequest"}
{"level":"DEBUG","location":"[get_call:140] fyersModel","message":{"Status Code":200,"API":"/positions"},"timestamp":"2025-05-15 09:59:52,387+0530","service":"FyersAPIRequest"}
{"level":"DEBUG","location":"[get_call:140] fyersModel","message":{"Status Code":200,"API":"/positions"},"timestamp":"2025-05-15 09:59:55,345+0530","service":"FyersAPIRequest"}
{"level":"DEBUG","location":"[get_call:140] fyersModel","message":{"Status Code":200,"API":"/positions"},"timestamp":"2025-05-15 09:59:58,300+0530","service":"FyersAPIRequest"}
{"level":"DEBUG","location":"[get_call:140] fyersModel","message":{"Status Code":200,"API":"/positions"},"timestamp":"2025-05-15 10:00:01,305+0530","service":"FyersAPIRequest"}
{"level":"DEBUG","location":"[get_call:140] fyersModel","message":{"Status Code":200,"API":"/positions"},"timestamp":"2025-05-15 10:00:04,351+0530","service":"FyersAPIRequest"}
{"level":"DEBUG","location":"[get_call:140] fyersModel","message":{"Status Code":200,"API":"/positions"},"timestamp":"2025-05-15 10:00:07,907+0530","service":"FyersAPIRequest"}
{"level":"DEBUG","location":"[get_call:140] fyersModel","message":{"Status Code":200,"API":"/positions"},"timestamp":"2025-05-15 10:00:10,908+0530","service":"FyersAPIRequest"}
{"level":"DEBUG","location":"[get_call:140] fyersModel","message":{"Status Code":200,"API":"/positions"},"timestamp":"2025-05-15 10:00:13,899+0530","service":"FyersAPIRequest"}
{"level":"DEBUG","location":"[get_call:140] fyersModel","message":{"Status Code":200,"API":"/positions"},"timestamp":"2025-05-15 10:00:16,893+0530","service":"FyersAPIRequest"}
{"level":"DEBUG","location":"[get_call:140] fyersModel","message":{"Status Code":200,"API":"/positions"},"timestamp":"2025-05-15 10:00:19,917+0530","service":"FyersAPIRequest"}
{"level":"DEBUG","location":"[get_call:140] fyersModel","message":{"Status Code":200,"API":"/positions"},"timestamp":"2025-05-15 10:00:23,429+0530","service":"FyersAPIRequest"}
{"level":"DEBUG","location":"[get_call:140] fyersModel","message":{"Status Code":200,"API":"/positions"},"timestamp":"2025-05-15 10:00:26,426+0530","service":"FyersAPIRequest"}
{"level":"DEBUG","location":"[get_call:140] fyersModel","message":{"Status Code":200,"API":"/positions"},"timestamp":"2025-05-15 10:00:29,434+0530","service":"FyersAPIRequest"}
{"level":"DEBUG","location":"[get_call:140] fyersModel","message":{"Status Code":200,"API":"/positions"},"timestamp":"2025-05-15 10:00:32,500+0530","service":"FyersAPIRequest"}
{"level":"DEBUG","location":"[get_call:140] fyersModel","message":{"Status Code":200,"API":"/positions"},"timestamp":"2025-05-15 10:00:35,480+0530","service":"FyersAPIRequest"}
{"level":"DEBUG","location":"[get_call:140] fyersModel","message":{"Status Code":200,"API":"/positions"},"timestamp":"2025-05-15 10:00:38,452+0530","service":"FyersAPIRequest"}
{"level":"DEBUG","location":"[get_call:140] fyersModel","message":{"Status Code":200,"API":"/positions"},"timestamp":"2025-05-15 10:00:41,508+0530","service":"FyersAPIRequest"}
{"level":"DEBUG","location":"[get_call:140] fyersModel","message":{"Status Code":200,"API":"/positions"},"timestamp":"2025-05-15 10:00:44,494+0530","service":"FyersAPIRequest"}
{"level":"DEBUG","location":"[get_call:140] fyersModel","message":{"Status Code":200,"API":"/positions"},"timestamp":"2025-05-15 10:00:47,494+0530","service":"FyersAPIRequest"}
{"level":"DEBUG","location":"[get_call:140] fyersModel","message":{"Status Code":200,"API":"/positions"},"timestamp":"2025-05-15 10:00:50,481+0530","service":"FyersAPIRequest"}
{"level":"DEBUG","location":"[get_call:140] fyersModel","message":{"Status Code":200,"API":"/positions"},"timestamp":"2025-05-15 10:00:53,491+0530","service":"FyersAPIRequest"}
{"level":"DEBUG","location":"[get_call:140] fyersModel","message":{"Status Code":200,"API":"/positions"},"timestamp":"2025-05-15 10:00:56,466+0530","service":"FyersAPIRequest"}
{"level":"DEBUG","location":"[get_call:140] fyersModel","message":{"Status Code":200,"API":"/positions"},"timestamp":"2025-05-15 10:00:59,478+0530","service":"FyersAPIRequest"}
{"level":"DEBUG","location":"[get_call:140] fyersModel","message":{"Status Code":200,"API":"/positions"},"timestamp":"2025-05-15 10:01:02,440+0530","service":"FyersAPIRequest"}
{"level":"DEBUG","location":"[get_call:140] fyersModel","message":{"Status Code":200,"API":"/positions"},"timestamp":"2025-05-15 10:01:05,434+0530","service":"FyersAPIRequest"}
{"level":"DEBUG","location":"[get_call:140] fyersModel","message":{"Status Code":200,"API":"/positions"},"timestamp":"2025-05-15 10:01:08,443+0530","service":"FyersAPIRequest"}
{"level":"DEBUG","location":"[get_call:140] fyersModel","message":{"Status Code":200,"API":"/positions"},"timestamp":"2025-05-15 10:01:11,496+0530","service":"FyersAPIRequest"}
{"level":"DEBUG","location":"[get_call:140] fyersModel","message":{"Status Code":200,"API":"/positions"},"timestamp":"2025-05-15 10:01:14,484+0530","service":"FyersAPIRequest"}
{"level":"DEBUG","location":"[get_call:140] fyersModel","message":{"Status Code":200,"API":"/positions"},"timestamp":"2025-05-15 10:01:17,499+0530","service":"FyersAPIRequest"}
{"level":"DEBUG","location":"[get_call:140] fyersModel","message":{"Status Code":200,"API":"/positions"},"timestamp":"2025-05-15 10:01:20,449+0530","service":"FyersAPIRequest"}
{"level":"DEBUG","location":"[get_call:140] fyersModel","message":{"Status Code":200,"API":"/positions"},"timestamp":"2025-05-15 10:01:23,456+0530","service":"FyersAPIRequest"}
{"level":"DEBUG","location":"[get_call:140] fyersModel","message":{"Status Code":200,"API":"/positions"},"timestamp":"2025-05-15 10:01:26,369+0530","service":"FyersAPIRequest"}
{"level":"DEBUG","location":"[get_call:140] fyersModel","message":{"Status Code":200,"API":"/positions"},"timestamp":"2025-05-15 10:01:29,327+0530","service":"FyersAPIRequest"}
{"level":"DEBUG","location":"[get_call:140] fyersModel","message":{"Status Code":200,"API":"/positions"},"timestamp":"2025-05-15 10:01:32,374+0530","service":"FyersAPIRequest"}
{"level":"DEBUG","location":"[get_call:140] fyersModel","message":{"Status Code":200,"API":"/positions"},"timestamp":"2025-05-15 10:01:35,379+0530","service":"FyersAPIRequest"}
{"level":"DEBUG","location":"[get_call:140] fyersModel","message":{"Status Code":200,"API":"/positions"},"timestamp":"2025-05-15 10:01:38,432+0530","service":"FyersAPIRequest"}
{"level":"DEBUG","location":"[get_call:140] fyersModel","message":{"Status Code":200,"API":"/positions"},"timestamp":"2025-05-15 10:01:41,412+0530","service":"FyersAPIRequest"}
{"level":"DEBUG","location":"[get_call:140] fyersModel","message":{"Status Code":200,"API":"/positions"},"timestamp":"2025-05-15 10:01:44,441+0530","service":"FyersAPIRequest"}
{"level":"DEBUG","location":"[get_call:140] fyersModel","message":{"Status Code":200,"API":"/positions"},"timestamp":"2025-05-15 10:01:47,444+0530","service":"FyersAPIRequest"}
{"level":"DEBUG","location":"[get_call:140] fyersModel","message":{"Status Code":200,"API":"/positions"},"timestamp":"2025-05-15 10:01:50,467+0530","service":"FyersAPIRequest"}
{"level":"DEBUG","location":"[get_call:140] fyersModel","message":{"Status Code":200,"API":"/positions"},"timestamp":"2025-05-15 10:01:53,537+0530","service":"FyersAPIRequest"}
{"level":"DEBUG","location":"[get_call:140] fyersModel","message":{"Status Code":200,"API":"/positions"},"timestamp":"2025-05-15 10:01:56,555+0530","service":"FyersAPIRequest"}
{"level":"DEBUG","location":"[get_call:140] fyersModel","message":{"Status Code":200,"API":"/positions"},"timestamp":"2025-05-15 10:01:59,591+0530","service":"FyersAPIRequest"}
{"level":"DEBUG","location":"[get_call:140] fyersModel","message":{"Status Code":200,"API":"/positions"},"timestamp":"2025-05-15 10:02:02,621+0530","service":"FyersAPIRequest"}
{"level":"DEBUG","location":"[get_call:140] fyersModel","message":{"Status Code":200,"API":"/positions"},"timestamp":"2025-05-15 10:02:05,626+0530","service":"FyersAPIRequest"}
{"level":"DEBUG","location":"[get_call:140] fyersModel","message":{"Status Code":200,"API":"/positions"},"timestamp":"2025-05-15 10:02:08,635+0530","service":"FyersAPIRequest"}
{"level":"DEBUG","location":"[get_call:140] fyersModel","message":{"Status Code":200,"API":"/positions"},"timestamp":"2025-05-15 10:02:11,615+0530","service":"FyersAPIRequest"}
{"level":"DEBUG","location":"[get_call:140] fyersModel","message":{"Status Code":200,"API":"/positions"},"timestamp":"2025-05-15 10:02:14,615+0530","service":"FyersAPIRequest"}
{"level":"DEBUG","location":"[get_call:140] fyersModel","message":{"Status Code":200,"API":"/positions"},"timestamp":"2025-05-15 10:02:17,553+0530","service":"FyersAPIRequest"}
{"level":"DEBUG","location":"[get_call:140] fyersModel","message":{"Status Code":200,"API":"/positions"},"timestamp":"2025-05-15 10:02:20,529+0530","service":"FyersAPIRequest"}
{"level":"DEBUG","location":"[get_call:140] fyersModel","message":{"Status Code":200,"API":"/positions"},"timestamp":"2025-05-15 10:02:23,533+0530","service":"FyersAPIRequest"}
{"level":"DEBUG","location":"[get_call:140] fyersModel","message":{"Status Code":200,"API":"/positions"},"timestamp":"2025-05-15 10:02:26,482+0530","service":"FyersAPIRequest"}
{"level":"DEBUG","location":"[get_call:140] fyersModel","message":{"Status Code":200,"API":"/positions"},"timestamp":"2025-05-15 10:02:29,490+0530","service":"FyersAPIRequest"}
{"level":"DEBUG","location":"[get_call:140] fyersModel","message":{"Status Code":200,"API":"/positions"},"timestamp":"2025-05-15 10:02:32,456+0530","service":"FyersAPIRequest"}
{"level":"DEBUG","location":"[get_call:140] fyersModel","message":{"Status Code":200,"API":"/positions"},"timestamp":"2025-05-15 10:02:35,454+0530","service":"FyersAPIRequest"}
{"level":"DEBUG","location":"[get_call:140] fyersModel","message":{"Status Code":200,"API":"/positions"},"timestamp":"2025-05-15 10:02:38,467+0530","service":"FyersAPIRequest"}
{"level":"DEBUG","location":"[get_call:140] fyersModel","message":{"Status Code":200,"API":"/positions"},"timestamp":"2025-05-15 10:02:41,479+0530","service":"FyersAPIRequest"}
{"level":"DEBUG","location":"[get_call:140] fyersModel","message":{"Status Code":200,"API":"/positions"},"timestamp":"2025-05-15 10:02:44,506+0530","service":"FyersAPIRequest"}
{"level":"DEBUG","location":"[get_call:140] fyersModel","message":{"Status Code":200,"API":"/positions"},"timestamp":"2025-05-15 10:02:47,485+0530","service":"FyersAPIRequest"}
{"level":"DEBUG","location":"[get_call:140] fyersModel","message":{"Status Code":200,"API":"/positions"},"timestamp":"2025-05-15 10:02:50,506+0530","service":"FyersAPIRequest"}
{"level":"DEBUG","location":"[get_call:140] fyersModel","message":{"Status Code":200,"API":"/positions"},"timestamp":"2025-05-15 10:02:53,997+0530","service":"FyersAPIRequest"}
{"level":"DEBUG","location":"[get_call:140] fyersModel","message":{"Status Code":200,"API":"/positions"},"timestamp":"2025-05-15 10:02:56,987+0530","service":"FyersAPIRequest"}
{"level":"DEBUG","location":"[get_call:140] fyersModel","message":{"Status Code":200,"API":"/positions"},"timestamp":"2025-05-15 10:03:00,006+0530","service":"FyersAPIRequest"}
{"level":"DEBUG","location":"[get_call:140] fyersModel","message":{"Status Code":200,"API":"/positions"},"timestamp":"2025-05-15 10:03:03,040+0530","service":"FyersAPIRequest"}
{"level":"DEBUG","location":"[get_call:140] fyersModel","message":{"Status Code":200,"API":"/positions"},"timestamp":"2025-05-15 10:03:06,051+0530","service":"FyersAPIRequest"}
{"level":"DEBUG","location":"[get_call:140] fyersModel","message":{"Status Code":200,"API":"/positions"},"timestamp":"2025-05-15 10:03:09,109+0530","service":"FyersAPIRequest"}
{"level":"DEBUG","location":"[get_call:140] fyersModel","message":{"Status Code":200,"API":"/positions"},"timestamp":"2025-05-15 10:03:12,099+0530","service":"FyersAPIRequest"}
{"level":"DEBUG","location":"[get_call:140] fyersModel","message":{"Status Code":200,"API":"/positions"},"timestamp":"2025-05-15 10:03:15,128+0530","service":"FyersAPIRequest"}
{"level":"DEBUG","location":"[get_call:140] fyersModel","message":{"Status Code":200,"API":"/positions"},"timestamp":"2025-05-15 10:03:18,173+0530","service":"FyersAPIRequest"}
{"level":"DEBUG","location":"[get_call:140] fyersModel","message":{"Status Code":200,"API":"/positions"},"timestamp":"2025-05-15 10:03:21,169+0530","service":"FyersAPIRequest"}
{"level":"DEBUG","location":"[get_call:140] fyersModel","message":{"Status Code":200,"API":"/positions"},"timestamp":"2025-05-15 10:03:24,189+0530","service":"FyersAPIRequest"}
{"level":"DEBUG","location":"[get_call:140] fyersModel","message":{"Status Code":200,"API":"/positions"},"timestamp":"2025-05-15 10:03:27,192+0530","service":"FyersAPIRequest"}
{"level":"DEBUG","location":"[get_call:140] fyersModel","message":{"Status Code":200,"API":"/positions"},"timestamp":"2025-05-15 10:03:30,285+0530","service":"FyersAPIRequest"}
{"level":"DEBUG","location":"[get_call:140] fyersModel","message":{"Status Code":200,"API":"/positions"},"timestamp":"2025-05-15 10:03:33,284+0530","service":"FyersAPIRequest"}
{"level":"DEBUG","location":"[get_call:140] fyersModel","message":{"Status Code":200,"API":"/positions"},"timestamp":"2025-05-15 10:03:36,289+0530","service":"FyersAPIRequest"}
{"level":"DEBUG","location":"[get_call:140] fyersModel","message":{"Status Code":200,"API":"/positions"},"timestamp":"2025-05-15 10:03:39,345+0530","service":"FyersAPIRequest"}
{"level":"DEBUG","location":"[get_call:140] fyersModel","message":{"Status Code":200,"API":"/positions"},"timestamp":"2025-05-15 10:03:42,334+0530","service":"FyersAPIRequest"}
{"level":"DEBUG","location":"[get_call:140] fyersModel","message":{"Status Code":200,"API":"/positions"},"timestamp":"2025-05-15 10:03:45,346+0530","service":"FyersAPIRequest"}
{"level":"DEBUG","location":"[get_call:140] fyersModel","message":{"Status Code":200,"API":"/positions"},"timestamp":"2025-05-15 10:03:48,343+0530","service":"FyersAPIRequest"}
{"level":"DEBUG","location":"[get_call:140] fyersModel","message":{"Status Code":200,"API":"/positions"},"timestamp":"2025-05-15 10:03:51,359+0530","service":"FyersAPIRequest"}
{"level":"DEBUG","location":"[get_call:140] fyersModel","message":{"Status Code":200,"API":"/positions"},"timestamp":"2025-05-15 10:03:54,309+0530","service":"FyersAPIRequest"}
{"level":"DEBUG","location":"[get_call:140] fyersModel","message":{"Status Code":200,"API":"/positions"},"timestamp":"2025-05-15 10:03:57,267+0530","service":"FyersAPIRequest"}
{"level":"DEBUG","location":"[get_call:140] fyersModel","message":{"Status Code":200,"API":"/positions"},"timestamp":"2025-05-15 10:04:00,276+0530","service":"FyersAPIRequest"}
{"level":"DEBUG","location":"[get_call:140] fyersModel","message":{"Status Code":200,"API":"/positions"},"timestamp":"2025-05-15 10:04:03,261+0530","service":"FyersAPIRequest"}
{"level":"DEBUG","location":"[get_call:140] fyersModel","message":{"Status Code":200,"API":"/positions"},"timestamp":"2025-05-15 10:04:06,271+0530","service":"FyersAPIRequest"}
{"level":"DEBUG","location":"[get_call:140] fyersModel","message":{"Status Code":200,"API":"/positions"},"timestamp":"2025-05-15 10:04:09,275+0530","service":"FyersAPIRequest"}
{"level":"DEBUG","location":"[get_call:140] fyersModel","message":{"Status Code":200,"API":"/positions"},"timestamp":"2025-05-15 10:04:12,274+0530","service":"FyersAPIRequest"}
{"level":"DEBUG","location":"[get_call:140] fyersModel","message":{"Status Code":200,"API":"/positions"},"timestamp":"2025-05-15 10:04:15,292+0530","service":"FyersAPIRequest"}
{"level":"DEBUG","location":"[get_call:140] fyersModel","message":{"Status Code":200,"API":"/positions"},"timestamp":"2025-05-15 10:04:18,279+0530","service":"FyersAPIRequest"}
{"level":"DEBUG","location":"[get_call:140] fyersModel","message":{"Status Code":200,"API":"/positions"},"timestamp":"2025-05-15 10:04:21,296+0530","service":"FyersAPIRequest"}
{"level":"DEBUG","location":"[get_call:140] fyersModel","message":{"Status Code":200,"API":"/positions"},"timestamp":"2025-05-15 10:04:24,762+0530","service":"FyersAPIRequest"}
{"level":"DEBUG","location":"[get_call:140] fyersModel","message":{"Status Code":200,"API":"/positions"},"timestamp":"2025-05-15 10:04:27,737+0530","service":"FyersAPIRequest"}
{"level":"DEBUG","location":"[get_call:140] fyersModel","message":{"Status Code":200,"API":"/positions"},"timestamp":"2025-05-15 10:04:30,771+0530","service":"FyersAPIRequest"}
{"level":"DEBUG","location":"[get_call:140] fyersModel","message":{"Status Code":200,"API":"/positions"},"timestamp":"2025-05-15 10:04:33,791+0530","service":"FyersAPIRequest"}
{"level":"DEBUG","location":"[get_call:140] fyersModel","message":{"Status Code":200,"API":"/positions"},"timestamp":"2025-05-15 10:04:36,800+0530","service":"FyersAPIRequest"}
{"level":"DEBUG","location":"[get_call:140] fyersModel","message":{"Status Code":200,"API":"/positions"},"timestamp":"2025-05-15 10:04:39,871+0530","service":"FyersAPIRequest"}
{"level":"DEBUG","location":"[get_call:140] fyersModel","message":{"Status Code":200,"API":"/positions"},"timestamp":"2025-05-15 10:04:43,416+0530","service":"FyersAPIRequest"}
{"level":"DEBUG","location":"[get_call:140] fyersModel","message":{"Status Code":200,"API":"/positions"},"timestamp":"2025-05-15 10:04:46,427+0530","service":"FyersAPIRequest"}
{"level":"DEBUG","location":"[get_call:140] fyersModel","message":{"Status Code":200,"API":"/positions"},"timestamp":"2025-05-15 10:04:49,417+0530","service":"FyersAPIRequest"}
{"level":"DEBUG","location":"[get_call:140] fyersModel","message":{"Status Code":200,"API":"/positions"},"timestamp":"2025-05-15 10:04:52,408+0530","service":"FyersAPIRequest"}
{"level":"DEBUG","location":"[get_call:140] fyersModel","message":{"Status Code":200,"API":"/positions"},"timestamp":"2025-05-15 10:04:55,404+0530","service":"FyersAPIRequest"}
{"level":"DEBUG","location":"[get_call:140] fyersModel","message":{"Status Code":200,"API":"/positions"},"timestamp":"2025-05-15 10:04:58,410+0530","service":"FyersAPIRequest"}
{"level":"DEBUG","location":"[get_call:140] fyersModel","message":{"Status Code":200,"API":"/positions"},"timestamp":"2025-05-15 10:05:01,432+0530","service":"FyersAPIRequest"}
{"level":"DEBUG","location":"[get_call:140] fyersModel","message":{"Status Code":200,"API":"/positions"},"timestamp":"2025-05-15 10:05:04,476+0530","service":"FyersAPIRequest"}
{"level":"DEBUG","location":"[get_call:140] fyersModel","message":{"Status Code":200,"API":"/positions"},"timestamp":"2025-05-15 10:05:07,510+0530","service":"FyersAPIRequest"}
{"level":"DEBUG","location":"[get_call:140] fyersModel","message":{"Status Code":200,"API":"/positions"},"timestamp":"2025-05-15 10:05:10,525+0530","service":"FyersAPIRequest"}
{"level":"DEBUG","location":"[get_call:140] fyersModel","message":{"Status Code":200,"API":"/positions"},"timestamp":"2025-05-15 10:05:13,505+0530","service":"FyersAPIRequest"}
{"level":"DEBUG","location":"[get_call:140] fyersModel","message":{"Status Code":200,"API":"/positions"},"timestamp":"2025-05-15 10:05:16,520+0530","service":"FyersAPIRequest"}
{"level":"DEBUG","location":"[get_call:140] fyersModel","message":{"Status Code":200,"API":"/positions"},"timestamp":"2025-05-15 10:05:19,963+0530","service":"FyersAPIRequest"}
{"level":"DEBUG","location":"[get_call:140] fyersModel","message":{"Status Code":200,"API":"/positions"},"timestamp":"2025-05-15 10:05:23,480+0530","service":"FyersAPIRequest"}
{"level":"DEBUG","location":"[get_call:140] fyersModel","message":{"Status Code":200,"API":"/positions"},"timestamp":"2025-05-15 10:05:26,447+0530","service":"FyersAPIRequest"}
{"level":"DEBUG","location":"[get_call:140] fyersModel","message":{"Status Code":200,"API":"/positions"},"timestamp":"2025-05-15 10:05:29,442+0530","service":"FyersAPIRequest"}
{"level":"DEBUG","location":"[get_call:140] fyersModel","message":{"Status Code":200,"API":"/positions"},"timestamp":"2025-05-15 10:05:32,435+0530","service":"FyersAPIRequest"}
{"level":"DEBUG","location":"[get_call:140] fyersModel","message":{"Status Code":200,"API":"/positions"},"timestamp":"2025-05-15 10:05:35,952+0530","service":"FyersAPIRequest"}
{"level":"DEBUG","location":"[get_call:140] fyersModel","message":{"Status Code":200,"API":"/positions"},"timestamp":"2025-05-15 10:05:38,990+0530","service":"FyersAPIRequest"}
{"level":"DEBUG","location":"[get_call:140] fyersModel","message":{"Status Code":200,"API":"/positions"},"timestamp":"2025-05-15 10:05:42,033+0530","service":"FyersAPIRequest"}
{"level":"DEBUG","location":"[get_call:140] fyersModel","message":{"Status Code":200,"API":"/positions"},"timestamp":"2025-05-15 10:05:45,049+0530","service":"FyersAPIRequest"}
{"level":"DEBUG","location":"[get_call:140] fyersModel","message":{"Status Code":200,"API":"/positions"},"timestamp":"2025-05-15 10:05:48,560+0530","service":"FyersAPIRequest"}
{"level":"DEBUG","location":"[get_call:140] fyersModel","message":{"Status Code":200,"API":"/positions"},"timestamp":"2025-05-15 10:05:51,597+0530","service":"FyersAPIRequest"}
{"level":"DEBUG","location":"[get_call:140] fyersModel","message":{"Status Code":200,"API":"/positions"},"timestamp":"2025-05-15 10:05:54,629+0530","service":"FyersAPIRequest"}
{"level":"DEBUG","location":"[get_call:140] fyersModel","message":{"Status Code":200,"API":"/positions"},"timestamp":"2025-05-15 10:05:57,676+0530","service":"FyersAPIRequest"}
{"level":"DEBUG","location":"[get_call:140] fyersModel","message":{"Status Code":200,"API":"/positions"},"timestamp":"2025-05-15 10:06:00,627+0530","service":"FyersAPIRequest"}
{"level":"DEBUG","location":"[get_call:140] fyersModel","message":{"Status Code":200,"API":"/positions"},"timestamp":"2025-05-15 10:06:03,667+0530","service":"FyersAPIRequest"}
{"level":"DEBUG","location":"[get_call:140] fyersModel","message":{"Status Code":200,"API":"/positions"},"timestamp":"2025-05-15 10:06:06,660+0530","service":"FyersAPIRequest"}
{"level":"DEBUG","location":"[get_call:140] fyersModel","message":{"Status Code":200,"API":"/positions"},"timestamp":"2025-05-15 10:06:09,703+0530","service":"FyersAPIRequest"}
{"level":"DEBUG","location":"[get_call:140] fyersModel","message":{"Status Code":200,"API":"/positions"},"timestamp":"2025-05-15 10:06:12,757+0530","service":"FyersAPIRequest"}
{"level":"DEBUG","location":"[get_call:140] fyersModel","message":{"Status Code":200,"API":"/positions"},"timestamp":"2025-05-15 10:06:15,788+0530","service":"FyersAPIRequest"}
{"level":"DEBUG","location":"[get_call:140] fyersModel","message":{"Status Code":200,"API":"/positions"},"timestamp":"2025-05-15 10:06:18,804+0530","service":"FyersAPIRequest"}
{"level":"DEBUG","location":"[get_call:140] fyersModel","message":{"Status Code":200,"API":"/positions"},"timestamp":"2025-05-15 10:06:21,858+0530","service":"FyersAPIRequest"}
{"level":"DEBUG","location":"[get_call:140] fyersModel","message":{"Status Code":200,"API":"/positions"},"timestamp":"2025-05-15 10:06:24,877+0530","service":"FyersAPIRequest"}
{"level":"DEBUG","location":"[get_call:140] fyersModel","message":{"Status Code":200,"API":"/positions"},"timestamp":"2025-05-15 10:06:27,941+0530","service":"FyersAPIRequest"}
{"level":"DEBUG","location":"[get_call:140] fyersModel","message":{"Status Code":200,"API":"/positions"},"timestamp":"2025-05-15 10:06:30,974+0530","service":"FyersAPIRequest"}
{"level":"DEBUG","location":"[get_call:140] fyersModel","message":{"Status Code":200,"API":"/positions"},"timestamp":"2025-05-15 10:06:33,963+0530","service":"FyersAPIRequest"}
{"level":"DEBUG","location":"[get_call:140] fyersModel","message":{"Status Code":200,"API":"/positions"},"timestamp":"2025-05-15 10:06:36,936+0530","service":"FyersAPIRequest"}
{"level":"DEBUG","location":"[get_call:140] fyersModel","message":{"Status Code":200,"API":"/positions"},"timestamp":"2025-05-15 10:06:39,952+0530","service":"FyersAPIRequest"}
{"level":"DEBUG","location":"[get_call:140] fyersModel","message":{"Status Code":200,"API":"/positions"},"timestamp":"2025-05-15 10:06:42,855+0530","service":"FyersAPIRequest"}
{"level":"DEBUG","location":"[get_call:140] fyersModel","message":{"Status Code":200,"API":"/positions"},"timestamp":"2025-05-15 10:06:45,836+0530","service":"FyersAPIRequest"}
{"level":"DEBUG","location":"[get_call:140] fyersModel","message":{"Status Code":200,"API":"/positions"},"timestamp":"2025-05-15 10:06:48,822+0530","service":"FyersAPIRequest"}
{"level":"DEBUG","location":"[get_call:140] fyersModel","message":{"Status Code":200,"API":"/positions"},"timestamp":"2025-05-15 10:06:51,843+0530","service":"FyersAPIRequest"}
{"level":"DEBUG","location":"[get_call:140] fyersModel","message":{"Status Code":200,"API":"/positions"},"timestamp":"2025-05-15 10:06:54,883+0530","service":"FyersAPIRequest"}
{"level":"DEBUG","location":"[get_call:140] fyersModel","message":{"Status Code":200,"API":"/positions"},"timestamp":"2025-05-15 10:06:57,905+0530","service":"FyersAPIRequest"}
{"level":"DEBUG","location":"[get_call:140] fyersModel","message":{"Status Code":200,"API":"/positions"},"timestamp":"2025-05-15 10:07:00,931+0530","service":"FyersAPIRequest"}
{"level":"DEBUG","location":"[get_call:140] fyersModel","message":{"Status Code":200,"API":"/positions"},"timestamp":"2025-05-15 10:07:03,952+0530","service":"FyersAPIRequest"}
{"level":"DEBUG","location":"[get_call:140] fyersModel","message":{"Status Code":200,"API":"/positions"},"timestamp":"2025-05-15 10:07:06,946+0530","service":"FyersAPIRequest"}
{"level":"DEBUG","location":"[get_call:140] fyersModel","message":{"Status Code":200,"API":"/positions"},"timestamp":"2025-05-15 10:07:09,978+0530","service":"FyersAPIRequest"}
{"level":"DEBUG","location":"[get_call:140] fyersModel","message":{"Status Code":200,"API":"/positions"},"timestamp":"2025-05-15 10:07:12,957+0530","service":"FyersAPIRequest"}
{"level":"DEBUG","location":"[get_call:140] fyersModel","message":{"Status Code":200,"API":"/positions"},"timestamp":"2025-05-15 10:07:15,964+0530","service":"FyersAPIRequest"}
{"level":"DEBUG","location":"[get_call:140] fyersModel","message":{"Status Code":200,"API":"/positions"},"timestamp":"2025-05-15 10:07:18,917+0530","service":"FyersAPIRequest"}
{"level":"DEBUG","location":"[get_call:140] fyersModel","message":{"Status Code":200,"API":"/positions"},"timestamp":"2025-05-15 10:07:21,887+0530","service":"FyersAPIRequest"}
{"level":"DEBUG","location":"[get_call:140] fyersModel","message":{"Status Code":200,"API":"/positions"},"timestamp":"2025-05-15 10:07:25,319+0530","service":"FyersAPIRequest"}
{"level":"DEBUG","location":"[get_call:140] fyersModel","message":{"Status Code":200,"API":"/positions"},"timestamp":"2025-05-15 10:07:28,298+0530","service":"FyersAPIRequest"}
{"level":"DEBUG","location":"[get_call:140] fyersModel","message":{"Status Code":200,"API":"/positions"},"timestamp":"2025-05-15 10:07:31,296+0530","service":"FyersAPIRequest"}
{"level":"DEBUG","location":"[get_call:140] fyersModel","message":{"Status Code":200,"API":"/positions"},"timestamp":"2025-05-15 10:07:34,403+0530","service":"FyersAPIRequest"}
{"level":"DEBUG","location":"[get_call:140] fyersModel","message":{"Status Code":200,"API":"/positions"},"timestamp":"2025-05-15 10:07:37,355+0530","service":"FyersAPIRequest"}
{"level":"DEBUG","location":"[get_call:140] fyersModel","message":{"Status Code":200,"API":"/positions"},"timestamp":"2025-05-15 10:07:40,417+0530","service":"FyersAPIRequest"}
{"level":"DEBUG","location":"[get_call:140] fyersModel","message":{"Status Code":200,"API":"/positions"},"timestamp":"2025-05-15 10:07:44,001+0530","service":"FyersAPIRequest"}
{"level":"DEBUG","location":"[get_call:140] fyersModel","message":{"Status Code":200,"API":"/positions"},"timestamp":"2025-05-15 10:07:46,999+0530","service":"FyersAPIRequest"}
{"level":"DEBUG","location":"[get_call:140] fyersModel","message":{"Status Code":200,"API":"/positions"},"timestamp":"2025-05-15 10:07:49,953+0530","service":"FyersAPIRequest"}
{"level":"DEBUG","location":"[get_call:140] fyersModel","message":{"Status Code":200,"API":"/positions"},"timestamp":"2025-05-15 10:07:52,955+0530","service":"FyersAPIRequest"}
{"level":"DEBUG","location":"[get_call:140] fyersModel","message":{"Status Code":200,"API":"/positions"},"timestamp":"2025-05-15 10:07:55,964+0530","service":"FyersAPIRequest"}
{"level":"DEBUG","location":"[get_call:140] fyersModel","message":{"Status Code":200,"API":"/positions"},"timestamp":"2025-05-15 10:07:59,482+0530","service":"FyersAPIRequest"}
{"level":"DEBUG","location":"[get_call:140] fyersModel","message":{"Status Code":200,"API":"/positions"},"timestamp":"2025-05-15 10:08:03,007+0530","service":"FyersAPIRequest"}
{"level":"DEBUG","location":"[get_call:140] fyersModel","message":{"Status Code":200,"API":"/positions"},"timestamp":"2025-05-15 10:08:06,039+0530","service":"FyersAPIRequest"}
{"level":"DEBUG","location":"[get_call:140] fyersModel","message":{"Status Code":200,"API":"/positions"},"timestamp":"2025-05-15 10:08:09,055+0530","service":"FyersAPIRequest"}
{"level":"DEBUG","location":"[get_call:140] fyersModel","message":{"Status Code":200,"API":"/positions"},"timestamp":"2025-05-15 10:08:12,071+0530","service":"FyersAPIRequest"}
{"level":"DEBUG","location":"[get_call:140] fyersModel","message":{"Status Code":200,"API":"/positions"},"timestamp":"2025-05-15 10:08:15,130+0530","service":"FyersAPIRequest"}
{"level":"DEBUG","location":"[get_call:140] fyersModel","message":{"Status Code":200,"API":"/positions"},"timestamp":"2025-05-15 10:08:18,189+0530","service":"FyersAPIRequest"}
{"level":"DEBUG","location":"[get_call:140] fyersModel","message":{"Status Code":200,"API":"/positions"},"timestamp":"2025-05-15 10:08:21,254+0530","service":"FyersAPIRequest"}
{"level":"DEBUG","location":"[get_call:140] fyersModel","message":{"Status Code":200,"API":"/positions"},"timestamp":"2025-05-15 10:08:24,306+0530","service":"FyersAPIRequest"}
{"level":"DEBUG","location":"[get_call:140] fyersModel","message":{"Status Code":200,"API":"/positions"},"timestamp":"2025-05-15 10:08:27,315+0530","service":"FyersAPIRequest"}
{"level":"DEBUG","location":"[get_call:140] fyersModel","message":{"Status Code":200,"API":"/positions"},"timestamp":"2025-05-15 10:08:30,358+0530","service":"FyersAPIRequest"}
{"level":"DEBUG","location":"[get_call:140] fyersModel","message":{"Status Code":200,"API":"/positions"},"timestamp":"2025-05-15 10:08:33,371+0530","service":"FyersAPIRequest"}
{"level":"DEBUG","location":"[get_call:140] fyersModel","message":{"Status Code":200,"API":"/positions"},"timestamp":"2025-05-15 10:08:36,944+0530","service":"FyersAPIRequest"}
{"level":"DEBUG","location":"[get_call:140] fyersModel","message":{"Status Code":200,"API":"/positions"},"timestamp":"2025-05-15 10:08:39,982+0530","service":"FyersAPIRequest"}
{"level":"DEBUG","location":"[get_call:140] fyersModel","message":{"Status Code":200,"API":"/positions"},"timestamp":"2025-05-15 10:08:43,045+0530","service":"FyersAPIRequest"}
{"level":"DEBUG","location":"[get_call:140] fyersModel","message":{"Status Code":200,"API":"/positions"},"timestamp":"2025-05-15 10:08:46,050+0530","service":"FyersAPIRequest"}
{"level":"DEBUG","location":"[get_call:140] fyersModel","message":{"Status Code":200,"API":"/positions"},"timestamp":"2025-05-15 10:08:49,102+0530","service":"FyersAPIRequest"}
{"level":"DEBUG","location":"[get_call:140] fyersModel","message":{"Status Code":200,"API":"/positions"},"timestamp":"2025-05-15 10:08:52,139+0530","service":"FyersAPIRequest"}
{"level":"DEBUG","location":"[get_call:140] fyersModel","message":{"Status Code":200,"API":"/positions"},"timestamp":"2025-05-15 10:08:55,186+0530","service":"FyersAPIRequest"}
{"level":"DEBUG","location":"[get_call:140] fyersModel","message":{"Status Code":200,"API":"/positions"},"timestamp":"2025-05-15 10:08:58,201+0530","service":"FyersAPIRequest"}
{"level":"DEBUG","location":"[get_call:140] fyersModel","message":{"Status Code":200,"API":"/positions"},"timestamp":"2025-05-15 10:09:01,717+0530","service":"FyersAPIRequest"}
{"level":"DEBUG","location":"[get_call:140] fyersModel","message":{"Status Code":200,"API":"/positions"},"timestamp":"2025-05-15 10:09:04,748+0530","service":"FyersAPIRequest"}
{"level":"DEBUG","location":"[get_call:140] fyersModel","message":{"Status Code":200,"API":"/positions"},"timestamp":"2025-05-15 10:09:07,808+0530","service":"FyersAPIRequest"}
{"level":"DEBUG","location":"[get_call:140] fyersModel","message":{"Status Code":200,"API":"/positions"},"timestamp":"2025-05-15 10:09:10,829+0530","service":"FyersAPIRequest"}
{"level":"DEBUG","location":"[get_call:140] fyersModel","message":{"Status Code":200,"API":"/positions"},"timestamp":"2025-05-15 10:09:13,838+0530","service":"FyersAPIRequest"}
{"level":"DEBUG","location":"[get_call:140] fyersModel","message":{"Status Code":200,"API":"/positions"},"timestamp":"2025-05-15 10:09:16,833+0530","service":"FyersAPIRequest"}
{"level":"DEBUG","location":"[get_call:140] fyersModel","message":{"Status Code":200,"API":"/positions"},"timestamp":"2025-05-15 10:09:19,841+0530","service":"FyersAPIRequest"}
{"level":"DEBUG","location":"[get_call:140] fyersModel","message":{"Status Code":200,"API":"/positions"},"timestamp":"2025-05-15 10:09:22,853+0530","service":"FyersAPIRequest"}
{"level":"DEBUG","location":"[get_call:140] fyersModel","message":{"Status Code":200,"API":"/positions"},"timestamp":"2025-05-15 10:09:25,818+0530","service":"FyersAPIRequest"}
{"level":"DEBUG","location":"[get_call:140] fyersModel","message":{"Status Code":200,"API":"/positions"},"timestamp":"2025-05-15 10:09:29,341+0530","service":"FyersAPIRequest"}
{"level":"DEBUG","location":"[get_call:140] fyersModel","message":{"Status Code":200,"API":"/positions"},"timestamp":"2025-05-15 10:09:32,323+0530","service":"FyersAPIRequest"}
{"level":"DEBUG","location":"[get_call:140] fyersModel","message":{"Status Code":200,"API":"/positions"},"timestamp":"2025-05-15 10:09:35,316+0530","service":"FyersAPIRequest"}
{"level":"DEBUG","location":"[get_call:140] fyersModel","message":{"Status Code":200,"API":"/positions"},"timestamp":"2025-05-15 10:09:38,338+0530","service":"FyersAPIRequest"}
{"level":"DEBUG","location":"[get_call:140] fyersModel","message":{"Status Code":200,"API":"/positions"},"timestamp":"2025-05-15 10:09:41,290+0530","service":"FyersAPIRequest"}
{"level":"DEBUG","location":"[get_call:140] fyersModel","message":{"Status Code":200,"API":"/positions"},"timestamp":"2025-05-15 10:09:44,302+0530","service":"FyersAPIRequest"}
{"level":"DEBUG","location":"[get_call:140] fyersModel","message":{"Status Code":200,"API":"/positions"},"timestamp":"2025-05-15 10:09:47,340+0530","service":"FyersAPIRequest"}
{"level":"DEBUG","location":"[get_call:140] fyersModel","message":{"Status Code":200,"API":"/positions"},"timestamp":"2025-05-15 10:09:50,332+0530","service":"FyersAPIRequest"}
{"level":"DEBUG","location":"[get_call:140] fyersModel","message":{"Status Code":200,"API":"/positions"},"timestamp":"2025-05-15 10:09:53,330+0530","service":"FyersAPIRequest"}
{"level":"DEBUG","location":"[get_call:140] fyersModel","message":{"Status Code":200,"API":"/positions"},"timestamp":"2025-05-15 10:09:56,353+0530","service":"FyersAPIRequest"}
{"level":"DEBUG","location":"[get_call:140] fyersModel","message":{"Status Code":200,"API":"/positions"},"timestamp":"2025-05-15 10:09:59,863+0530","service":"FyersAPIRequest"}
{"level":"DEBUG","location":"[get_call:140] fyersModel","message":{"Status Code":200,"API":"/positions"},"timestamp":"2025-05-15 10:10:02,922+0530","service":"FyersAPIRequest"}
{"level":"DEBUG","location":"[get_call:140] fyersModel","message":{"Status Code":200,"API":"/positions"},"timestamp":"2025-05-15 10:10:06,004+0530","service":"FyersAPIRequest"}
{"level":"DEBUG","location":"[get_call:140] fyersModel","message":{"Status Code":200,"API":"/positions"},"timestamp":"2025-05-15 10:10:09,037+0530","service":"FyersAPIRequest"}
{"level":"DEBUG","location":"[get_call:140] fyersModel","message":{"Status Code":200,"API":"/positions"},"timestamp":"2025-05-15 10:10:12,058+0530","service":"FyersAPIRequest"}
{"level":"DEBUG","location":"[get_call:140] fyersModel","message":{"Status Code":200,"API":"/positions"},"timestamp":"2025-05-15 10:10:15,110+0530","service":"FyersAPIRequest"}
{"level":"DEBUG","location":"[get_call:140] fyersModel","message":{"Status Code":200,"API":"/positions"},"timestamp":"2025-05-15 10:10:18,623+0530","service":"FyersAPIRequest"}
{"level":"DEBUG","location":"[get_call:140] fyersModel","message":{"Status Code":200,"API":"/positions"},"timestamp":"2025-05-15 10:10:21,673+0530","service":"FyersAPIRequest"}
{"level":"DEBUG","location":"[get_call:140] fyersModel","message":{"Status Code":200,"API":"/positions"},"timestamp":"2025-05-15 10:10:24,718+0530","service":"FyersAPIRequest"}
{"level":"DEBUG","location":"[get_call:140] fyersModel","message":{"Status Code":200,"API":"/positions"},"timestamp":"2025-05-15 10:10:27,779+0530","service":"FyersAPIRequest"}
{"level":"DEBUG","location":"[get_call:140] fyersModel","message":{"Status Code":200,"API":"/positions"},"timestamp":"2025-05-15 10:10:30,827+0530","service":"FyersAPIRequest"}
{"level":"DEBUG","location":"[get_call:140] fyersModel","message":{"Status Code":200,"API":"/positions"},"timestamp":"2025-05-15 10:10:33,885+0530","service":"FyersAPIRequest"}
{"level":"DEBUG","location":"[get_call:140] fyersModel","message":{"Status Code":200,"API":"/positions"},"timestamp":"2025-05-15 10:10:36,913+0530","service":"FyersAPIRequest"}
{"level":"DEBUG","location":"[get_call:140] fyersModel","message":{"Status Code":200,"API":"/positions"},"timestamp":"2025-05-15 10:10:39,954+0530","service":"FyersAPIRequest"}
{"level":"DEBUG","location":"[get_call:140] fyersModel","message":{"Status Code":200,"API":"/positions"},"timestamp":"2025-05-15 10:10:43,008+0530","service":"FyersAPIRequest"}
{"level":"DEBUG","location":"[get_call:140] fyersModel","message":{"Status Code":200,"API":"/positions"},"timestamp":"2025-05-15 10:10:46,051+0530","service":"FyersAPIRequest"}
{"level":"DEBUG","location":"[get_call:140] fyersModel","message":{"Status Code":200,"API":"/positions"},"timestamp":"2025-05-15 10:10:49,095+0530","service":"FyersAPIRequest"}
{"level":"DEBUG","location":"[get_call:140] fyersModel","message":{"Status Code":200,"API":"/positions"},"timestamp":"2025-05-15 10:10:52,161+0530","service":"FyersAPIRequest"}
{"level":"DEBUG","location":"[get_call:140] fyersModel","message":{"Status Code":200,"API":"/positions"},"timestamp":"2025-05-15 10:10:55,211+0530","service":"FyersAPIRequest"}
{"level":"DEBUG","location":"[get_call:140] fyersModel","message":{"Status Code":200,"API":"/positions"},"timestamp":"2025-05-15 10:10:58,230+0530","service":"FyersAPIRequest"}
{"level":"DEBUG","location":"[get_call:140] fyersModel","message":{"Status Code":200,"API":"/positions"},"timestamp":"2025-05-15 10:11:01,283+0530","service":"FyersAPIRequest"}
{"level":"DEBUG","location":"[get_call:140] fyersModel","message":{"Status Code":200,"API":"/positions"},"timestamp":"2025-05-15 10:11:04,274+0530","service":"FyersAPIRequest"}
{"level":"DEBUG","location":"[get_call:140] fyersModel","message":{"Status Code":200,"API":"/positions"},"timestamp":"2025-05-15 10:11:07,303+0530","service":"FyersAPIRequest"}
{"level":"DEBUG","location":"[get_call:140] fyersModel","message":{"Status Code":200,"API":"/positions"},"timestamp":"2025-05-15 10:11:10,320+0530","service":"FyersAPIRequest"}
{"level":"DEBUG","location":"[get_call:140] fyersModel","message":{"Status Code":200,"API":"/positions"},"timestamp":"2025-05-15 10:11:13,369+0530","service":"FyersAPIRequest"}
{"level":"DEBUG","location":"[get_call:140] fyersModel","message":{"Status Code":200,"API":"/positions"},"timestamp":"2025-05-15 10:11:16,382+0530","service":"FyersAPIRequest"}
{"level":"DEBUG","location":"[get_call:140] fyersModel","message":{"Status Code":200,"API":"/positions"},"timestamp":"2025-05-15 10:11:19,916+0530","service":"FyersAPIRequest"}
{"level":"DEBUG","location":"[get_call:140] fyersModel","message":{"Status Code":200,"API":"/positions"},"timestamp":"2025-05-15 10:11:22,938+0530","service":"FyersAPIRequest"}
{"level":"DEBUG","location":"[get_call:140] fyersModel","message":{"Status Code":200,"API":"/positions"},"timestamp":"2025-05-15 10:11:26,040+0530","service":"FyersAPIRequest"}
{"level":"DEBUG","location":"[get_call:140] fyersModel","message":{"Status Code":200,"API":"/positions"},"timestamp":"2025-05-15 10:11:29,073+0530","service":"FyersAPIRequest"}
{"level":"DEBUG","location":"[get_call:140] fyersModel","message":{"Status Code":200,"API":"/positions"},"timestamp":"2025-05-15 10:11:32,157+0530","service":"FyersAPIRequest"}
{"level":"DEBUG","location":"[get_call:140] fyersModel","message":{"Status Code":200,"API":"/positions"},"timestamp":"2025-05-15 10:11:35,155+0530","service":"FyersAPIRequest"}
{"level":"DEBUG","location":"[get_call:140] fyersModel","message":{"Status Code":200,"API":"/positions"},"timestamp":"2025-05-15 10:11:38,193+0530","service":"FyersAPIRequest"}
{"level":"DEBUG","location":"[get_call:140] fyersModel","message":{"Status Code":200,"API":"/positions"},"timestamp":"2025-05-15 10:11:41,212+0530","service":"FyersAPIRequest"}
{"level":"DEBUG","location":"[get_call:140] fyersModel","message":{"Status Code":200,"API":"/positions"},"timestamp":"2025-05-15 10:11:44,258+0530","service":"FyersAPIRequest"}
{"level":"DEBUG","location":"[get_call:140] fyersModel","message":{"Status Code":200,"API":"/positions"},"timestamp":"2025-05-15 10:11:47,274+0530","service":"FyersAPIRequest"}
{"level":"DEBUG","location":"[get_call:140] fyersModel","message":{"Status Code":200,"API":"/positions"},"timestamp":"2025-05-15 10:11:50,327+0530","service":"FyersAPIRequest"}
{"level":"DEBUG","location":"[get_call:140] fyersModel","message":{"Status Code":200,"API":"/positions"},"timestamp":"2025-05-15 10:11:53,388+0530","service":"FyersAPIRequest"}
{"level":"DEBUG","location":"[get_call:140] fyersModel","message":{"Status Code":200,"API":"/positions"},"timestamp":"2025-05-15 10:11:56,466+0530","service":"FyersAPIRequest"}
{"level":"DEBUG","location":"[get_call:140] fyersModel","message":{"Status Code":200,"API":"/positions"},"timestamp":"2025-05-15 10:11:59,478+0530","service":"FyersAPIRequest"}
{"level":"DEBUG","location":"[get_call:140] fyersModel","message":{"Status Code":200,"API":"/positions"},"timestamp":"2025-05-15 10:12:02,513+0530","service":"FyersAPIRequest"}
{"level":"DEBUG","location":"[get_call:140] fyersModel","message":{"Status Code":200,"API":"/positions"},"timestamp":"2025-05-15 10:12:05,558+0530","service":"FyersAPIRequest"}
{"level":"DEBUG","location":"[get_call:140] fyersModel","message":{"Status Code":200,"API":"/positions"},"timestamp":"2025-05-15 10:12:08,623+0530","service":"FyersAPIRequest"}
{"level":"DEBUG","location":"[get_call:140] fyersModel","message":{"Status Code":200,"API":"/positions"},"timestamp":"2025-05-15 10:12:11,710+0530","service":"FyersAPIRequest"}
{"level":"DEBUG","location":"[get_call:140] fyersModel","message":{"Status Code":200,"API":"/positions"},"timestamp":"2025-05-15 10:12:14,990+0530","service":"FyersAPIRequest"}
{"level":"DEBUG","location":"[get_call:140] fyersModel","message":{"Status Code":200,"API":"/positions"},"timestamp":"2025-05-15 10:12:18,533+0530","service":"FyersAPIRequest"}
{"level":"DEBUG","location":"[get_call:140] fyersModel","message":{"Status Code":200,"API":"/positions"},"timestamp":"2025-05-15 10:12:21,570+0530","service":"FyersAPIRequest"}
{"level":"DEBUG","location":"[get_call:140] fyersModel","message":{"Status Code":200,"API":"/positions"},"timestamp":"2025-05-15 10:12:24,571+0530","service":"FyersAPIRequest"}
{"level":"DEBUG","location":"[get_call:140] fyersModel","message":{"Status Code":200,"API":"/positions"},"timestamp":"2025-05-15 10:12:27,554+0530","service":"FyersAPIRequest"}
{"level":"DEBUG","location":"[get_call:140] fyersModel","message":{"Status Code":200,"API":"/positions"},"timestamp":"2025-05-15 10:12:30,629+0530","service":"FyersAPIRequest"}
{"level":"DEBUG","location":"[get_call:140] fyersModel","message":{"Status Code":200,"API":"/positions"},"timestamp":"2025-05-15 10:12:33,677+0530","service":"FyersAPIRequest"}
{"level":"DEBUG","location":"[get_call:140] fyersModel","message":{"Status Code":200,"API":"/positions"},"timestamp":"2025-05-15 10:12:36,710+0530","service":"FyersAPIRequest"}
{"level":"DEBUG","location":"[get_call:140] fyersModel","message":{"Status Code":200,"API":"/positions"},"timestamp":"2025-05-15 10:12:39,725+0530","service":"FyersAPIRequest"}
{"level":"DEBUG","location":"[get_call:140] fyersModel","message":{"Status Code":200,"API":"/positions"},"timestamp":"2025-05-15 10:12:43,300+0530","service":"FyersAPIRequest"}
{"level":"DEBUG","location":"[get_call:140] fyersModel","message":{"Status Code":200,"API":"/positions"},"timestamp":"2025-05-15 10:12:46,350+0530","service":"FyersAPIRequest"}
{"level":"DEBUG","location":"[get_call:140] fyersModel","message":{"Status Code":200,"API":"/positions"},"timestamp":"2025-05-15 10:12:49,892+0530","service":"FyersAPIRequest"}
{"level":"DEBUG","location":"[get_call:140] fyersModel","message":{"Status Code":200,"API":"/positions"},"timestamp":"2025-05-15 10:12:52,944+0530","service":"FyersAPIRequest"}
{"level":"DEBUG","location":"[get_call:140] fyersModel","message":{"Status Code":200,"API":"/positions"},"timestamp":"2025-05-15 10:12:55,949+0530","service":"FyersAPIRequest"}
{"level":"DEBUG","location":"[get_call:140] fyersModel","message":{"Status Code":200,"API":"/positions"},"timestamp":"2025-05-15 10:12:58,962+0530","service":"FyersAPIRequest"}
{"level":"DEBUG","location":"[get_call:140] fyersModel","message":{"Status Code":200,"API":"/positions"},"timestamp":"2025-05-15 10:13:01,986+0530","service":"FyersAPIRequest"}
{"level":"DEBUG","location":"[get_call:140] fyersModel","message":{"Status Code":200,"API":"/positions"},"timestamp":"2025-05-15 10:13:05,007+0530","service":"FyersAPIRequest"}
{"level":"DEBUG","location":"[get_call:140] fyersModel","message":{"Status Code":200,"API":"/positions"},"timestamp":"2025-05-15 10:13:08,014+0530","service":"FyersAPIRequest"}
{"level":"DEBUG","location":"[get_call:140] fyersModel","message":{"Status Code":200,"API":"/positions"},"timestamp":"2025-05-15 10:13:11,051+0530","service":"FyersAPIRequest"}
{"level":"DEBUG","location":"[get_call:140] fyersModel","message":{"Status Code":200,"API":"/positions"},"timestamp":"2025-05-15 10:13:14,092+0530","service":"FyersAPIRequest"}
{"level":"DEBUG","location":"[get_call:140] fyersModel","message":{"Status Code":200,"API":"/positions"},"timestamp":"2025-05-15 10:13:17,138+0530","service":"FyersAPIRequest"}
{"level":"DEBUG","location":"[get_call:140] fyersModel","message":{"Status Code":200,"API":"/positions"},"timestamp":"2025-05-15 10:13:20,156+0530","service":"FyersAPIRequest"}
{"level":"DEBUG","location":"[get_call:140] fyersModel","message":{"Status Code":200,"API":"/positions"},"timestamp":"2025-05-15 10:13:23,154+0530","service":"FyersAPIRequest"}
{"level":"DEBUG","location":"[get_call:140] fyersModel","message":{"Status Code":200,"API":"/positions"},"timestamp":"2025-05-15 10:13:26,382+0530","service":"FyersAPIRequest"}
{"level":"DEBUG","location":"[get_call:140] fyersModel","message":{"Status Code":200,"API":"/positions"},"timestamp":"2025-05-15 10:13:29,395+0530","service":"FyersAPIRequest"}
{"level":"DEBUG","location":"[get_call:140] fyersModel","message":{"Status Code":200,"API":"/positions"},"timestamp":"2025-05-15 10:13:33,007+0530","service":"FyersAPIRequest"}
{"level":"DEBUG","location":"[get_call:140] fyersModel","message":{"Status Code":200,"API":"/positions"},"timestamp":"2025-05-15 10:13:35,975+0530","service":"FyersAPIRequest"}
{"level":"DEBUG","location":"[get_call:140] fyersModel","message":{"Status Code":200,"API":"/positions"},"timestamp":"2025-05-15 10:13:39,491+0530","service":"FyersAPIRequest"}
{"level":"DEBUG","location":"[get_call:140] fyersModel","message":{"Status Code":200,"API":"/positions"},"timestamp":"2025-05-15 10:13:42,496+0530","service":"FyersAPIRequest"}
{"level":"DEBUG","location":"[get_call:140] fyersModel","message":{"Status Code":200,"API":"/positions"},"timestamp":"2025-05-15 10:13:45,512+0530","service":"FyersAPIRequest"}
{"level":"DEBUG","location":"[get_call:140] fyersModel","message":{"Status Code":200,"API":"/positions"},"timestamp":"2025-05-15 10:13:48,509+0530","service":"FyersAPIRequest"}
{"level":"DEBUG","location":"[get_call:140] fyersModel","message":{"Status Code":200,"API":"/positions"},"timestamp":"2025-05-15 10:13:51,461+0530","service":"FyersAPIRequest"}
{"level":"DEBUG","location":"[get_call:140] fyersModel","message":{"Status Code":200,"API":"/positions"},"timestamp":"2025-05-15 10:13:54,434+0530","service":"FyersAPIRequest"}
{"level":"DEBUG","location":"[get_call:140] fyersModel","message":{"Status Code":200,"API":"/positions"},"timestamp":"2025-05-15 10:13:57,465+0530","service":"FyersAPIRequest"}
{"level":"DEBUG","location":"[get_call:140] fyersModel","message":{"Status Code":200,"API":"/positions"},"timestamp":"2025-05-15 10:14:00,562+0530","service":"FyersAPIRequest"}
{"level":"DEBUG","location":"[get_call:140] fyersModel","message":{"Status Code":200,"API":"/positions"},"timestamp":"2025-05-15 10:14:03,613+0530","service":"FyersAPIRequest"}
{"level":"DEBUG","location":"[get_call:140] fyersModel","message":{"Status Code":200,"API":"/positions"},"timestamp":"2025-05-15 10:14:06,635+0530","service":"FyersAPIRequest"}
{"level":"DEBUG","location":"[get_call:140] fyersModel","message":{"Status Code":200,"API":"/positions"},"timestamp":"2025-05-15 10:14:09,658+0530","service":"FyersAPIRequest"}
{"level":"DEBUG","location":"[get_call:140] fyersModel","message":{"Status Code":200,"API":"/positions"},"timestamp":"2025-05-15 10:14:12,646+0530","service":"FyersAPIRequest"}
{"level":"DEBUG","location":"[get_call:140] fyersModel","message":{"Status Code":200,"API":"/positions"},"timestamp":"2025-05-15 10:14:15,692+0530","service":"FyersAPIRequest"}
{"level":"DEBUG","location":"[get_call:140] fyersModel","message":{"Status Code":200,"API":"/positions"},"timestamp":"2025-05-15 10:14:18,711+0530","service":"FyersAPIRequest"}
{"level":"DEBUG","location":"[get_call:140] fyersModel","message":{"Status Code":200,"API":"/positions"},"timestamp":"2025-05-15 10:14:21,759+0530","service":"FyersAPIRequest"}
{"level":"DEBUG","location":"[get_call:140] fyersModel","message":{"Status Code":200,"API":"/positions"},"timestamp":"2025-05-15 10:14:24,921+0530","service":"FyersAPIRequest"}
{"level":"DEBUG","location":"[get_call:140] fyersModel","message":{"Status Code":200,"API":"/positions"},"timestamp":"2025-05-15 10:14:27,961+0530","service":"FyersAPIRequest"}
{"level":"DEBUG","location":"[get_call:140] fyersModel","message":{"Status Code":200,"API":"/positions"},"timestamp":"2025-05-15 10:14:31,016+0530","service":"FyersAPIRequest"}
{"level":"DEBUG","location":"[get_call:140] fyersModel","message":{"Status Code":200,"API":"/positions"},"timestamp":"2025-05-15 10:14:34,078+0530","service":"FyersAPIRequest"}
{"level":"DEBUG","location":"[get_call:140] fyersModel","message":{"Status Code":200,"API":"/positions"},"timestamp":"2025-05-15 10:14:37,080+0530","service":"FyersAPIRequest"}
{"level":"DEBUG","location":"[get_call:140] fyersModel","message":{"Status Code":200,"API":"/positions"},"timestamp":"2025-05-15 10:14:40,123+0530","service":"FyersAPIRequest"}
{"level":"DEBUG","location":"[get_call:140] fyersModel","message":{"Status Code":200,"API":"/positions"},"timestamp":"2025-05-15 10:14:43,337+0530","service":"FyersAPIRequest"}
{"level":"DEBUG","location":"[get_call:140] fyersModel","message":{"Status Code":200,"API":"/positions"},"timestamp":"2025-05-15 10:14:46,346+0530","service":"FyersAPIRequest"}
{"level":"DEBUG","location":"[get_call:140] fyersModel","message":{"Status Code":200,"API":"/positions"},"timestamp":"2025-05-15 10:14:49,873+0530","service":"FyersAPIRequest"}
{"level":"DEBUG","location":"[get_call:140] fyersModel","message":{"Status Code":200,"API":"/positions"},"timestamp":"2025-05-15 10:14:52,890+0530","service":"FyersAPIRequest"}
{"level":"DEBUG","location":"[get_call:140] fyersModel","message":{"Status Code":200,"API":"/positions"},"timestamp":"2025-05-15 10:14:55,942+0530","service":"FyersAPIRequest"}
{"level":"DEBUG","location":"[get_call:140] fyersModel","message":{"Status Code":200,"API":"/positions"},"timestamp":"2025-05-15 10:14:59,020+0530","service":"FyersAPIRequest"}
{"level":"DEBUG","location":"[get_call:140] fyersModel","message":{"Status Code":200,"API":"/positions"},"timestamp":"2025-05-15 10:15:02,078+0530","service":"FyersAPIRequest"}
{"level":"DEBUG","location":"[get_call:140] fyersModel","message":{"Status Code":200,"API":"/positions"},"timestamp":"2025-05-15 10:15:05,137+0530","service":"FyersAPIRequest"}
{"level":"DEBUG","location":"[get_call:140] fyersModel","message":{"Status Code":200,"API":"/positions"},"timestamp":"2025-05-15 10:15:08,175+0530","service":"FyersAPIRequest"}
{"level":"DEBUG","location":"[get_call:140] fyersModel","message":{"Status Code":200,"API":"/positions"},"timestamp":"2025-05-15 10:15:11,209+0530","service":"FyersAPIRequest"}
{"level":"DEBUG","location":"[get_call:140] fyersModel","message":{"Status Code":200,"API":"/positions"},"timestamp":"2025-05-15 10:15:14,194+0530","service":"FyersAPIRequest"}
{"level":"DEBUG","location":"[get_call:140] fyersModel","message":{"Status Code":200,"API":"/positions"},"timestamp":"2025-05-15 10:15:17,195+0530","service":"FyersAPIRequest"}
{"level":"DEBUG","location":"[get_call:140] fyersModel","message":{"Status Code":200,"API":"/positions"},"timestamp":"2025-05-15 10:15:20,208+0530","service":"FyersAPIRequest"}
{"level":"DEBUG","location":"[get_call:140] fyersModel","message":{"Status Code":200,"API":"/positions"},"timestamp":"2025-05-15 10:15:23,190+0530","service":"FyersAPIRequest"}
{"level":"DEBUG","location":"[get_call:140] fyersModel","message":{"Status Code":200,"API":"/positions"},"timestamp":"2025-05-15 10:15:26,159+0530","service":"FyersAPIRequest"}
{"level":"DEBUG","location":"[get_call:140] fyersModel","message":{"Status Code":200,"API":"/positions"},"timestamp":"2025-05-15 10:15:29,118+0530","service":"FyersAPIRequest"}
{"level":"DEBUG","location":"[get_call:140] fyersModel","message":{"Status Code":200,"API":"/positions"},"timestamp":"2025-05-15 10:15:32,133+0530","service":"FyersAPIRequest"}
{"level":"DEBUG","location":"[get_call:140] fyersModel","message":{"Status Code":200,"API":"/positions"},"timestamp":"2025-05-15 10:15:35,136+0530","service":"FyersAPIRequest"}
{"level":"DEBUG","location":"[get_call:140] fyersModel","message":{"Status Code":200,"API":"/positions"},"timestamp":"2025-05-15 10:15:38,142+0530","service":"FyersAPIRequest"}
{"level":"DEBUG","location":"[get_call:140] fyersModel","message":{"Status Code":200,"API":"/positions"},"timestamp":"2025-05-15 10:15:41,669+0530","service":"FyersAPIRequest"}
{"level":"DEBUG","location":"[get_call:140] fyersModel","message":{"Status Code":200,"API":"/positions"},"timestamp":"2025-05-15 10:15:44,710+0530","service":"FyersAPIRequest"}
{"level":"DEBUG","location":"[get_call:140] fyersModel","message":{"Status Code":200,"API":"/positions"},"timestamp":"2025-05-15 10:15:47,743+0530","service":"FyersAPIRequest"}
{"level":"DEBUG","location":"[get_call:140] fyersModel","message":{"Status Code":200,"API":"/positions"},"timestamp":"2025-05-15 10:15:50,766+0530","service":"FyersAPIRequest"}
{"level":"DEBUG","location":"[get_call:140] fyersModel","message":{"Status Code":200,"API":"/positions"},"timestamp":"2025-05-15 10:15:53,768+0530","service":"FyersAPIRequest"}
{"level":"DEBUG","location":"[get_call:140] fyersModel","message":{"Status Code":200,"API":"/positions"},"timestamp":"2025-05-15 10:15:56,820+0530","service":"FyersAPIRequest"}
{"level":"DEBUG","location":"[get_call:140] fyersModel","message":{"Status Code":200,"API":"/positions"},"timestamp":"2025-05-15 10:15:59,824+0530","service":"FyersAPIRequest"}
{"level":"DEBUG","location":"[get_call:140] fyersModel","message":{"Status Code":200,"API":"/positions"},"timestamp":"2025-05-15 10:16:02,816+0530","service":"FyersAPIRequest"}
{"level":"DEBUG","location":"[get_call:140] fyersModel","message":{"Status Code":200,"API":"/positions"},"timestamp":"2025-05-15 10:16:06,369+0530","service":"FyersAPIRequest"}
{"level":"DEBUG","location":"[get_call:140] fyersModel","message":{"Status Code":200,"API":"/positions"},"timestamp":"2025-05-15 10:16:09,364+0530","service":"FyersAPIRequest"}
{"level":"DEBUG","location":"[get_call:140] fyersModel","message":{"Status Code":200,"API":"/positions"},"timestamp":"2025-05-15 10:16:12,852+0530","service":"FyersAPIRequest"}
{"level":"DEBUG","location":"[get_call:140] fyersModel","message":{"Status Code":200,"API":"/positions"},"timestamp":"2025-05-15 10:16:15,863+0530","service":"FyersAPIRequest"}
{"level":"DEBUG","location":"[get_call:140] fyersModel","message":{"Status Code":200,"API":"/positions"},"timestamp":"2025-05-15 10:16:19,012+0530","service":"FyersAPIRequest"}
{"level":"DEBUG","location":"[get_call:140] fyersModel","message":{"Status Code":200,"API":"/positions"},"timestamp":"2025-05-15 10:16:22,000+0530","service":"FyersAPIRequest"}
{"level":"DEBUG","location":"[get_call:140] fyersModel","message":{"Status Code":200,"API":"/positions"},"timestamp":"2025-05-15 10:16:24,981+0530","service":"FyersAPIRequest"}
{"level":"DEBUG","location":"[get_call:140] fyersModel","message":{"Status Code":200,"API":"/positions"},"timestamp":"2025-05-15 10:16:27,935+0530","service":"FyersAPIRequest"}
{"level":"DEBUG","location":"[get_call:140] fyersModel","message":{"Status Code":200,"API":"/positions"},"timestamp":"2025-05-15 10:16:30,905+0530","service":"FyersAPIRequest"}
{"level":"DEBUG","location":"[get_call:140] fyersModel","message":{"Status Code":200,"API":"/positions"},"timestamp":"2025-05-15 10:16:34,486+0530","service":"FyersAPIRequest"}
{"level":"DEBUG","location":"[get_call:140] fyersModel","message":{"Status Code":200,"API":"/positions"},"timestamp":"2025-05-15 10:16:37,510+0530","service":"FyersAPIRequest"}
{"level":"DEBUG","location":"[get_call:140] fyersModel","message":{"Status Code":200,"API":"/positions"},"timestamp":"2025-05-15 10:16:40,580+0530","service":"FyersAPIRequest"}
{"level":"DEBUG","location":"[get_call:140] fyersModel","message":{"Status Code":200,"API":"/positions"},"timestamp":"2025-05-15 10:16:43,599+0530","service":"FyersAPIRequest"}
{"level":"DEBUG","location":"[get_call:140] fyersModel","message":{"Status Code":200,"API":"/positions"},"timestamp":"2025-05-15 10:16:46,646+0530","service":"FyersAPIRequest"}
{"level":"DEBUG","location":"[get_call:140] fyersModel","message":{"Status Code":200,"API":"/positions"},"timestamp":"2025-05-15 10:16:49,689+0530","service":"FyersAPIRequest"}
{"level":"DEBUG","location":"[get_call:140] fyersModel","message":{"Status Code":200,"API":"/positions"},"timestamp":"2025-05-15 10:16:52,703+0530","service":"FyersAPIRequest"}
{"level":"DEBUG","location":"[get_call:140] fyersModel","message":{"Status Code":200,"API":"/positions"},"timestamp":"2025-05-15 10:16:55,696+0530","service":"FyersAPIRequest"}
{"level":"DEBUG","location":"[get_call:140] fyersModel","message":{"Status Code":200,"API":"/positions"},"timestamp":"2025-05-15 10:16:58,725+0530","service":"FyersAPIRequest"}
{"level":"DEBUG","location":"[get_call:140] fyersModel","message":{"Status Code":200,"API":"/positions"},"timestamp":"2025-05-15 10:17:01,765+0530","service":"FyersAPIRequest"}
{"level":"DEBUG","location":"[get_call:140] fyersModel","message":{"Status Code":200,"API":"/positions"},"timestamp":"2025-05-15 10:17:04,808+0530","service":"FyersAPIRequest"}
{"level":"DEBUG","location":"[get_call:140] fyersModel","message":{"Status Code":200,"API":"/positions"},"timestamp":"2025-05-15 10:17:07,832+0530","service":"FyersAPIRequest"}
{"level":"DEBUG","location":"[get_call:140] fyersModel","message":{"Status Code":200,"API":"/positions"},"timestamp":"2025-05-15 10:17:10,803+0530","service":"FyersAPIRequest"}
{"level":"DEBUG","location":"[get_call:140] fyersModel","message":{"Status Code":200,"API":"/positions"},"timestamp":"2025-05-15 10:17:14,351+0530","service":"FyersAPIRequest"}
{"level":"DEBUG","location":"[get_call:140] fyersModel","message":{"Status Code":200,"API":"/positions"},"timestamp":"2025-05-15 10:17:17,818+0530","service":"FyersAPIRequest"}
{"level":"DEBUG","location":"[get_call:140] fyersModel","message":{"Status Code":200,"API":"/positions"},"timestamp":"2025-05-15 10:17:20,820+0530","service":"FyersAPIRequest"}
{"level":"DEBUG","location":"[get_call:140] fyersModel","message":{"Status Code":200,"API":"/positions"},"timestamp":"2025-05-15 10:17:23,867+0530","service":"FyersAPIRequest"}
{"level":"DEBUG","location":"[get_call:140] fyersModel","message":{"Status Code":200,"API":"/positions"},"timestamp":"2025-05-15 10:17:27,433+0530","service":"FyersAPIRequest"}
{"level":"DEBUG","location":"[get_call:140] fyersModel","message":{"Status Code":200,"API":"/positions"},"timestamp":"2025-05-15 10:17:30,499+0530","service":"FyersAPIRequest"}
{"level":"DEBUG","location":"[get_call:140] fyersModel","message":{"Status Code":200,"API":"/positions"},"timestamp":"2025-05-15 10:17:33,520+0530","service":"FyersAPIRequest"}
{"level":"DEBUG","location":"[get_call:140] fyersModel","message":{"Status Code":200,"API":"/positions"},"timestamp":"2025-05-15 10:17:36,597+0530","service":"FyersAPIRequest"}
{"level":"DEBUG","location":"[get_call:140] fyersModel","message":{"Status Code":200,"API":"/positions"},"timestamp":"2025-05-15 10:17:39,675+0530","service":"FyersAPIRequest"}
{"level":"DEBUG","location":"[get_call:140] fyersModel","message":{"Status Code":200,"API":"/positions"},"timestamp":"2025-05-15 10:17:42,707+0530","service":"FyersAPIRequest"}
{"level":"DEBUG","location":"[get_call:140] fyersModel","message":{"Status Code":200,"API":"/positions"},"timestamp":"2025-05-15 10:17:45,844+0530","service":"FyersAPIRequest"}
{"level":"DEBUG","location":"[get_call:140] fyersModel","message":{"Status Code":200,"API":"/positions"},"timestamp":"2025-05-15 10:17:48,886+0530","service":"FyersAPIRequest"}
{"level":"DEBUG","location":"[get_call:140] fyersModel","message":{"Status Code":200,"API":"/positions"},"timestamp":"2025-05-15 10:17:51,899+0530","service":"FyersAPIRequest"}
{"level":"DEBUG","location":"[get_call:140] fyersModel","message":{"Status Code":200,"API":"/positions"},"timestamp":"2025-05-15 10:17:54,888+0530","service":"FyersAPIRequest"}
{"level":"DEBUG","location":"[get_call:140] fyersModel","message":{"Status Code":200,"API":"/positions"},"timestamp":"2025-05-15 10:17:57,891+0530","service":"FyersAPIRequest"}
{"level":"DEBUG","location":"[get_call:140] fyersModel","message":{"Status Code":200,"API":"/positions"},"timestamp":"2025-05-15 10:18:01,440+0530","service":"FyersAPIRequest"}
{"level":"DEBUG","location":"[get_call:140] fyersModel","message":{"Status Code":200,"API":"/positions"},"timestamp":"2025-05-15 10:18:04,443+0530","service":"FyersAPIRequest"}
{"level":"DEBUG","location":"[get_call:140] fyersModel","message":{"Status Code":200,"API":"/positions"},"timestamp":"2025-05-15 10:18:07,466+0530","service":"FyersAPIRequest"}
{"level":"DEBUG","location":"[get_call:140] fyersModel","message":{"Status Code":200,"API":"/positions"},"timestamp":"2025-05-15 10:18:10,972+0530","service":"FyersAPIRequest"}
{"level":"DEBUG","location":"[get_call:140] fyersModel","message":{"Status Code":200,"API":"/positions"},"timestamp":"2025-05-15 10:18:13,979+0530","service":"FyersAPIRequest"}
{"level":"DEBUG","location":"[get_call:140] fyersModel","message":{"Status Code":200,"API":"/positions"},"timestamp":"2025-05-15 10:18:17,502+0530","service":"FyersAPIRequest"}
{"level":"DEBUG","location":"[get_call:140] fyersModel","message":{"Status Code":200,"API":"/positions"},"timestamp":"2025-05-15 10:18:20,494+0530","service":"FyersAPIRequest"}
{"level":"DEBUG","location":"[get_call:140] fyersModel","message":{"Status Code":200,"API":"/positions"},"timestamp":"2025-05-15 10:18:23,435+0530","service":"FyersAPIRequest"}
{"level":"DEBUG","location":"[get_call:140] fyersModel","message":{"Status Code":200,"API":"/positions"},"timestamp":"2025-05-15 10:18:26,429+0530","service":"FyersAPIRequest"}
{"level":"DEBUG","location":"[get_call:140] fyersModel","message":{"Status Code":200,"API":"/positions"},"timestamp":"2025-05-15 10:18:29,911+0530","service":"FyersAPIRequest"}
{"level":"DEBUG","location":"[get_call:140] fyersModel","message":{"Status Code":200,"API":"/positions"},"timestamp":"2025-05-15 10:18:33,415+0530","service":"FyersAPIRequest"}
{"level":"DEBUG","location":"[get_call:140] fyersModel","message":{"Status Code":200,"API":"/positions"},"timestamp":"2025-05-15 10:18:36,425+0530","service":"FyersAPIRequest"}
{"level":"DEBUG","location":"[get_call:140] fyersModel","message":{"Status Code":200,"API":"/positions"},"timestamp":"2025-05-15 10:18:39,414+0530","service":"FyersAPIRequest"}
{"level":"DEBUG","location":"[get_call:140] fyersModel","message":{"Status Code":200,"API":"/positions"},"timestamp":"2025-05-15 10:18:42,423+0530","service":"FyersAPIRequest"}
{"level":"DEBUG","location":"[get_call:140] fyersModel","message":{"Status Code":200,"API":"/positions"},"timestamp":"2025-05-15 10:18:45,395+0530","service":"FyersAPIRequest"}
{"level":"DEBUG","location":"[get_call:140] fyersModel","message":{"Status Code":200,"API":"/positions"},"timestamp":"2025-05-15 10:18:48,394+0530","service":"FyersAPIRequest"}
{"level":"DEBUG","location":"[get_call:140] fyersModel","message":{"Status Code":200,"API":"/positions"},"timestamp":"2025-05-15 10:18:51,376+0530","service":"FyersAPIRequest"}
{"level":"DEBUG","location":"[get_call:140] fyersModel","message":{"Status Code":200,"API":"/positions"},"timestamp":"2025-05-15 10:18:54,365+0530","service":"FyersAPIRequest"}
{"level":"DEBUG","location":"[get_call:140] fyersModel","message":{"Status Code":200,"API":"/positions"},"timestamp":"2025-05-15 10:18:57,333+0530","service":"FyersAPIRequest"}
{"level":"DEBUG","location":"[get_call:140] fyersModel","message":{"Status Code":200,"API":"/positions"},"timestamp":"2025-05-15 10:19:00,301+0530","service":"FyersAPIRequest"}
{"level":"DEBUG","location":"[get_call:140] fyersModel","message":{"Status Code":200,"API":"/positions"},"timestamp":"2025-05-15 10:19:03,325+0530","service":"FyersAPIRequest"}
{"level":"DEBUG","location":"[get_call:140] fyersModel","message":{"Status Code":200,"API":"/positions"},"timestamp":"2025-05-15 10:19:06,334+0530","service":"FyersAPIRequest"}
{"level":"DEBUG","location":"[get_call:140] fyersModel","message":{"Status Code":200,"API":"/positions"},"timestamp":"2025-05-15 10:19:09,889+0530","service":"FyersAPIRequest"}
{"level":"DEBUG","location":"[get_call:140] fyersModel","message":{"Status Code":200,"API":"/positions"},"timestamp":"2025-05-15 10:19:12,931+0530","service":"FyersAPIRequest"}
{"level":"DEBUG","location":"[get_call:140] fyersModel","message":{"Status Code":200,"API":"/positions"},"timestamp":"2025-05-15 10:19:15,903+0530","service":"FyersAPIRequest"}
{"level":"DEBUG","location":"[get_call:140] fyersModel","message":{"Status Code":200,"API":"/positions"},"timestamp":"2025-05-15 10:19:18,872+0530","service":"FyersAPIRequest"}
{"level":"DEBUG","location":"[get_call:140] fyersModel","message":{"Status Code":200,"API":"/positions"},"timestamp":"2025-05-15 10:19:22,322+0530","service":"FyersAPIRequest"}
{"level":"DEBUG","location":"[get_call:140] fyersModel","message":{"Status Code":200,"API":"/positions"},"timestamp":"2025-05-15 10:19:25,780+0530","service":"FyersAPIRequest"}
{"level":"DEBUG","location":"[get_call:140] fyersModel","message":{"Status Code":200,"API":"/positions"},"timestamp":"2025-05-15 10:19:28,773+0530","service":"FyersAPIRequest"}
{"level":"DEBUG","location":"[get_call:140] fyersModel","message":{"Status Code":200,"API":"/positions"},"timestamp":"2025-05-15 10:19:32,237+0530","service":"FyersAPIRequest"}
{"level":"DEBUG","location":"[get_call:140] fyersModel","message":{"Status Code":200,"API":"/positions"},"timestamp":"2025-05-15 10:19:35,221+0530","service":"FyersAPIRequest"}
{"level":"DEBUG","location":"[get_call:140] fyersModel","message":{"Status Code":200,"API":"/positions"},"timestamp":"2025-05-15 10:19:38,293+0530","service":"FyersAPIRequest"}
{"level":"DEBUG","location":"[get_call:140] fyersModel","message":{"Status Code":200,"API":"/positions"},"timestamp":"2025-05-15 10:19:41,291+0530","service":"FyersAPIRequest"}
{"level":"DEBUG","location":"[get_call:140] fyersModel","message":{"Status Code":200,"API":"/positions"},"timestamp":"2025-05-15 10:19:44,279+0530","service":"FyersAPIRequest"}
{"level":"DEBUG","location":"[get_call:140] fyersModel","message":{"Status Code":200,"API":"/positions"},"timestamp":"2025-05-15 10:19:47,331+0530","service":"FyersAPIRequest"}
{"level":"DEBUG","location":"[get_call:140] fyersModel","message":{"Status Code":200,"API":"/positions"},"timestamp":"2025-05-15 10:19:50,345+0530","service":"FyersAPIRequest"}
{"level":"DEBUG","location":"[get_call:140] fyersModel","message":{"Status Code":200,"API":"/positions"},"timestamp":"2025-05-15 10:19:53,386+0530","service":"FyersAPIRequest"}
{"level":"DEBUG","location":"[get_call:140] fyersModel","message":{"Status Code":200,"API":"/positions"},"timestamp":"2025-05-15 10:19:56,343+0530","service":"FyersAPIRequest"}
{"level":"DEBUG","location":"[get_call:140] fyersModel","message":{"Status Code":200,"API":"/positions"},"timestamp":"2025-05-15 10:19:59,842+0530","service":"FyersAPIRequest"}
{"level":"DEBUG","location":"[get_call:140] fyersModel","message":{"Status Code":200,"API":"/positions"},"timestamp":"2025-05-15 10:20:02,847+0530","service":"FyersAPIRequest"}
{"level":"DEBUG","location":"[get_call:140] fyersModel","message":{"Status Code":200,"API":"/positions"},"timestamp":"2025-05-15 10:20:05,813+0530","service":"FyersAPIRequest"}
{"level":"DEBUG","location":"[get_call:140] fyersModel","message":{"Status Code":200,"API":"/positions"},"timestamp":"2025-05-15 10:20:08,853+0530","service":"FyersAPIRequest"}
{"level":"DEBUG","location":"[get_call:140] fyersModel","message":{"Status Code":200,"API":"/positions"},"timestamp":"2025-05-15 10:20:12,397+0530","service":"FyersAPIRequest"}
{"level":"DEBUG","location":"[get_call:140] fyersModel","message":{"Status Code":200,"API":"/positions"},"timestamp":"2025-05-15 10:20:15,411+0530","service":"FyersAPIRequest"}
{"level":"DEBUG","location":"[get_call:140] fyersModel","message":{"Status Code":200,"API":"/positions"},"timestamp":"2025-05-15 10:20:18,403+0530","service":"FyersAPIRequest"}
{"level":"DEBUG","location":"[get_call:140] fyersModel","message":{"Status Code":200,"API":"/positions"},"timestamp":"2025-05-15 10:20:21,390+0530","service":"FyersAPIRequest"}
{"level":"DEBUG","location":"[get_call:140] fyersModel","message":{"Status Code":200,"API":"/positions"},"timestamp":"2025-05-15 10:20:24,368+0530","service":"FyersAPIRequest"}
{"level":"DEBUG","location":"[get_call:140] fyersModel","message":{"Status Code":200,"API":"/positions"},"timestamp":"2025-05-15 10:20:27,346+0530","service":"FyersAPIRequest"}
{"level":"DEBUG","location":"[get_call:140] fyersModel","message":{"Status Code":200,"API":"/positions"},"timestamp":"2025-05-15 10:20:30,335+0530","service":"FyersAPIRequest"}
{"level":"DEBUG","location":"[get_call:140] fyersModel","message":{"Status Code":200,"API":"/positions"},"timestamp":"2025-05-15 10:20:33,309+0530","service":"FyersAPIRequest"}
{"level":"DEBUG","location":"[get_call:140] fyersModel","message":{"Status Code":200,"API":"/positions"},"timestamp":"2025-05-15 10:20:36,845+0530","service":"FyersAPIRequest"}
{"level":"DEBUG","location":"[get_call:140] fyersModel","message":{"Status Code":200,"API":"/positions"},"timestamp":"2025-05-15 10:20:39,830+0530","service":"FyersAPIRequest"}
{"level":"DEBUG","location":"[get_call:140] fyersModel","message":{"Status Code":200,"API":"/positions"},"timestamp":"2025-05-15 10:20:42,765+0530","service":"FyersAPIRequest"}
{"level":"DEBUG","location":"[get_call:140] fyersModel","message":{"Status Code":200,"API":"/positions"},"timestamp":"2025-05-15 10:20:45,744+0530","service":"FyersAPIRequest"}
{"level":"DEBUG","location":"[get_call:140] fyersModel","message":{"Status Code":200,"API":"/positions"},"timestamp":"2025-05-15 10:20:48,783+0530","service":"FyersAPIRequest"}
{"level":"DEBUG","location":"[get_call:140] fyersModel","message":{"Status Code":200,"API":"/positions"},"timestamp":"2025-05-15 10:20:51,824+0530","service":"FyersAPIRequest"}
{"level":"DEBUG","location":"[get_call:140] fyersModel","message":{"Status Code":200,"API":"/positions"},"timestamp":"2025-05-15 10:20:54,854+0530","service":"FyersAPIRequest"}
{"level":"DEBUG","location":"[get_call:140] fyersModel","message":{"Status Code":200,"API":"/positions"},"timestamp":"2025-05-15 10:20:57,910+0530","service":"FyersAPIRequest"}
{"level":"DEBUG","location":"[get_call:140] fyersModel","message":{"Status Code":200,"API":"/positions"},"timestamp":"2025-05-15 10:21:00,943+0530","service":"FyersAPIRequest"}
{"level":"DEBUG","location":"[get_call:140] fyersModel","message":{"Status Code":200,"API":"/positions"},"timestamp":"2025-05-15 10:21:03,970+0530","service":"FyersAPIRequest"}
{"level":"DEBUG","location":"[get_call:140] fyersModel","message":{"Status Code":200,"API":"/positions"},"timestamp":"2025-05-15 10:21:07,575+0530","service":"FyersAPIRequest"}
{"level":"DEBUG","location":"[get_call:140] fyersModel","message":{"Status Code":200,"API":"/positions"},"timestamp":"2025-05-15 10:21:10,608+0530","service":"FyersAPIRequest"}
{"level":"DEBUG","location":"[get_call:140] fyersModel","message":{"Status Code":200,"API":"/positions"},"timestamp":"2025-05-15 10:21:13,654+0530","service":"FyersAPIRequest"}
{"level":"DEBUG","location":"[get_call:140] fyersModel","message":{"Status Code":200,"API":"/positions"},"timestamp":"2025-05-15 10:21:16,670+0530","service":"FyersAPIRequest"}
{"level":"DEBUG","location":"[get_call:140] fyersModel","message":{"Status Code":200,"API":"/positions"},"timestamp":"2025-05-15 10:21:19,700+0530","service":"FyersAPIRequest"}
{"level":"DEBUG","location":"[get_call:140] fyersModel","message":{"Status Code":200,"API":"/positions"},"timestamp":"2025-05-15 10:21:22,762+0530","service":"FyersAPIRequest"}
{"level":"DEBUG","location":"[get_call:140] fyersModel","message":{"Status Code":200,"API":"/positions"},"timestamp":"2025-05-15 10:21:25,799+0530","service":"FyersAPIRequest"}
{"level":"DEBUG","location":"[get_call:140] fyersModel","message":{"Status Code":200,"API":"/positions"},"timestamp":"2025-05-15 10:21:28,819+0530","service":"FyersAPIRequest"}
{"level":"DEBUG","location":"[get_call:140] fyersModel","message":{"Status Code":200,"API":"/positions"},"timestamp":"2025-05-15 10:21:31,840+0530","service":"FyersAPIRequest"}
{"level":"DEBUG","location":"[get_call:140] fyersModel","message":{"Status Code":200,"API":"/positions"},"timestamp":"2025-05-15 10:21:34,831+0530","service":"FyersAPIRequest"}
{"level":"DEBUG","location":"[get_call:140] fyersModel","message":{"Status Code":200,"API":"/positions"},"timestamp":"2025-05-15 10:21:37,817+0530","service":"FyersAPIRequest"}
{"level":"DEBUG","location":"[get_call:140] fyersModel","message":{"Status Code":200,"API":"/positions"},"timestamp":"2025-05-15 10:21:40,784+0530","service":"FyersAPIRequest"}
{"level":"DEBUG","location":"[get_call:140] fyersModel","message":{"Status Code":200,"API":"/positions"},"timestamp":"2025-05-15 10:21:43,799+0530","service":"FyersAPIRequest"}
{"level":"DEBUG","location":"[get_call:140] fyersModel","message":{"Status Code":200,"API":"/positions"},"timestamp":"2025-05-15 10:21:46,742+0530","service":"FyersAPIRequest"}
{"level":"DEBUG","location":"[get_call:140] fyersModel","message":{"Status Code":200,"API":"/positions"},"timestamp":"2025-05-15 10:21:49,716+0530","service":"FyersAPIRequest"}
{"level":"DEBUG","location":"[get_call:140] fyersModel","message":{"Status Code":200,"API":"/positions"},"timestamp":"2025-05-15 10:21:52,769+0530","service":"FyersAPIRequest"}
{"level":"DEBUG","location":"[get_call:140] fyersModel","message":{"Status Code":200,"API":"/positions"},"timestamp":"2025-05-15 10:21:55,790+0530","service":"FyersAPIRequest"}
{"level":"DEBUG","location":"[get_call:140] fyersModel","message":{"Status Code":200,"API":"/positions"},"timestamp":"2025-05-15 10:21:58,837+0530","service":"FyersAPIRequest"}
{"level":"DEBUG","location":"[get_call:140] fyersModel","message":{"Status Code":200,"API":"/positions"},"timestamp":"2025-05-15 10:22:01,887+0530","service":"FyersAPIRequest"}
{"level":"DEBUG","location":"[get_call:140] fyersModel","message":{"Status Code":200,"API":"/positions"},"timestamp":"2025-05-15 10:22:05,430+0530","service":"FyersAPIRequest"}
{"level":"DEBUG","location":"[get_call:140] fyersModel","message":{"Status Code":200,"API":"/positions"},"timestamp":"2025-05-15 10:22:08,469+0530","service":"FyersAPIRequest"}
{"level":"DEBUG","location":"[get_call:140] fyersModel","message":{"Status Code":200,"API":"/positions"},"timestamp":"2025-05-15 10:22:11,510+0530","service":"FyersAPIRequest"}
{"level":"DEBUG","location":"[get_call:140] fyersModel","message":{"Status Code":200,"API":"/positions"},"timestamp":"2025-05-15 10:22:14,464+0530","service":"FyersAPIRequest"}
{"level":"DEBUG","location":"[get_call:140] fyersModel","message":{"Status Code":200,"API":"/positions"},"timestamp":"2025-05-15 10:22:17,513+0530","service":"FyersAPIRequest"}
{"level":"DEBUG","location":"[get_call:140] fyersModel","message":{"Status Code":200,"API":"/positions"},"timestamp":"2025-05-15 10:22:20,989+0530","service":"FyersAPIRequest"}
{"level":"DEBUG","location":"[get_call:140] fyersModel","message":{"Status Code":200,"API":"/positions"},"timestamp":"2025-05-15 10:22:24,004+0530","service":"FyersAPIRequest"}
{"level":"DEBUG","location":"[get_call:140] fyersModel","message":{"Status Code":200,"API":"/positions"},"timestamp":"2025-05-15 10:22:26,984+0530","service":"FyersAPIRequest"}
{"level":"DEBUG","location":"[get_call:140] fyersModel","message":{"Status Code":200,"API":"/positions"},"timestamp":"2025-05-15 10:22:29,987+0530","service":"FyersAPIRequest"}
{"level":"DEBUG","location":"[get_call:140] fyersModel","message":{"Status Code":200,"API":"/positions"},"timestamp":"2025-05-15 10:22:32,985+0530","service":"FyersAPIRequest"}
{"level":"DEBUG","location":"[get_call:140] fyersModel","message":{"Status Code":200,"API":"/positions"},"timestamp":"2025-05-15 10:22:35,924+0530","service":"FyersAPIRequest"}
{"level":"DEBUG","location":"[get_call:140] fyersModel","message":{"Status Code":200,"API":"/positions"},"timestamp":"2025-05-15 10:22:38,991+0530","service":"FyersAPIRequest"}
{"level":"DEBUG","location":"[get_call:140] fyersModel","message":{"Status Code":200,"API":"/positions"},"timestamp":"2025-05-15 10:22:42,033+0530","service":"FyersAPIRequest"}
{"level":"DEBUG","location":"[get_call:140] fyersModel","message":{"Status Code":200,"API":"/positions"},"timestamp":"2025-05-15 10:22:45,568+0530","service":"FyersAPIRequest"}
{"level":"DEBUG","location":"[get_call:140] fyersModel","message":{"Status Code":200,"API":"/positions"},"timestamp":"2025-05-15 10:22:48,630+0530","service":"FyersAPIRequest"}
{"level":"DEBUG","location":"[get_call:140] fyersModel","message":{"Status Code":200,"API":"/positions"},"timestamp":"2025-05-15 10:22:51,619+0530","service":"FyersAPIRequest"}
{"level":"DEBUG","location":"[get_call:140] fyersModel","message":{"Status Code":200,"API":"/positions"},"timestamp":"2025-05-15 10:22:54,638+0530","service":"FyersAPIRequest"}
{"level":"DEBUG","location":"[get_call:140] fyersModel","message":{"Status Code":200,"API":"/positions"},"timestamp":"2025-05-15 10:22:57,642+0530","service":"FyersAPIRequest"}
{"level":"DEBUG","location":"[get_call:140] fyersModel","message":{"Status Code":200,"API":"/positions"},"timestamp":"2025-05-15 10:23:01,169+0530","service":"FyersAPIRequest"}
{"level":"DEBUG","location":"[get_call:140] fyersModel","message":{"Status Code":200,"API":"/positions"},"timestamp":"2025-05-15 10:23:04,171+0530","service":"FyersAPIRequest"}
{"level":"DEBUG","location":"[get_call:140] fyersModel","message":{"Status Code":200,"API":"/positions"},"timestamp":"2025-05-15 10:23:07,174+0530","service":"FyersAPIRequest"}
{"level":"DEBUG","location":"[get_call:140] fyersModel","message":{"Status Code":200,"API":"/positions"},"timestamp":"2025-05-15 10:23:10,690+0530","service":"FyersAPIRequest"}
{"level":"DEBUG","location":"[get_call:140] fyersModel","message":{"Status Code":200,"API":"/positions"},"timestamp":"2025-05-15 10:23:13,710+0530","service":"FyersAPIRequest"}
{"level":"DEBUG","location":"[get_call:140] fyersModel","message":{"Status Code":200,"API":"/positions"},"timestamp":"2025-05-15 10:23:16,723+0530","service":"FyersAPIRequest"}
{"level":"DEBUG","location":"[get_call:140] fyersModel","message":{"Status Code":200,"API":"/positions"},"timestamp":"2025-05-15 10:23:19,779+0530","service":"FyersAPIRequest"}
{"level":"DEBUG","location":"[get_call:140] fyersModel","message":{"Status Code":200,"API":"/positions"},"timestamp":"2025-05-15 10:23:22,812+0530","service":"FyersAPIRequest"}
{"level":"DEBUG","location":"[get_call:140] fyersModel","message":{"Status Code":200,"API":"/positions"},"timestamp":"2025-05-15 10:23:25,796+0530","service":"FyersAPIRequest"}
{"level":"DEBUG","location":"[get_call:140] fyersModel","message":{"Status Code":200,"API":"/positions"},"timestamp":"2025-05-15 10:23:28,838+0530","service":"FyersAPIRequest"}
{"level":"DEBUG","location":"[get_call:140] fyersModel","message":{"Status Code":200,"API":"/positions"},"timestamp":"2025-05-15 10:23:31,850+0530","service":"FyersAPIRequest"}
{"level":"DEBUG","location":"[get_call:140] fyersModel","message":{"Status Code":200,"API":"/positions"},"timestamp":"2025-05-15 10:23:34,851+0530","service":"FyersAPIRequest"}
{"level":"DEBUG","location":"[get_call:140] fyersModel","message":{"Status Code":200,"API":"/positions"},"timestamp":"2025-05-15 10:23:37,857+0530","service":"FyersAPIRequest"}
{"level":"DEBUG","location":"[get_call:140] fyersModel","message":{"Status Code":200,"API":"/positions"},"timestamp":"2025-05-15 10:23:40,880+0530","service":"FyersAPIRequest"}
{"level":"DEBUG","location":"[get_call:140] fyersModel","message":{"Status Code":200,"API":"/positions"},"timestamp":"2025-05-15 10:23:43,879+0530","service":"FyersAPIRequest"}
{"level":"DEBUG","location":"[get_call:140] fyersModel","message":{"Status Code":200,"API":"/positions"},"timestamp":"2025-05-15 10:23:47,438+0530","service":"FyersAPIRequest"}
{"level":"DEBUG","location":"[get_call:140] fyersModel","message":{"Status Code":200,"API":"/positions"},"timestamp":"2025-05-15 10:23:50,438+0530","service":"FyersAPIRequest"}
{"level":"DEBUG","location":"[get_call:140] fyersModel","message":{"Status Code":200,"API":"/positions"},"timestamp":"2025-05-15 10:23:53,423+0530","service":"FyersAPIRequest"}
{"level":"DEBUG","location":"[get_call:140] fyersModel","message":{"Status Code":200,"API":"/positions"},"timestamp":"2025-05-15 10:23:56,415+0530","service":"FyersAPIRequest"}
{"level":"DEBUG","location":"[get_call:140] fyersModel","message":{"Status Code":200,"API":"/positions"},"timestamp":"2025-05-15 10:23:59,453+0530","service":"FyersAPIRequest"}
{"level":"DEBUG","location":"[get_call:140] fyersModel","message":{"Status Code":200,"API":"/positions"},"timestamp":"2025-05-15 10:24:02,453+0530","service":"FyersAPIRequest"}
{"level":"DEBUG","location":"[get_call:140] fyersModel","message":{"Status Code":200,"API":"/positions"},"timestamp":"2025-05-15 10:24:05,445+0530","service":"FyersAPIRequest"}
{"level":"DEBUG","location":"[get_call:140] fyersModel","message":{"Status Code":200,"API":"/positions"},"timestamp":"2025-05-15 10:24:08,424+0530","service":"FyersAPIRequest"}
{"level":"DEBUG","location":"[get_call:140] fyersModel","message":{"Status Code":200,"API":"/positions"},"timestamp":"2025-05-15 10:24:11,439+0530","service":"FyersAPIRequest"}
{"level":"DEBUG","location":"[get_call:140] fyersModel","message":{"Status Code":200,"API":"/positions"},"timestamp":"2025-05-15 10:24:14,417+0530","service":"FyersAPIRequest"}
{"level":"DEBUG","location":"[get_call:140] fyersModel","message":{"Status Code":200,"API":"/positions"},"timestamp":"2025-05-15 10:24:17,385+0530","service":"FyersAPIRequest"}
{"level":"DEBUG","location":"[get_call:140] fyersModel","message":{"Status Code":200,"API":"/positions"},"timestamp":"2025-05-15 10:24:20,343+0530","service":"FyersAPIRequest"}
{"level":"DEBUG","location":"[get_call:140] fyersModel","message":{"Status Code":200,"API":"/positions"},"timestamp":"2025-05-15 10:24:23,251+0530","service":"FyersAPIRequest"}
{"level":"DEBUG","location":"[get_call:140] fyersModel","message":{"Status Code":200,"API":"/positions"},"timestamp":"2025-05-15 10:24:26,407+0530","service":"FyersAPIRequest"}
{"level":"DEBUG","location":"[get_call:140] fyersModel","message":{"Status Code":200,"API":"/positions"},"timestamp":"2025-05-15 10:24:29,462+0530","service":"FyersAPIRequest"}
{"level":"DEBUG","location":"[get_call:140] fyersModel","message":{"Status Code":200,"API":"/positions"},"timestamp":"2025-05-15 10:24:32,538+0530","service":"FyersAPIRequest"}
{"level":"DEBUG","location":"[get_call:140] fyersModel","message":{"Status Code":200,"API":"/positions"},"timestamp":"2025-05-15 10:24:35,562+0530","service":"FyersAPIRequest"}
{"level":"DEBUG","location":"[get_call:140] fyersModel","message":{"Status Code":200,"API":"/positions"},"timestamp":"2025-05-15 10:24:39,151+0530","service":"FyersAPIRequest"}
{"level":"DEBUG","location":"[get_call:140] fyersModel","message":{"Status Code":200,"API":"/positions"},"timestamp":"2025-05-15 10:24:42,175+0530","service":"FyersAPIRequest"}
{"level":"DEBUG","location":"[get_call:140] fyersModel","message":{"Status Code":200,"API":"/positions"},"timestamp":"2025-05-15 10:24:45,225+0530","service":"FyersAPIRequest"}
{"level":"DEBUG","location":"[get_call:140] fyersModel","message":{"Status Code":200,"API":"/positions"},"timestamp":"2025-05-15 10:24:48,290+0530","service":"FyersAPIRequest"}
{"level":"DEBUG","location":"[get_call:140] fyersModel","message":{"Status Code":200,"API":"/positions"},"timestamp":"2025-05-15 10:24:51,328+0530","service":"FyersAPIRequest"}
{"level":"DEBUG","location":"[get_call:140] fyersModel","message":{"Status Code":200,"API":"/positions"},"timestamp":"2025-05-15 10:24:54,344+0530","service":"FyersAPIRequest"}
{"level":"DEBUG","location":"[get_call:140] fyersModel","message":{"Status Code":200,"API":"/positions"},"timestamp":"2025-05-15 10:24:57,349+0530","service":"FyersAPIRequest"}
{"level":"DEBUG","location":"[get_call:140] fyersModel","message":{"Status Code":200,"API":"/positions"},"timestamp":"2025-05-15 10:25:00,346+0530","service":"FyersAPIRequest"}
{"level":"DEBUG","location":"[get_call:140] fyersModel","message":{"Status Code":200,"API":"/positions"},"timestamp":"2025-05-15 10:25:03,446+0530","service":"FyersAPIRequest"}
{"level":"DEBUG","location":"[get_call:140] fyersModel","message":{"Status Code":200,"API":"/positions"},"timestamp":"2025-05-15 10:25:06,490+0530","service":"FyersAPIRequest"}
{"level":"DEBUG","location":"[get_call:140] fyersModel","message":{"Status Code":200,"API":"/positions"},"timestamp":"2025-05-15 10:25:10,041+0530","service":"FyersAPIRequest"}
{"level":"DEBUG","location":"[get_call:140] fyersModel","message":{"Status Code":200,"API":"/positions"},"timestamp":"2025-05-15 10:25:13,103+0530","service":"FyersAPIRequest"}
{"level":"DEBUG","location":"[get_call:140] fyersModel","message":{"Status Code":200,"API":"/positions"},"timestamp":"2025-05-15 10:25:16,171+0530","service":"FyersAPIRequest"}
{"level":"DEBUG","location":"[get_call:140] fyersModel","message":{"Status Code":200,"API":"/positions"},"timestamp":"2025-05-15 10:25:19,215+0530","service":"FyersAPIRequest"}
{"level":"DEBUG","location":"[get_call:140] fyersModel","message":{"Status Code":200,"API":"/positions"},"timestamp":"2025-05-15 10:25:22,274+0530","service":"FyersAPIRequest"}
{"level":"DEBUG","location":"[get_call:140] fyersModel","message":{"Status Code":200,"API":"/positions"},"timestamp":"2025-05-15 10:25:25,312+0530","service":"FyersAPIRequest"}
{"level":"DEBUG","location":"[get_call:140] fyersModel","message":{"Status Code":200,"API":"/positions"},"timestamp":"2025-05-15 10:25:28,369+0530","service":"FyersAPIRequest"}
{"level":"DEBUG","location":"[get_call:140] fyersModel","message":{"Status Code":200,"API":"/positions"},"timestamp":"2025-05-15 10:25:31,387+0530","service":"FyersAPIRequest"}
{"level":"DEBUG","location":"[get_call:140] fyersModel","message":{"Status Code":200,"API":"/positions"},"timestamp":"2025-05-15 10:25:34,964+0530","service":"FyersAPIRequest"}
{"level":"DEBUG","location":"[get_call:140] fyersModel","message":{"Status Code":200,"API":"/positions"},"timestamp":"2025-05-15 10:25:38,009+0530","service":"FyersAPIRequest"}
{"level":"DEBUG","location":"[get_call:140] fyersModel","message":{"Status Code":200,"API":"/positions"},"timestamp":"2025-05-15 10:25:41,087+0530","service":"FyersAPIRequest"}
{"level":"DEBUG","location":"[get_call:140] fyersModel","message":{"Status Code":200,"API":"/positions"},"timestamp":"2025-05-15 10:25:44,104+0530","service":"FyersAPIRequest"}
{"level":"DEBUG","location":"[get_call:140] fyersModel","message":{"Status Code":200,"API":"/positions"},"timestamp":"2025-05-15 10:25:47,157+0530","service":"FyersAPIRequest"}
{"level":"DEBUG","location":"[get_call:140] fyersModel","message":{"Status Code":200,"API":"/positions"},"timestamp":"2025-05-15 10:25:50,704+0530","service":"FyersAPIRequest"}
{"level":"DEBUG","location":"[get_call:140] fyersModel","message":{"Status Code":200,"API":"/positions"},"timestamp":"2025-05-15 10:25:53,756+0530","service":"FyersAPIRequest"}
{"level":"DEBUG","location":"[get_call:140] fyersModel","message":{"Status Code":200,"API":"/positions"},"timestamp":"2025-05-15 10:25:56,782+0530","service":"FyersAPIRequest"}
{"level":"DEBUG","location":"[get_call:140] fyersModel","message":{"Status Code":200,"API":"/positions"},"timestamp":"2025-05-15 10:25:59,819+0530","service":"FyersAPIRequest"}
{"level":"DEBUG","location":"[get_call:140] fyersModel","message":{"Status Code":200,"API":"/positions"},"timestamp":"2025-05-15 10:26:02,887+0530","service":"FyersAPIRequest"}
{"level":"DEBUG","location":"[get_call:140] fyersModel","message":{"Status Code":200,"API":"/positions"},"timestamp":"2025-05-15 10:26:05,974+0530","service":"FyersAPIRequest"}
{"level":"DEBUG","location":"[get_call:140] fyersModel","message":{"Status Code":200,"API":"/positions"},"timestamp":"2025-05-15 10:26:09,090+0530","service":"FyersAPIRequest"}
{"level":"DEBUG","location":"[get_call:140] fyersModel","message":{"Status Code":200,"API":"/positions"},"timestamp":"2025-05-15 10:26:12,154+0530","service":"FyersAPIRequest"}
{"level":"DEBUG","location":"[get_call:140] fyersModel","message":{"Status Code":200,"API":"/positions"},"timestamp":"2025-05-15 10:26:15,171+0530","service":"FyersAPIRequest"}
{"level":"DEBUG","location":"[get_call:140] fyersModel","message":{"Status Code":200,"API":"/positions"},"timestamp":"2025-05-15 10:26:18,273+0530","service":"FyersAPIRequest"}
{"level":"DEBUG","location":"[get_call:140] fyersModel","message":{"Status Code":200,"API":"/positions"},"timestamp":"2025-05-15 10:26:21,343+0530","service":"FyersAPIRequest"}
{"level":"DEBUG","location":"[get_call:140] fyersModel","message":{"Status Code":200,"API":"/positions"},"timestamp":"2025-05-15 10:26:24,398+0530","service":"FyersAPIRequest"}
{"level":"DEBUG","location":"[get_call:140] fyersModel","message":{"Status Code":200,"API":"/positions"},"timestamp":"2025-05-15 10:26:27,445+0530","service":"FyersAPIRequest"}
{"level":"DEBUG","location":"[get_call:140] fyersModel","message":{"Status Code":200,"API":"/positions"},"timestamp":"2025-05-15 10:26:30,490+0530","service":"FyersAPIRequest"}
{"level":"DEBUG","location":"[get_call:140] fyersModel","message":{"Status Code":200,"API":"/positions"},"timestamp":"2025-05-15 10:26:33,592+0530","service":"FyersAPIRequest"}
{"level":"DEBUG","location":"[get_call:140] fyersModel","message":{"Status Code":200,"API":"/positions"},"timestamp":"2025-05-15 10:26:36,678+0530","service":"FyersAPIRequest"}
{"level":"DEBUG","location":"[get_call:140] fyersModel","message":{"Status Code":200,"API":"/positions"},"timestamp":"2025-05-15 10:26:39,766+0530","service":"FyersAPIRequest"}
{"level":"DEBUG","location":"[get_call:140] fyersModel","message":{"Status Code":200,"API":"/positions"},"timestamp":"2025-05-15 10:26:42,807+0530","service":"FyersAPIRequest"}
{"level":"DEBUG","location":"[get_call:140] fyersModel","message":{"Status Code":200,"API":"/positions"},"timestamp":"2025-05-15 10:26:45,848+0530","service":"FyersAPIRequest"}
{"level":"DEBUG","location":"[get_call:140] fyersModel","message":{"Status Code":200,"API":"/positions"},"timestamp":"2025-05-15 10:26:48,900+0530","service":"FyersAPIRequest"}
{"level":"DEBUG","location":"[get_call:140] fyersModel","message":{"Status Code":200,"API":"/positions"},"timestamp":"2025-05-15 10:26:51,922+0530","service":"FyersAPIRequest"}
{"level":"DEBUG","location":"[get_call:140] fyersModel","message":{"Status Code":200,"API":"/positions"},"timestamp":"2025-05-15 10:26:54,996+0530","service":"FyersAPIRequest"}
{"level":"DEBUG","location":"[get_call:140] fyersModel","message":{"Status Code":200,"API":"/positions"},"timestamp":"2025-05-15 10:26:58,052+0530","service":"FyersAPIRequest"}
{"level":"DEBUG","location":"[get_call:140] fyersModel","message":{"Status Code":200,"API":"/positions"},"timestamp":"2025-05-15 10:27:01,072+0530","service":"FyersAPIRequest"}
{"level":"DEBUG","location":"[get_call:140] fyersModel","message":{"Status Code":200,"API":"/positions"},"timestamp":"2025-05-15 10:27:04,106+0530","service":"FyersAPIRequest"}
{"level":"DEBUG","location":"[get_call:140] fyersModel","message":{"Status Code":200,"API":"/positions"},"timestamp":"2025-05-15 10:27:07,118+0530","service":"FyersAPIRequest"}
{"level":"DEBUG","location":"[get_call:140] fyersModel","message":{"Status Code":200,"API":"/positions"},"timestamp":"2025-05-15 10:27:10,184+0530","service":"FyersAPIRequest"}
{"level":"DEBUG","location":"[get_call:140] fyersModel","message":{"Status Code":200,"API":"/positions"},"timestamp":"2025-05-15 10:27:13,242+0530","service":"FyersAPIRequest"}
{"level":"DEBUG","location":"[get_call:140] fyersModel","message":{"Status Code":200,"API":"/positions"},"timestamp":"2025-05-15 10:27:16,279+0530","service":"FyersAPIRequest"}
{"level":"DEBUG","location":"[get_call:140] fyersModel","message":{"Status Code":200,"API":"/positions"},"timestamp":"2025-05-15 10:27:19,360+0530","service":"FyersAPIRequest"}
{"level":"DEBUG","location":"[get_call:140] fyersModel","message":{"Status Code":200,"API":"/positions"},"timestamp":"2025-05-15 10:27:22,411+0530","service":"FyersAPIRequest"}
{"level":"DEBUG","location":"[get_call:140] fyersModel","message":{"Status Code":200,"API":"/positions"},"timestamp":"2025-05-15 10:27:25,968+0530","service":"FyersAPIRequest"}
{"level":"DEBUG","location":"[get_call:140] fyersModel","message":{"Status Code":200,"API":"/positions"},"timestamp":"2025-05-15 10:27:29,030+0530","service":"FyersAPIRequest"}
{"level":"DEBUG","location":"[get_call:140] fyersModel","message":{"Status Code":200,"API":"/positions"},"timestamp":"2025-05-15 10:27:32,091+0530","service":"FyersAPIRequest"}
{"level":"DEBUG","location":"[get_call:140] fyersModel","message":{"Status Code":200,"API":"/positions"},"timestamp":"2025-05-15 10:27:35,136+0530","service":"FyersAPIRequest"}
{"level":"DEBUG","location":"[get_call:140] fyersModel","message":{"Status Code":200,"API":"/positions"},"timestamp":"2025-05-15 10:27:38,182+0530","service":"FyersAPIRequest"}
{"level":"DEBUG","location":"[get_call:140] fyersModel","message":{"Status Code":200,"API":"/positions"},"timestamp":"2025-05-15 10:27:41,207+0530","service":"FyersAPIRequest"}
{"level":"DEBUG","location":"[get_call:140] fyersModel","message":{"Status Code":200,"API":"/positions"},"timestamp":"2025-05-15 10:27:44,250+0530","service":"FyersAPIRequest"}
{"level":"DEBUG","location":"[get_call:140] fyersModel","message":{"Status Code":200,"API":"/positions"},"timestamp":"2025-05-15 10:27:47,263+0530","service":"FyersAPIRequest"}
{"level":"DEBUG","location":"[get_call:140] fyersModel","message":{"Status Code":200,"API":"/positions"},"timestamp":"2025-05-15 10:27:50,325+0530","service":"FyersAPIRequest"}
{"level":"DEBUG","location":"[get_call:140] fyersModel","message":{"Status Code":200,"API":"/positions"},"timestamp":"2025-05-15 10:27:53,346+0530","service":"FyersAPIRequest"}
{"level":"DEBUG","location":"[get_call:140] fyersModel","message":{"Status Code":200,"API":"/positions"},"timestamp":"2025-05-15 10:27:56,373+0530","service":"FyersAPIRequest"}
{"level":"DEBUG","location":"[get_call:140] fyersModel","message":{"Status Code":200,"API":"/positions"},"timestamp":"2025-05-15 10:27:59,917+0530","service":"FyersAPIRequest"}
{"level":"DEBUG","location":"[get_call:140] fyersModel","message":{"Status Code":200,"API":"/positions"},"timestamp":"2025-05-15 10:28:02,980+0530","service":"FyersAPIRequest"}
{"level":"DEBUG","location":"[get_call:140] fyersModel","message":{"Status Code":200,"API":"/positions"},"timestamp":"2025-05-15 10:28:05,995+0530","service":"FyersAPIRequest"}
{"level":"DEBUG","location":"[get_call:140] fyersModel","message":{"Status Code":200,"API":"/positions"},"timestamp":"2025-05-15 10:28:09,087+0530","service":"FyersAPIRequest"}
{"level":"DEBUG","location":"[get_call:140] fyersModel","message":{"Status Code":200,"API":"/positions"},"timestamp":"2025-05-15 10:28:12,135+0530","service":"FyersAPIRequest"}
{"level":"DEBUG","location":"[get_call:140] fyersModel","message":{"Status Code":200,"API":"/positions"},"timestamp":"2025-05-15 10:28:15,225+0530","service":"FyersAPIRequest"}
{"level":"DEBUG","location":"[get_call:140] fyersModel","message":{"Status Code":200,"API":"/positions"},"timestamp":"2025-05-15 10:28:18,218+0530","service":"FyersAPIRequest"}
{"level":"DEBUG","location":"[get_call:140] fyersModel","message":{"Status Code":200,"API":"/positions"},"timestamp":"2025-05-15 10:28:21,263+0530","service":"FyersAPIRequest"}
{"level":"DEBUG","location":"[get_call:140] fyersModel","message":{"Status Code":200,"API":"/positions"},"timestamp":"2025-05-15 10:28:24,262+0530","service":"FyersAPIRequest"}
{"level":"DEBUG","location":"[get_call:140] fyersModel","message":{"Status Code":200,"API":"/positions"},"timestamp":"2025-05-15 10:28:27,258+0530","service":"FyersAPIRequest"}
{"level":"DEBUG","location":"[get_call:140] fyersModel","message":{"Status Code":200,"API":"/positions"},"timestamp":"2025-05-15 10:28:30,336+0530","service":"FyersAPIRequest"}
{"level":"DEBUG","location":"[get_call:140] fyersModel","message":{"Status Code":200,"API":"/positions"},"timestamp":"2025-05-15 10:28:33,907+0530","service":"FyersAPIRequest"}
{"level":"DEBUG","location":"[get_call:140] fyersModel","message":{"Status Code":200,"API":"/positions"},"timestamp":"2025-05-15 10:28:36,931+0530","service":"FyersAPIRequest"}
{"level":"DEBUG","location":"[get_call:140] fyersModel","message":{"Status Code":200,"API":"/positions"},"timestamp":"2025-05-15 10:28:40,038+0530","service":"FyersAPIRequest"}
{"level":"DEBUG","location":"[get_call:140] fyersModel","message":{"Status Code":200,"API":"/positions"},"timestamp":"2025-05-15 10:28:43,103+0530","service":"FyersAPIRequest"}
{"level":"DEBUG","location":"[get_call:140] fyersModel","message":{"Status Code":200,"API":"/positions"},"timestamp":"2025-05-15 10:28:46,158+0530","service":"FyersAPIRequest"}
{"level":"DEBUG","location":"[get_call:140] fyersModel","message":{"Status Code":200,"API":"/positions"},"timestamp":"2025-05-15 10:28:49,254+0530","service":"FyersAPIRequest"}
{"level":"DEBUG","location":"[get_call:140] fyersModel","message":{"Status Code":200,"API":"/positions"},"timestamp":"2025-05-15 10:28:52,313+0530","service":"FyersAPIRequest"}
{"level":"DEBUG","location":"[get_call:140] fyersModel","message":{"Status Code":200,"API":"/positions"},"timestamp":"2025-05-15 10:28:55,382+0530","service":"FyersAPIRequest"}
{"level":"DEBUG","location":"[get_call:140] fyersModel","message":{"Status Code":200,"API":"/positions"},"timestamp":"2025-05-15 10:28:58,428+0530","service":"FyersAPIRequest"}
{"level":"DEBUG","location":"[get_call:140] fyersModel","message":{"Status Code":200,"API":"/positions"},"timestamp":"2025-05-15 10:29:01,474+0530","service":"FyersAPIRequest"}
{"level":"DEBUG","location":"[get_call:140] fyersModel","message":{"Status Code":200,"API":"/positions"},"timestamp":"2025-05-15 10:29:04,544+0530","service":"FyersAPIRequest"}
{"level":"DEBUG","location":"[get_call:140] fyersModel","message":{"Status Code":200,"API":"/positions"},"timestamp":"2025-05-15 10:29:07,597+0530","service":"FyersAPIRequest"}
{"level":"DEBUG","location":"[get_call:140] fyersModel","message":{"Status Code":200,"API":"/positions"},"timestamp":"2025-05-15 10:29:11,190+0530","service":"FyersAPIRequest"}
{"level":"DEBUG","location":"[get_call:140] fyersModel","message":{"Status Code":200,"API":"/positions"},"timestamp":"2025-05-15 10:29:14,191+0530","service":"FyersAPIRequest"}
{"level":"DEBUG","location":"[get_call:140] fyersModel","message":{"Status Code":200,"API":"/positions"},"timestamp":"2025-05-15 10:29:17,244+0530","service":"FyersAPIRequest"}
{"level":"DEBUG","location":"[get_call:140] fyersModel","message":{"Status Code":200,"API":"/positions"},"timestamp":"2025-05-15 10:29:20,326+0530","service":"FyersAPIRequest"}
{"level":"DEBUG","location":"[get_call:140] fyersModel","message":{"Status Code":200,"API":"/positions"},"timestamp":"2025-05-15 10:29:23,870+0530","service":"FyersAPIRequest"}
{"level":"DEBUG","location":"[get_call:140] fyersModel","message":{"Status Code":200,"API":"/positions"},"timestamp":"2025-05-15 10:29:26,893+0530","service":"FyersAPIRequest"}
{"level":"DEBUG","location":"[get_call:140] fyersModel","message":{"Status Code":200,"API":"/positions"},"timestamp":"2025-05-15 10:29:29,955+0530","service":"FyersAPIRequest"}
{"level":"DEBUG","location":"[get_call:140] fyersModel","message":{"Status Code":200,"API":"/positions"},"timestamp":"2025-05-15 10:29:32,976+0530","service":"FyersAPIRequest"}
{"level":"DEBUG","location":"[get_call:140] fyersModel","message":{"Status Code":200,"API":"/positions"},"timestamp":"2025-05-15 10:29:36,529+0530","service":"FyersAPIRequest"}
{"level":"DEBUG","location":"[get_call:140] fyersModel","message":{"Status Code":200,"API":"/positions"},"timestamp":"2025-05-15 10:29:39,575+0530","service":"FyersAPIRequest"}
{"level":"DEBUG","location":"[get_call:140] fyersModel","message":{"Status Code":200,"API":"/positions"},"timestamp":"2025-05-15 10:29:42,637+0530","service":"FyersAPIRequest"}
{"level":"DEBUG","location":"[get_call:140] fyersModel","message":{"Status Code":200,"API":"/positions"},"timestamp":"2025-05-15 10:29:45,719+0530","service":"FyersAPIRequest"}
{"level":"DEBUG","location":"[get_call:140] fyersModel","message":{"Status Code":200,"API":"/positions"},"timestamp":"2025-05-15 10:29:48,757+0530","service":"FyersAPIRequest"}
{"level":"DEBUG","location":"[get_call:140] fyersModel","message":{"Status Code":200,"API":"/positions"},"timestamp":"2025-05-15 10:29:51,753+0530","service":"FyersAPIRequest"}
{"level":"DEBUG","location":"[get_call:140] fyersModel","message":{"Status Code":200,"API":"/positions"},"timestamp":"2025-05-15 10:29:54,801+0530","service":"FyersAPIRequest"}
{"level":"DEBUG","location":"[get_call:140] fyersModel","message":{"Status Code":200,"API":"/positions"},"timestamp":"2025-05-15 10:29:57,813+0530","service":"FyersAPIRequest"}
{"level":"DEBUG","location":"[get_call:140] fyersModel","message":{"Status Code":200,"API":"/positions"},"timestamp":"2025-05-15 10:30:00,846+0530","service":"FyersAPIRequest"}
{"level":"DEBUG","location":"[get_call:140] fyersModel","message":{"Status Code":200,"API":"/positions"},"timestamp":"2025-05-15 10:30:03,813+0530","service":"FyersAPIRequest"}
{"level":"DEBUG","location":"[get_call:140] fyersModel","message":{"Status Code":200,"API":"/positions"},"timestamp":"2025-05-15 10:30:06,827+0530","service":"FyersAPIRequest"}
{"level":"DEBUG","location":"[get_call:140] fyersModel","message":{"Status Code":200,"API":"/positions"},"timestamp":"2025-05-15 10:30:09,807+0530","service":"FyersAPIRequest"}
{"level":"DEBUG","location":"[get_call:140] fyersModel","message":{"Status Code":200,"API":"/positions"},"timestamp":"2025-05-15 10:30:12,834+0530","service":"FyersAPIRequest"}
{"level":"DEBUG","location":"[get_call:140] fyersModel","message":{"Status Code":200,"API":"/positions"},"timestamp":"2025-05-15 10:30:15,902+0530","service":"FyersAPIRequest"}
{"level":"DEBUG","location":"[get_call:140] fyersModel","message":{"Status Code":200,"API":"/positions"},"timestamp":"2025-05-15 10:30:18,933+0530","service":"FyersAPIRequest"}
{"level":"DEBUG","location":"[get_call:140] fyersModel","message":{"Status Code":200,"API":"/positions"},"timestamp":"2025-05-15 10:30:21,984+0530","service":"FyersAPIRequest"}
{"level":"DEBUG","location":"[get_call:140] fyersModel","message":{"Status Code":200,"API":"/positions"},"timestamp":"2025-05-15 10:30:25,056+0530","service":"FyersAPIRequest"}
{"level":"DEBUG","location":"[get_call:140] fyersModel","message":{"Status Code":200,"API":"/positions"},"timestamp":"2025-05-15 10:30:28,101+0530","service":"FyersAPIRequest"}
{"level":"DEBUG","location":"[get_call:140] fyersModel","message":{"Status Code":200,"API":"/positions"},"timestamp":"2025-05-15 10:30:31,176+0530","service":"FyersAPIRequest"}
{"level":"DEBUG","location":"[get_call:140] fyersModel","message":{"Status Code":200,"API":"/positions"},"timestamp":"2025-05-15 10:30:34,228+0530","service":"FyersAPIRequest"}
{"level":"DEBUG","location":"[get_call:140] fyersModel","message":{"Status Code":200,"API":"/positions"},"timestamp":"2025-05-15 10:30:37,268+0530","service":"FyersAPIRequest"}
{"level":"DEBUG","location":"[get_call:140] fyersModel","message":{"Status Code":200,"API":"/positions"},"timestamp":"2025-05-15 10:30:40,375+0530","service":"FyersAPIRequest"}
{"level":"DEBUG","location":"[get_call:140] fyersModel","message":{"Status Code":200,"API":"/positions"},"timestamp":"2025-05-15 10:30:43,417+0530","service":"FyersAPIRequest"}
{"level":"DEBUG","location":"[get_call:140] fyersModel","message":{"Status Code":200,"API":"/positions"},"timestamp":"2025-05-15 10:30:46,462+0530","service":"FyersAPIRequest"}
{"level":"DEBUG","location":"[get_call:140] fyersModel","message":{"Status Code":200,"API":"/positions"},"timestamp":"2025-05-15 10:30:49,495+0530","service":"FyersAPIRequest"}
{"level":"DEBUG","location":"[get_call:140] fyersModel","message":{"Status Code":200,"API":"/positions"},"timestamp":"2025-05-15 10:30:52,534+0530","service":"FyersAPIRequest"}
{"level":"DEBUG","location":"[get_call:140] fyersModel","message":{"Status Code":200,"API":"/positions"},"timestamp":"2025-05-15 10:30:55,552+0530","service":"FyersAPIRequest"}
{"level":"DEBUG","location":"[get_call:140] fyersModel","message":{"Status Code":200,"API":"/positions"},"timestamp":"2025-05-15 10:30:58,769+0530","service":"FyersAPIRequest"}
{"level":"DEBUG","location":"[get_call:140] fyersModel","message":{"Status Code":200,"API":"/positions"},"timestamp":"2025-05-15 10:31:01,813+0530","service":"FyersAPIRequest"}
{"level":"DEBUG","location":"[get_call:140] fyersModel","message":{"Status Code":200,"API":"/positions"},"timestamp":"2025-05-15 10:31:04,889+0530","service":"FyersAPIRequest"}
{"level":"DEBUG","location":"[get_call:140] fyersModel","message":{"Status Code":200,"API":"/positions"},"timestamp":"2025-05-15 10:31:07,899+0530","service":"FyersAPIRequest"}
{"level":"DEBUG","location":"[get_call:140] fyersModel","message":{"Status Code":200,"API":"/positions"},"timestamp":"2025-05-15 10:31:11,472+0530","service":"FyersAPIRequest"}
{"level":"DEBUG","location":"[get_call:140] fyersModel","message":{"Status Code":200,"API":"/positions"},"timestamp":"2025-05-15 10:31:14,516+0530","service":"FyersAPIRequest"}
{"level":"DEBUG","location":"[get_call:140] fyersModel","message":{"Status Code":200,"API":"/positions"},"timestamp":"2025-05-15 10:31:17,561+0530","service":"FyersAPIRequest"}
{"level":"DEBUG","location":"[get_call:140] fyersModel","message":{"Status Code":200,"API":"/positions"},"timestamp":"2025-05-15 10:31:20,571+0530","service":"FyersAPIRequest"}
{"level":"DEBUG","location":"[get_call:140] fyersModel","message":{"Status Code":200,"API":"/positions"},"timestamp":"2025-05-15 10:31:23,606+0530","service":"FyersAPIRequest"}
{"level":"DEBUG","location":"[get_call:140] fyersModel","message":{"Status Code":200,"API":"/positions"},"timestamp":"2025-05-15 10:31:26,646+0530","service":"FyersAPIRequest"}
{"level":"DEBUG","location":"[get_call:140] fyersModel","message":{"Status Code":200,"API":"/positions"},"timestamp":"2025-05-15 10:31:29,705+0530","service":"FyersAPIRequest"}
{"level":"DEBUG","location":"[get_call:140] fyersModel","message":{"Status Code":200,"API":"/positions"},"timestamp":"2025-05-15 10:31:32,764+0530","service":"FyersAPIRequest"}
{"level":"DEBUG","location":"[get_call:140] fyersModel","message":{"Status Code":200,"API":"/positions"},"timestamp":"2025-05-15 10:31:35,816+0530","service":"FyersAPIRequest"}
{"level":"DEBUG","location":"[get_call:140] fyersModel","message":{"Status Code":200,"API":"/positions"},"timestamp":"2025-05-15 10:31:38,838+0530","service":"FyersAPIRequest"}
{"level":"DEBUG","location":"[get_call:140] fyersModel","message":{"Status Code":200,"API":"/positions"},"timestamp":"2025-05-15 10:31:42,054+0530","service":"FyersAPIRequest"}
{"level":"DEBUG","location":"[get_call:140] fyersModel","message":{"Status Code":200,"API":"/positions"},"timestamp":"2025-05-15 10:31:45,096+0530","service":"FyersAPIRequest"}
{"level":"DEBUG","location":"[get_call:140] fyersModel","message":{"Status Code":200,"API":"/positions"},"timestamp":"2025-05-15 10:31:48,667+0530","service":"FyersAPIRequest"}
{"level":"DEBUG","location":"[get_call:140] fyersModel","message":{"Status Code":200,"API":"/positions"},"timestamp":"2025-05-15 10:31:51,702+0530","service":"FyersAPIRequest"}
{"level":"DEBUG","location":"[get_call:140] fyersModel","message":{"Status Code":200,"API":"/positions"},"timestamp":"2025-05-15 10:31:54,754+0530","service":"FyersAPIRequest"}
{"level":"DEBUG","location":"[get_call:140] fyersModel","message":{"Status Code":200,"API":"/positions"},"timestamp":"2025-05-15 10:31:57,774+0530","service":"FyersAPIRequest"}
{"level":"DEBUG","location":"[get_call:140] fyersModel","message":{"Status Code":200,"API":"/positions"},"timestamp":"2025-05-15 10:32:00,822+0530","service":"FyersAPIRequest"}
{"level":"DEBUG","location":"[get_call:140] fyersModel","message":{"Status Code":200,"API":"/positions"},"timestamp":"2025-05-15 10:32:03,868+0530","service":"FyersAPIRequest"}
{"level":"DEBUG","location":"[get_call:140] fyersModel","message":{"Status Code":200,"API":"/positions"},"timestamp":"2025-05-15 10:32:06,968+0530","service":"FyersAPIRequest"}
{"level":"DEBUG","location":"[get_call:140] fyersModel","message":{"Status Code":200,"API":"/positions"},"timestamp":"2025-05-15 10:32:10,521+0530","service":"FyersAPIRequest"}
{"level":"DEBUG","location":"[get_call:140] fyersModel","message":{"Status Code":200,"API":"/positions"},"timestamp":"2025-05-15 10:32:13,549+0530","service":"FyersAPIRequest"}
{"level":"DEBUG","location":"[get_call:140] fyersModel","message":{"Status Code":200,"API":"/positions"},"timestamp":"2025-05-15 10:32:16,595+0530","service":"FyersAPIRequest"}
{"level":"DEBUG","location":"[get_call:140] fyersModel","message":{"Status Code":200,"API":"/positions"},"timestamp":"2025-05-15 10:32:19,575+0530","service":"FyersAPIRequest"}
{"level":"DEBUG","location":"[get_call:140] fyersModel","message":{"Status Code":200,"API":"/positions"},"timestamp":"2025-05-15 10:32:22,597+0530","service":"FyersAPIRequest"}
{"level":"DEBUG","location":"[get_call:140] fyersModel","message":{"Status Code":200,"API":"/positions"},"timestamp":"2025-05-15 10:32:25,662+0530","service":"FyersAPIRequest"}
{"level":"DEBUG","location":"[get_call:140] fyersModel","message":{"Status Code":200,"API":"/positions"},"timestamp":"2025-05-15 10:32:28,713+0530","service":"FyersAPIRequest"}
{"level":"DEBUG","location":"[get_call:140] fyersModel","message":{"Status Code":200,"API":"/positions"},"timestamp":"2025-05-15 10:32:31,787+0530","service":"FyersAPIRequest"}
{"level":"DEBUG","location":"[get_call:140] fyersModel","message":{"Status Code":200,"API":"/positions"},"timestamp":"2025-05-15 10:32:34,788+0530","service":"FyersAPIRequest"}
{"level":"DEBUG","location":"[get_call:140] fyersModel","message":{"Status Code":200,"API":"/positions"},"timestamp":"2025-05-15 10:32:37,852+0530","service":"FyersAPIRequest"}
{"level":"DEBUG","location":"[get_call:140] fyersModel","message":{"Status Code":200,"API":"/positions"},"timestamp":"2025-05-15 10:32:40,839+0530","service":"FyersAPIRequest"}
{"level":"DEBUG","location":"[get_call:140] fyersModel","message":{"Status Code":200,"API":"/positions"},"timestamp":"2025-05-15 10:32:44,338+0530","service":"FyersAPIRequest"}
{"level":"DEBUG","location":"[get_call:140] fyersModel","message":{"Status Code":200,"API":"/positions"},"timestamp":"2025-05-15 10:32:47,294+0530","service":"FyersAPIRequest"}
{"level":"DEBUG","location":"[get_call:140] fyersModel","message":{"Status Code":200,"API":"/positions"},"timestamp":"2025-05-15 10:32:50,289+0530","service":"FyersAPIRequest"}
{"level":"DEBUG","location":"[get_call:140] fyersModel","message":{"Status Code":200,"API":"/positions"},"timestamp":"2025-05-15 10:32:53,828+0530","service":"FyersAPIRequest"}
{"level":"DEBUG","location":"[get_call:140] fyersModel","message":{"Status Code":200,"API":"/positions"},"timestamp":"2025-05-15 10:32:57,317+0530","service":"FyersAPIRequest"}
{"level":"DEBUG","location":"[get_call:140] fyersModel","message":{"Status Code":200,"API":"/positions"},"timestamp":"2025-05-15 10:33:00,312+0530","service":"FyersAPIRequest"}
{"level":"DEBUG","location":"[get_call:140] fyersModel","message":{"Status Code":200,"API":"/positions"},"timestamp":"2025-05-15 10:33:03,294+0530","service":"FyersAPIRequest"}
{"level":"DEBUG","location":"[get_call:140] fyersModel","message":{"Status Code":200,"API":"/positions"},"timestamp":"2025-05-15 10:33:06,370+0530","service":"FyersAPIRequest"}
{"level":"DEBUG","location":"[get_call:140] fyersModel","message":{"Status Code":200,"API":"/positions"},"timestamp":"2025-05-15 10:33:09,870+0530","service":"FyersAPIRequest"}
{"level":"DEBUG","location":"[get_call:140] fyersModel","message":{"Status Code":200,"API":"/positions"},"timestamp":"2025-05-15 10:33:13,457+0530","service":"FyersAPIRequest"}
{"level":"DEBUG","location":"[get_call:140] fyersModel","message":{"Status Code":200,"API":"/positions"},"timestamp":"2025-05-15 10:33:16,551+0530","service":"FyersAPIRequest"}
{"level":"DEBUG","location":"[get_call:140] fyersModel","message":{"Status Code":200,"API":"/positions"},"timestamp":"2025-05-15 10:33:19,569+0530","service":"FyersAPIRequest"}
{"level":"DEBUG","location":"[get_call:140] fyersModel","message":{"Status Code":200,"API":"/positions"},"timestamp":"2025-05-15 10:33:22,623+0530","service":"FyersAPIRequest"}
{"level":"DEBUG","location":"[get_call:140] fyersModel","message":{"Status Code":200,"API":"/positions"},"timestamp":"2025-05-15 10:33:25,670+0530","service":"FyersAPIRequest"}
{"level":"DEBUG","location":"[get_call:140] fyersModel","message":{"Status Code":200,"API":"/positions"},"timestamp":"2025-05-15 10:33:28,711+0530","service":"FyersAPIRequest"}
{"level":"DEBUG","location":"[get_call:140] fyersModel","message":{"Status Code":200,"API":"/positions"},"timestamp":"2025-05-15 10:33:31,756+0530","service":"FyersAPIRequest"}
{"level":"DEBUG","location":"[get_call:140] fyersModel","message":{"Status Code":200,"API":"/positions"},"timestamp":"2025-05-15 10:33:34,821+0530","service":"FyersAPIRequest"}
{"level":"DEBUG","location":"[get_call:140] fyersModel","message":{"Status Code":200,"API":"/positions"},"timestamp":"2025-05-15 10:33:37,865+0530","service":"FyersAPIRequest"}
{"level":"DEBUG","location":"[get_call:140] fyersModel","message":{"Status Code":200,"API":"/positions"},"timestamp":"2025-05-15 10:33:40,924+0530","service":"FyersAPIRequest"}
{"level":"DEBUG","location":"[get_call:140] fyersModel","message":{"Status Code":200,"API":"/positions"},"timestamp":"2025-05-15 10:33:43,999+0530","service":"FyersAPIRequest"}
{"level":"DEBUG","location":"[get_call:140] fyersModel","message":{"Status Code":200,"API":"/positions"},"timestamp":"2025-05-15 10:33:47,037+0530","service":"FyersAPIRequest"}
{"level":"DEBUG","location":"[get_call:140] fyersModel","message":{"Status Code":200,"API":"/positions"},"timestamp":"2025-05-15 10:33:50,593+0530","service":"FyersAPIRequest"}
{"level":"DEBUG","location":"[get_call:140] fyersModel","message":{"Status Code":200,"API":"/positions"},"timestamp":"2025-05-15 10:33:53,661+0530","service":"FyersAPIRequest"}
{"level":"DEBUG","location":"[get_call:140] fyersModel","message":{"Status Code":200,"API":"/positions"},"timestamp":"2025-05-15 10:33:56,712+0530","service":"FyersAPIRequest"}
{"level":"DEBUG","location":"[get_call:140] fyersModel","message":{"Status Code":200,"API":"/positions"},"timestamp":"2025-05-15 10:33:59,740+0530","service":"FyersAPIRequest"}
{"level":"DEBUG","location":"[get_call:140] fyersModel","message":{"Status Code":200,"API":"/positions"},"timestamp":"2025-05-15 10:34:02,763+0530","service":"FyersAPIRequest"}
{"level":"DEBUG","location":"[get_call:140] fyersModel","message":{"Status Code":200,"API":"/positions"},"timestamp":"2025-05-15 10:34:05,790+0530","service":"FyersAPIRequest"}
{"level":"DEBUG","location":"[get_call:140] fyersModel","message":{"Status Code":200,"API":"/positions"},"timestamp":"2025-05-15 10:34:08,814+0530","service":"FyersAPIRequest"}
{"level":"DEBUG","location":"[get_call:140] fyersModel","message":{"Status Code":200,"API":"/positions"},"timestamp":"2025-05-15 10:34:11,838+0530","service":"FyersAPIRequest"}
{"level":"DEBUG","location":"[get_call:140] fyersModel","message":{"Status Code":200,"API":"/positions"},"timestamp":"2025-05-15 10:34:14,855+0530","service":"FyersAPIRequest"}
{"level":"DEBUG","location":"[get_call:140] fyersModel","message":{"Status Code":200,"API":"/positions"},"timestamp":"2025-05-15 10:34:17,859+0530","service":"FyersAPIRequest"}
{"level":"DEBUG","location":"[get_call:140] fyersModel","message":{"Status Code":200,"API":"/positions"},"timestamp":"2025-05-15 10:34:20,881+0530","service":"FyersAPIRequest"}
{"level":"DEBUG","location":"[get_call:140] fyersModel","message":{"Status Code":200,"API":"/positions"},"timestamp":"2025-05-15 10:34:23,915+0530","service":"FyersAPIRequest"}
{"level":"DEBUG","location":"[get_call:140] fyersModel","message":{"Status Code":200,"API":"/positions"},"timestamp":"2025-05-15 10:34:26,962+0530","service":"FyersAPIRequest"}
{"level":"DEBUG","location":"[get_call:140] fyersModel","message":{"Status Code":200,"API":"/positions"},"timestamp":"2025-05-15 10:34:29,991+0530","service":"FyersAPIRequest"}
{"level":"DEBUG","location":"[get_call:140] fyersModel","message":{"Status Code":200,"API":"/positions"},"timestamp":"2025-05-15 10:34:33,051+0530","service":"FyersAPIRequest"}
{"level":"DEBUG","location":"[get_call:140] fyersModel","message":{"Status Code":200,"API":"/positions"},"timestamp":"2025-05-15 10:34:36,097+0530","service":"FyersAPIRequest"}
{"level":"DEBUG","location":"[get_call:140] fyersModel","message":{"Status Code":200,"API":"/positions"},"timestamp":"2025-05-15 10:34:39,167+0530","service":"FyersAPIRequest"}
{"level":"DEBUG","location":"[get_call:140] fyersModel","message":{"Status Code":200,"API":"/positions"},"timestamp":"2025-05-15 10:34:42,227+0530","service":"FyersAPIRequest"}
{"level":"DEBUG","location":"[get_call:140] fyersModel","message":{"Status Code":200,"API":"/positions"},"timestamp":"2025-05-15 10:34:45,446+0530","service":"FyersAPIRequest"}
{"level":"DEBUG","location":"[get_call:140] fyersModel","message":{"Status Code":200,"API":"/positions"},"timestamp":"2025-05-15 10:34:48,500+0530","service":"FyersAPIRequest"}
{"level":"DEBUG","location":"[get_call:140] fyersModel","message":{"Status Code":200,"API":"/positions"},"timestamp":"2025-05-15 10:34:51,567+0530","service":"FyersAPIRequest"}
{"level":"DEBUG","location":"[get_call:140] fyersModel","message":{"Status Code":200,"API":"/positions"},"timestamp":"2025-05-15 10:34:54,594+0530","service":"FyersAPIRequest"}
{"level":"DEBUG","location":"[get_call:140] fyersModel","message":{"Status Code":200,"API":"/positions"},"timestamp":"2025-05-15 10:34:57,644+0530","service":"FyersAPIRequest"}
{"level":"DEBUG","location":"[get_call:140] fyersModel","message":{"Status Code":200,"API":"/positions"},"timestamp":"2025-05-15 10:35:00,658+0530","service":"FyersAPIRequest"}
{"level":"DEBUG","location":"[get_call:140] fyersModel","message":{"Status Code":200,"API":"/positions"},"timestamp":"2025-05-15 10:35:03,664+0530","service":"FyersAPIRequest"}
{"level":"DEBUG","location":"[get_call:140] fyersModel","message":{"Status Code":200,"API":"/positions"},"timestamp":"2025-05-15 10:35:06,719+0530","service":"FyersAPIRequest"}
{"level":"DEBUG","location":"[get_call:140] fyersModel","message":{"Status Code":200,"API":"/positions"},"timestamp":"2025-05-15 10:35:09,801+0530","service":"FyersAPIRequest"}
{"level":"DEBUG","location":"[get_call:140] fyersModel","message":{"Status Code":200,"API":"/positions"},"timestamp":"2025-05-15 10:35:12,833+0530","service":"FyersAPIRequest"}
{"level":"DEBUG","location":"[get_call:140] fyersModel","message":{"Status Code":200,"API":"/positions"},"timestamp":"2025-05-15 10:35:15,862+0530","service":"FyersAPIRequest"}
{"level":"DEBUG","location":"[get_call:140] fyersModel","message":{"Status Code":200,"API":"/positions"},"timestamp":"2025-05-15 10:35:18,890+0530","service":"FyersAPIRequest"}
{"level":"DEBUG","location":"[get_call:140] fyersModel","message":{"Status Code":200,"API":"/positions"},"timestamp":"2025-05-15 10:35:21,926+0530","service":"FyersAPIRequest"}
{"level":"DEBUG","location":"[get_call:140] fyersModel","message":{"Status Code":200,"API":"/positions"},"timestamp":"2025-05-15 10:35:24,927+0530","service":"FyersAPIRequest"}
{"level":"DEBUG","location":"[get_call:140] fyersModel","message":{"Status Code":200,"API":"/positions"},"timestamp":"2025-05-15 10:35:27,976+0530","service":"FyersAPIRequest"}
{"level":"DEBUG","location":"[get_call:140] fyersModel","message":{"Status Code":200,"API":"/positions"},"timestamp":"2025-05-15 10:35:30,970+0530","service":"FyersAPIRequest"}
{"level":"DEBUG","location":"[get_call:140] fyersModel","message":{"Status Code":200,"API":"/positions"},"timestamp":"2025-05-15 10:35:33,984+0530","service":"FyersAPIRequest"}
{"level":"DEBUG","location":"[get_call:140] fyersModel","message":{"Status Code":200,"API":"/positions"},"timestamp":"2025-05-15 10:35:37,047+0530","service":"FyersAPIRequest"}
{"level":"DEBUG","location":"[get_call:140] fyersModel","message":{"Status Code":200,"API":"/positions"},"timestamp":"2025-05-15 10:35:40,085+0530","service":"FyersAPIRequest"}
{"level":"DEBUG","location":"[get_call:140] fyersModel","message":{"Status Code":200,"API":"/positions"},"timestamp":"2025-05-15 10:35:43,044+0530","service":"FyersAPIRequest"}
{"level":"DEBUG","location":"[get_call:140] fyersModel","message":{"Status Code":200,"API":"/positions"},"timestamp":"2025-05-15 10:35:46,004+0530","service":"FyersAPIRequest"}
{"level":"DEBUG","location":"[get_call:140] fyersModel","message":{"Status Code":200,"API":"/positions"},"timestamp":"2025-05-15 10:35:49,022+0530","service":"FyersAPIRequest"}
{"level":"DEBUG","location":"[get_call:140] fyersModel","message":{"Status Code":200,"API":"/positions"},"timestamp":"2025-05-15 10:35:52,121+0530","service":"FyersAPIRequest"}
{"level":"DEBUG","location":"[get_call:140] fyersModel","message":{"Status Code":200,"API":"/positions"},"timestamp":"2025-05-15 10:35:55,185+0530","service":"FyersAPIRequest"}
{"level":"DEBUG","location":"[get_call:140] fyersModel","message":{"Status Code":200,"API":"/positions"},"timestamp":"2025-05-15 10:35:58,271+0530","service":"FyersAPIRequest"}
{"level":"DEBUG","location":"[get_call:140] fyersModel","message":{"Status Code":200,"API":"/positions"},"timestamp":"2025-05-15 10:36:01,835+0530","service":"FyersAPIRequest"}
{"level":"DEBUG","location":"[get_call:140] fyersModel","message":{"Status Code":200,"API":"/positions"},"timestamp":"2025-05-15 10:36:04,897+0530","service":"FyersAPIRequest"}
{"level":"DEBUG","location":"[get_call:140] fyersModel","message":{"Status Code":200,"API":"/positions"},"timestamp":"2025-05-15 10:36:07,961+0530","service":"FyersAPIRequest"}
{"level":"DEBUG","location":"[get_call:140] fyersModel","message":{"Status Code":200,"API":"/positions"},"timestamp":"2025-05-15 10:36:11,534+0530","service":"FyersAPIRequest"}
{"level":"DEBUG","location":"[get_call:140] fyersModel","message":{"Status Code":200,"API":"/positions"},"timestamp":"2025-05-15 10:36:14,597+0530","service":"FyersAPIRequest"}
{"level":"DEBUG","location":"[get_call:140] fyersModel","message":{"Status Code":200,"API":"/positions"},"timestamp":"2025-05-15 10:36:17,631+0530","service":"FyersAPIRequest"}
{"level":"DEBUG","location":"[get_call:140] fyersModel","message":{"Status Code":200,"API":"/positions"},"timestamp":"2025-05-15 10:36:20,759+0530","service":"FyersAPIRequest"}
{"level":"DEBUG","location":"[get_call:140] fyersModel","message":{"Status Code":200,"API":"/positions"},"timestamp":"2025-05-15 10:36:23,822+0530","service":"FyersAPIRequest"}
{"level":"DEBUG","location":"[get_call:140] fyersModel","message":{"Status Code":200,"API":"/positions"},"timestamp":"2025-05-15 10:36:26,892+0530","service":"FyersAPIRequest"}
{"level":"DEBUG","location":"[get_call:140] fyersModel","message":{"Status Code":200,"API":"/positions"},"timestamp":"2025-05-15 10:36:29,960+0530","service":"FyersAPIRequest"}
{"level":"DEBUG","location":"[get_call:140] fyersModel","message":{"Status Code":200,"API":"/positions"},"timestamp":"2025-05-15 10:36:33,027+0530","service":"FyersAPIRequest"}
{"level":"DEBUG","location":"[get_call:140] fyersModel","message":{"Status Code":200,"API":"/positions"},"timestamp":"2025-05-15 10:36:36,118+0530","service":"FyersAPIRequest"}
{"level":"DEBUG","location":"[get_call:140] fyersModel","message":{"Status Code":200,"API":"/positions"},"timestamp":"2025-05-15 10:36:39,202+0530","service":"FyersAPIRequest"}
{"level":"DEBUG","location":"[get_call:140] fyersModel","message":{"Status Code":200,"API":"/positions"},"timestamp":"2025-05-15 10:36:42,254+0530","service":"FyersAPIRequest"}
{"level":"DEBUG","location":"[get_call:140] fyersModel","message":{"Status Code":200,"API":"/positions"},"timestamp":"2025-05-15 10:36:45,333+0530","service":"FyersAPIRequest"}
{"level":"DEBUG","location":"[get_call:140] fyersModel","message":{"Status Code":200,"API":"/positions"},"timestamp":"2025-05-15 10:36:48,404+0530","service":"FyersAPIRequest"}
{"level":"DEBUG","location":"[get_call:140] fyersModel","message":{"Status Code":200,"API":"/positions"},"timestamp":"2025-05-15 10:36:51,413+0530","service":"FyersAPIRequest"}
{"level":"DEBUG","location":"[get_call:140] fyersModel","message":{"Status Code":200,"API":"/positions"},"timestamp":"2025-05-15 10:36:54,484+0530","service":"FyersAPIRequest"}
{"level":"DEBUG","location":"[get_call:140] fyersModel","message":{"Status Code":200,"API":"/positions"},"timestamp":"2025-05-15 10:36:57,512+0530","service":"FyersAPIRequest"}
{"level":"DEBUG","location":"[get_call:140] fyersModel","message":{"Status Code":200,"API":"/positions"},"timestamp":"2025-05-15 10:37:00,594+0530","service":"FyersAPIRequest"}
{"level":"DEBUG","location":"[get_call:140] fyersModel","message":{"Status Code":200,"API":"/positions"},"timestamp":"2025-05-15 10:37:03,640+0530","service":"FyersAPIRequest"}
{"level":"DEBUG","location":"[get_call:140] fyersModel","message":{"Status Code":200,"API":"/positions"},"timestamp":"2025-05-15 10:37:06,696+0530","service":"FyersAPIRequest"}
{"level":"DEBUG","location":"[get_call:140] fyersModel","message":{"Status Code":200,"API":"/positions"},"timestamp":"2025-05-15 10:37:09,769+0530","service":"FyersAPIRequest"}
{"level":"DEBUG","location":"[get_call:140] fyersModel","message":{"Status Code":200,"API":"/positions"},"timestamp":"2025-05-15 10:37:13,378+0530","service":"FyersAPIRequest"}
{"level":"DEBUG","location":"[get_call:140] fyersModel","message":{"Status Code":200,"API":"/positions"},"timestamp":"2025-05-15 10:37:16,405+0530","service":"FyersAPIRequest"}
{"level":"DEBUG","location":"[get_call:140] fyersModel","message":{"Status Code":200,"API":"/positions"},"timestamp":"2025-05-15 10:37:19,482+0530","service":"FyersAPIRequest"}
{"level":"DEBUG","location":"[get_call:140] fyersModel","message":{"Status Code":200,"API":"/positions"},"timestamp":"2025-05-15 10:37:22,526+0530","service":"FyersAPIRequest"}
{"level":"DEBUG","location":"[get_call:140] fyersModel","message":{"Status Code":200,"API":"/positions"},"timestamp":"2025-05-15 10:37:25,613+0530","service":"FyersAPIRequest"}
{"level":"DEBUG","location":"[get_call:140] fyersModel","message":{"Status Code":200,"API":"/positions"},"timestamp":"2025-05-15 10:37:28,641+0530","service":"FyersAPIRequest"}
{"level":"DEBUG","location":"[get_call:140] fyersModel","message":{"Status Code":200,"API":"/positions"},"timestamp":"2025-05-15 10:37:31,662+0530","service":"FyersAPIRequest"}
{"level":"DEBUG","location":"[get_call:140] fyersModel","message":{"Status Code":200,"API":"/positions"},"timestamp":"2025-05-15 10:37:34,701+0530","service":"FyersAPIRequest"}
{"level":"DEBUG","location":"[get_call:140] fyersModel","message":{"Status Code":200,"API":"/positions"},"timestamp":"2025-05-15 10:37:37,764+0530","service":"FyersAPIRequest"}
{"level":"DEBUG","location":"[get_call:140] fyersModel","message":{"Status Code":200,"API":"/positions"},"timestamp":"2025-05-15 10:37:40,818+0530","service":"FyersAPIRequest"}
{"level":"DEBUG","location":"[get_call:140] fyersModel","message":{"Status Code":200,"API":"/positions"},"timestamp":"2025-05-15 10:37:43,867+0530","service":"FyersAPIRequest"}
{"level":"DEBUG","location":"[get_call:140] fyersModel","message":{"Status Code":200,"API":"/positions"},"timestamp":"2025-05-15 10:37:46,897+0530","service":"FyersAPIRequest"}
{"level":"DEBUG","location":"[get_call:140] fyersModel","message":{"Status Code":200,"API":"/positions"},"timestamp":"2025-05-15 10:37:49,922+0530","service":"FyersAPIRequest"}
{"level":"DEBUG","location":"[get_call:140] fyersModel","message":{"Status Code":200,"API":"/positions"},"timestamp":"2025-05-15 10:37:52,973+0530","service":"FyersAPIRequest"}
{"level":"DEBUG","location":"[get_call:140] fyersModel","message":{"Status Code":200,"API":"/positions"},"timestamp":"2025-05-15 10:37:56,034+0530","service":"FyersAPIRequest"}
{"level":"DEBUG","location":"[get_call:140] fyersModel","message":{"Status Code":200,"API":"/positions"},"timestamp":"2025-05-15 10:37:59,069+0530","service":"FyersAPIRequest"}
{"level":"DEBUG","location":"[get_call:140] fyersModel","message":{"Status Code":200,"API":"/positions"},"timestamp":"2025-05-15 10:38:02,067+0530","service":"FyersAPIRequest"}
{"level":"DEBUG","location":"[get_call:140] fyersModel","message":{"Status Code":200,"API":"/positions"},"timestamp":"2025-05-15 10:38:05,137+0530","service":"FyersAPIRequest"}
{"level":"DEBUG","location":"[get_call:140] fyersModel","message":{"Status Code":200,"API":"/positions"},"timestamp":"2025-05-15 10:38:08,602+0530","service":"FyersAPIRequest"}
{"level":"DEBUG","location":"[get_call:140] fyersModel","message":{"Status Code":200,"API":"/positions"},"timestamp":"2025-05-15 10:38:11,690+0530","service":"FyersAPIRequest"}
{"level":"DEBUG","location":"[get_call:140] fyersModel","message":{"Status Code":200,"API":"/positions"},"timestamp":"2025-05-15 10:38:14,715+0530","service":"FyersAPIRequest"}
{"level":"DEBUG","location":"[get_call:140] fyersModel","message":{"Status Code":200,"API":"/positions"},"timestamp":"2025-05-15 10:38:17,759+0530","service":"FyersAPIRequest"}
{"level":"DEBUG","location":"[get_call:140] fyersModel","message":{"Status Code":200,"API":"/positions"},"timestamp":"2025-05-15 10:38:20,772+0530","service":"FyersAPIRequest"}
{"level":"DEBUG","location":"[get_call:140] fyersModel","message":{"Status Code":200,"API":"/positions"},"timestamp":"2025-05-15 10:38:23,770+0530","service":"FyersAPIRequest"}
{"level":"DEBUG","location":"[get_call:140] fyersModel","message":{"Status Code":200,"API":"/positions"},"timestamp":"2025-05-15 10:38:26,782+0530","service":"FyersAPIRequest"}
{"level":"DEBUG","location":"[get_call:140] fyersModel","message":{"Status Code":200,"API":"/positions"},"timestamp":"2025-05-15 10:38:29,796+0530","service":"FyersAPIRequest"}
{"level":"DEBUG","location":"[get_call:140] fyersModel","message":{"Status Code":200,"API":"/quotes"},"timestamp":"2025-05-15 10:38:37,937+0530","service":"FyersAPIRequest"}
{"level":"DEBUG","location":"[post_call:81] fyersModel","message":{"Status Code":200,"API":"/orders/sync"},"timestamp":"2025-05-15 10:38:38,459+0530","service":"FyersAPIRequest"}
{"level":"DEBUG","location":"[post_call:81] fyersModel","message":{"Status Code":200,"API":"/orders/sync"},"timestamp":"2025-05-15 10:38:39,064+0530","service":"FyersAPIRequest"}
{"level":"DEBUG","location":"[get_call:140] fyersModel","message":{"Status Code":200,"API":"/positions"},"timestamp":"2025-05-15 10:38:39,569+0530","service":"FyersAPIRequest"}
{"level":"DEBUG","location":"[get_call:140] fyersModel","message":{"Status Code":200,"API":"/positions"},"timestamp":"2025-05-15 10:38:42,223+0530","service":"FyersAPIRequest"}
{"level":"DEBUG","location":"[get_call:140] fyersModel","message":{"Status Code":200,"API":"/positions"},"timestamp":"2025-05-15 10:38:44,720+0530","service":"FyersAPIRequest"}
{"level":"DEBUG","location":"[get_call:140] fyersModel","message":{"Status Code":200,"API":"/positions"},"timestamp":"2025-05-15 10:38:47,274+0530","service":"FyersAPIRequest"}
{"level":"DEBUG","location":"[get_call:140] fyersModel","message":{"Status Code":200,"API":"/positions"},"timestamp":"2025-05-15 10:38:50,301+0530","service":"FyersAPIRequest"}
{"level":"DEBUG","location":"[get_call:140] fyersModel","message":{"Status Code":200,"API":"/positions"},"timestamp":"2025-05-15 10:38:53,247+0530","service":"FyersAPIRequest"}
{"level":"DEBUG","location":"[get_call:140] fyersModel","message":{"Status Code":200,"API":"/positions"},"timestamp":"2025-05-15 10:38:56,304+0530","service":"FyersAPIRequest"}
{"level":"DEBUG","location":"[get_call:140] fyersModel","message":{"Status Code":200,"API":"/positions"},"timestamp":"2025-05-15 10:38:59,349+0530","service":"FyersAPIRequest"}
{"level":"DEBUG","location":"[get_call:140] fyersModel","message":{"Status Code":200,"API":"/positions"},"timestamp":"2025-05-15 10:39:02,350+0530","service":"FyersAPIRequest"}
{"level":"DEBUG","location":"[get_call:140] fyersModel","message":{"Status Code":200,"API":"/positions"},"timestamp":"2025-05-15 10:39:05,398+0530","service":"FyersAPIRequest"}
{"level":"DEBUG","location":"[get_call:140] fyersModel","message":{"Status Code":200,"API":"/positions"},"timestamp":"2025-05-15 10:39:08,461+0530","service":"FyersAPIRequest"}
{"level":"DEBUG","location":"[get_call:140] fyersModel","message":{"Status Code":200,"API":"/positions"},"timestamp":"2025-05-15 10:39:11,505+0530","service":"FyersAPIRequest"}
{"level":"DEBUG","location":"[get_call:140] fyersModel","message":{"Status Code":200,"API":"/positions"},"timestamp":"2025-05-15 10:39:14,509+0530","service":"FyersAPIRequest"}
{"level":"DEBUG","location":"[get_call:140] fyersModel","message":{"Status Code":200,"API":"/positions"},"timestamp":"2025-05-15 10:39:17,566+0530","service":"FyersAPIRequest"}
{"level":"DEBUG","location":"[get_call:140] fyersModel","message":{"Status Code":200,"API":"/positions"},"timestamp":"2025-05-15 10:39:20,560+0530","service":"FyersAPIRequest"}
{"level":"DEBUG","location":"[get_call:140] fyersModel","message":{"Status Code":200,"API":"/positions"},"timestamp":"2025-05-15 10:39:23,572+0530","service":"FyersAPIRequest"}
{"level":"DEBUG","location":"[get_call:140] fyersModel","message":{"Status Code":200,"API":"/positions"},"timestamp":"2025-05-15 10:39:26,603+0530","service":"FyersAPIRequest"}
{"level":"DEBUG","location":"[get_call:140] fyersModel","message":{"Status Code":200,"API":"/positions"},"timestamp":"2025-05-15 10:39:29,634+0530","service":"FyersAPIRequest"}
{"level":"DEBUG","location":"[get_call:140] fyersModel","message":{"Status Code":200,"API":"/positions"},"timestamp":"2025-05-15 10:39:33,117+0530","service":"FyersAPIRequest"}
{"level":"DEBUG","location":"[get_call:140] fyersModel","message":{"Status Code":200,"API":"/positions"},"timestamp":"2025-05-15 10:39:36,107+0530","service":"FyersAPIRequest"}
{"level":"DEBUG","location":"[get_call:140] fyersModel","message":{"Status Code":200,"API":"/positions"},"timestamp":"2025-05-15 10:39:39,072+0530","service":"FyersAPIRequest"}
{"level":"DEBUG","location":"[get_call:140] fyersModel","message":{"Status Code":200,"API":"/positions"},"timestamp":"2025-05-15 10:39:42,086+0530","service":"FyersAPIRequest"}
{"level":"DEBUG","location":"[get_call:140] fyersModel","message":{"Status Code":200,"API":"/positions"},"timestamp":"2025-05-15 10:39:45,062+0530","service":"FyersAPIRequest"}
{"level":"DEBUG","location":"[get_call:140] fyersModel","message":{"Status Code":200,"API":"/positions"},"timestamp":"2025-05-15 10:39:48,114+0530","service":"FyersAPIRequest"}
{"level":"DEBUG","location":"[get_call:140] fyersModel","message":{"Status Code":200,"API":"/positions"},"timestamp":"2025-05-15 10:39:51,109+0530","service":"FyersAPIRequest"}
{"level":"DEBUG","location":"[get_call:140] fyersModel","message":{"Status Code":200,"API":"/positions"},"timestamp":"2025-05-15 10:39:52,140+0530","service":"FyersAPIRequest"}
{"level":"DEBUG","location":"[post_call:81] fyersModel","message":{"Status Code":400,"API":"/orders/sync"},"timestamp":"2025-05-15 10:39:53,170+0530","service":"FyersAPIRequest"}
{"level":"DEBUG","location":"[post_call:81] fyersModel","message":{"Status Code":200,"API":"/orders/sync"},"timestamp":"2025-05-15 10:39:54,257+0530","service":"FyersAPIRequest"}
{"level":"DEBUG","location":"[post_call:81] fyersModel","message":{"Status Code":200,"API":"/orders/sync"},"timestamp":"2025-05-15 10:39:55,790+0530","service":"FyersAPIRequest"}
{"level":"DEBUG","location":"[post_call:81] fyersModel","message":{"Status Code":200,"API":"/orders/sync"},"timestamp":"2025-05-15 10:39:56,871+0530","service":"FyersAPIRequest"}
{"level":"DEBUG","location":"[post_call:81] fyersModel","message":{"Status Code":400,"API":"/orders/sync"},"timestamp":"2025-05-15 10:39:57,914+0530","service":"FyersAPIRequest"}
{"level":"DEBUG","location":"[post_call:81] fyersModel","message":{"Status Code":200,"API":"/orders/sync"},"timestamp":"2025-05-15 10:39:59,007+0530","service":"FyersAPIRequest"}
{"level":"DEBUG","location":"[post_call:81] fyersModel","message":{"Status Code":400,"API":"/orders/sync"},"timestamp":"2025-05-15 10:40:00,012+0530","service":"FyersAPIRequest"}
{"level":"DEBUG","location":"[post_call:81] fyersModel","message":{"Status Code":400,"API":"/orders/sync"},"timestamp":"2025-05-15 10:40:01,028+0530","service":"FyersAPIRequest"}
{"level":"DEBUG","location":"[get_call:140] fyersModel","message":{"Status Code":200,"API":"/quotes"},"timestamp":"2025-05-15 10:40:04,000+0530","service":"FyersAPIRequest"}
{"level":"DEBUG","location":"[post_call:81] fyersModel","message":{"Status Code":200,"API":"/orders/sync"},"timestamp":"2025-05-15 10:40:05,303+0530","service":"FyersAPIRequest"}
{"level":"DEBUG","location":"[post_call:81] fyersModel","message":{"Status Code":200,"API":"/orders/sync"},"timestamp":"2025-05-15 10:40:06,428+0530","service":"FyersAPIRequest"}
{"level":"DEBUG","location":"[get_call:140] fyersModel","message":{"Status Code":200,"API":"/positions"},"timestamp":"2025-05-15 10:40:09,452+0530","service":"FyersAPIRequest"}
{"level":"DEBUG","location":"[get_call:140] fyersModel","message":{"Status Code":200,"API":"/positions"},"timestamp":"2025-05-15 10:40:10,455+0530","service":"FyersAPIRequest"}
{"level":"DEBUG","location":"[post_call:81] fyersModel","message":{"Status Code":400,"API":"/orders/sync"},"timestamp":"2025-05-15 10:40:11,491+0530","service":"FyersAPIRequest"}
{"level":"DEBUG","location":"[post_call:81] fyersModel","message":{"Status Code":400,"API":"/orders/sync"},"timestamp":"2025-05-15 10:40:12,512+0530","service":"FyersAPIRequest"}
{"level":"DEBUG","location":"[get_call:140] fyersModel","message":{"Status Code":200,"API":"/quotes"},"timestamp":"2025-05-16 09:25:02,746+0530","service":"FyersAPIRequest"}
{"level":"DEBUG","location":"[post_call:81] fyersModel","message":{"Status Code":200,"API":"/orders/sync"},"timestamp":"2025-05-16 09:25:03,373+0530","service":"FyersAPIRequest"}
{"level":"DEBUG","location":"[post_call:81] fyersModel","message":{"Status Code":200,"API":"/orders/sync"},"timestamp":"2025-05-16 09:25:03,924+0530","service":"FyersAPIRequest"}
{"level":"DEBUG","location":"[get_call:140] fyersModel","message":{"Status Code":200,"API":"/positions"},"timestamp":"2025-05-16 09:25:04,443+0530","service":"FyersAPIRequest"}
{"level":"DEBUG","location":"[get_call:140] fyersModel","message":{"Status Code":200,"API":"/positions"},"timestamp":"2025-05-16 09:25:06,961+0530","service":"FyersAPIRequest"}
{"level":"DEBUG","location":"[get_call:140] fyersModel","message":{"Status Code":200,"API":"/positions"},"timestamp":"2025-05-16 09:25:09,531+0530","service":"FyersAPIRequest"}
{"level":"DEBUG","location":"[get_call:140] fyersModel","message":{"Status Code":200,"API":"/positions"},"timestamp":"2025-05-16 09:25:12,049+0530","service":"FyersAPIRequest"}
{"level":"DEBUG","location":"[get_call:140] fyersModel","message":{"Status Code":200,"API":"/positions"},"timestamp":"2025-05-16 09:25:14,553+0530","service":"FyersAPIRequest"}
{"level":"DEBUG","location":"[get_call:140] fyersModel","message":{"Status Code":200,"API":"/positions"},"timestamp":"2025-05-16 09:25:17,069+0530","service":"FyersAPIRequest"}
{"level":"DEBUG","location":"[get_call:140] fyersModel","message":{"Status Code":200,"API":"/positions"},"timestamp":"2025-05-16 09:25:20,018+0530","service":"FyersAPIRequest"}
{"level":"DEBUG","location":"[get_call:140] fyersModel","message":{"Status Code":200,"API":"/positions"},"timestamp":"2025-05-16 09:25:23,042+0530","service":"FyersAPIRequest"}
{"level":"DEBUG","location":"[get_call:140] fyersModel","message":{"Status Code":200,"API":"/positions"},"timestamp":"2025-05-16 09:25:26,065+0530","service":"FyersAPIRequest"}
{"level":"DEBUG","location":"[get_call:140] fyersModel","message":{"Status Code":200,"API":"/positions"},"timestamp":"2025-05-16 09:25:29,068+0530","service":"FyersAPIRequest"}
{"level":"DEBUG","location":"[get_call:140] fyersModel","message":{"Status Code":200,"API":"/positions"},"timestamp":"2025-05-16 09:25:32,010+0530","service":"FyersAPIRequest"}
{"level":"DEBUG","location":"[get_call:140] fyersModel","message":{"Status Code":200,"API":"/positions"},"timestamp":"2025-05-16 09:25:35,041+0530","service":"FyersAPIRequest"}
{"level":"DEBUG","location":"[get_call:140] fyersModel","message":{"Status Code":200,"API":"/positions"},"timestamp":"2025-05-16 09:25:38,079+0530","service":"FyersAPIRequest"}
{"level":"DEBUG","location":"[get_call:140] fyersModel","message":{"Status Code":200,"API":"/positions"},"timestamp":"2025-05-16 09:25:41,056+0530","service":"FyersAPIRequest"}
{"level":"DEBUG","location":"[get_call:140] fyersModel","message":{"Status Code":200,"API":"/positions"},"timestamp":"2025-05-16 09:25:44,062+0530","service":"FyersAPIRequest"}
{"level":"DEBUG","location":"[get_call:140] fyersModel","message":{"Status Code":200,"API":"/positions"},"timestamp":"2025-05-16 09:25:47,059+0530","service":"FyersAPIRequest"}
{"level":"DEBUG","location":"[get_call:140] fyersModel","message":{"Status Code":200,"API":"/positions"},"timestamp":"2025-05-16 09:25:49,986+0530","service":"FyersAPIRequest"}
{"level":"DEBUG","location":"[get_call:140] fyersModel","message":{"Status Code":200,"API":"/positions"},"timestamp":"2025-05-16 09:25:53,447+0530","service":"FyersAPIRequest"}
{"level":"DEBUG","location":"[get_call:140] fyersModel","message":{"Status Code":200,"API":"/positions"},"timestamp":"2025-05-16 09:25:56,526+0530","service":"FyersAPIRequest"}
{"level":"DEBUG","location":"[get_call:140] fyersModel","message":{"Status Code":200,"API":"/positions"},"timestamp":"2025-05-16 09:26:00,056+0530","service":"FyersAPIRequest"}
{"level":"DEBUG","location":"[get_call:140] fyersModel","message":{"Status Code":200,"API":"/positions"},"timestamp":"2025-05-16 09:26:03,506+0530","service":"FyersAPIRequest"}
{"level":"DEBUG","location":"[get_call:140] fyersModel","message":{"Status Code":200,"API":"/positions"},"timestamp":"2025-05-16 09:26:06,500+0530","service":"FyersAPIRequest"}
{"level":"DEBUG","location":"[get_call:140] fyersModel","message":{"Status Code":200,"API":"/positions"},"timestamp":"2025-05-16 09:26:09,512+0530","service":"FyersAPIRequest"}
{"level":"DEBUG","location":"[get_call:140] fyersModel","message":{"Status Code":200,"API":"/positions"},"timestamp":"2025-05-16 09:26:12,471+0530","service":"FyersAPIRequest"}
{"level":"DEBUG","location":"[get_call:140] fyersModel","message":{"Status Code":200,"API":"/positions"},"timestamp":"2025-05-16 09:26:15,486+0530","service":"FyersAPIRequest"}
{"level":"DEBUG","location":"[get_call:140] fyersModel","message":{"Status Code":200,"API":"/positions"},"timestamp":"2025-05-16 09:26:18,493+0530","service":"FyersAPIRequest"}
{"level":"DEBUG","location":"[get_call:140] fyersModel","message":{"Status Code":200,"API":"/positions"},"timestamp":"2025-05-16 09:26:21,456+0530","service":"FyersAPIRequest"}
{"level":"DEBUG","location":"[get_call:140] fyersModel","message":{"Status Code":200,"API":"/positions"},"timestamp":"2025-05-16 09:26:24,444+0530","service":"FyersAPIRequest"}
{"level":"DEBUG","location":"[get_call:140] fyersModel","message":{"Status Code":200,"API":"/positions"},"timestamp":"2025-05-16 09:26:27,473+0530","service":"FyersAPIRequest"}
{"level":"DEBUG","location":"[get_call:140] fyersModel","message":{"Status Code":200,"API":"/positions"},"timestamp":"2025-05-16 09:26:30,552+0530","service":"FyersAPIRequest"}
{"level":"DEBUG","location":"[get_call:140] fyersModel","message":{"Status Code":200,"API":"/positions"},"timestamp":"2025-05-16 09:26:33,581+0530","service":"FyersAPIRequest"}
{"level":"DEBUG","location":"[get_call:140] fyersModel","message":{"Status Code":200,"API":"/positions"},"timestamp":"2025-05-16 09:26:36,655+0530","service":"FyersAPIRequest"}
{"level":"DEBUG","location":"[get_call:140] fyersModel","message":{"Status Code":200,"API":"/positions"},"timestamp":"2025-05-16 09:26:39,751+0530","service":"FyersAPIRequest"}
{"level":"DEBUG","location":"[get_call:140] fyersModel","message":{"Status Code":200,"API":"/positions"},"timestamp":"2025-05-16 09:26:42,835+0530","service":"FyersAPIRequest"}
{"level":"DEBUG","location":"[get_call:140] fyersModel","message":{"Status Code":200,"API":"/positions"},"timestamp":"2025-05-16 09:26:45,848+0530","service":"FyersAPIRequest"}
{"level":"DEBUG","location":"[get_call:140] fyersModel","message":{"Status Code":200,"API":"/positions"},"timestamp":"2025-05-16 09:26:48,874+0530","service":"FyersAPIRequest"}
{"level":"DEBUG","location":"[get_call:140] fyersModel","message":{"Status Code":200,"API":"/positions"},"timestamp":"2025-05-16 09:26:51,908+0530","service":"FyersAPIRequest"}
{"level":"DEBUG","location":"[get_call:140] fyersModel","message":{"Status Code":200,"API":"/positions"},"timestamp":"2025-05-16 09:26:54,907+0530","service":"FyersAPIRequest"}
{"level":"DEBUG","location":"[get_call:140] fyersModel","message":{"Status Code":200,"API":"/positions"},"timestamp":"2025-05-16 09:26:57,974+0530","service":"FyersAPIRequest"}
{"level":"DEBUG","location":"[get_call:140] fyersModel","message":{"Status Code":200,"API":"/positions"},"timestamp":"2025-05-16 09:27:00,982+0530","service":"FyersAPIRequest"}
{"level":"DEBUG","location":"[get_call:140] fyersModel","message":{"Status Code":200,"API":"/positions"},"timestamp":"2025-05-16 09:27:04,044+0530","service":"FyersAPIRequest"}
{"level":"DEBUG","location":"[get_call:140] fyersModel","message":{"Status Code":200,"API":"/positions"},"timestamp":"2025-05-16 09:27:07,096+0530","service":"FyersAPIRequest"}
{"level":"DEBUG","location":"[get_call:140] fyersModel","message":{"Status Code":200,"API":"/positions"},"timestamp":"2025-05-16 09:27:10,175+0530","service":"FyersAPIRequest"}
{"level":"DEBUG","location":"[get_call:140] fyersModel","message":{"Status Code":200,"API":"/positions"},"timestamp":"2025-05-16 09:27:13,246+0530","service":"FyersAPIRequest"}
{"level":"DEBUG","location":"[get_call:140] fyersModel","message":{"Status Code":200,"API":"/positions"},"timestamp":"2025-05-16 09:27:16,278+0530","service":"FyersAPIRequest"}
{"level":"DEBUG","location":"[get_call:140] fyersModel","message":{"Status Code":200,"API":"/positions"},"timestamp":"2025-05-16 09:27:19,306+0530","service":"FyersAPIRequest"}
{"level":"DEBUG","location":"[get_call:140] fyersModel","message":{"Status Code":200,"API":"/positions"},"timestamp":"2025-05-16 09:27:22,395+0530","service":"FyersAPIRequest"}
{"level":"DEBUG","location":"[get_call:140] fyersModel","message":{"Status Code":200,"API":"/positions"},"timestamp":"2025-05-16 09:27:25,468+0530","service":"FyersAPIRequest"}
{"level":"DEBUG","location":"[get_call:140] fyersModel","message":{"Status Code":200,"API":"/positions"},"timestamp":"2025-05-16 09:27:29,028+0530","service":"FyersAPIRequest"}
{"level":"DEBUG","location":"[get_call:140] fyersModel","message":{"Status Code":200,"API":"/positions"},"timestamp":"2025-05-16 09:27:32,113+0530","service":"FyersAPIRequest"}
{"level":"DEBUG","location":"[get_call:140] fyersModel","message":{"Status Code":200,"API":"/positions"},"timestamp":"2025-05-16 09:27:35,174+0530","service":"FyersAPIRequest"}
{"level":"DEBUG","location":"[get_call:140] fyersModel","message":{"Status Code":200,"API":"/positions"},"timestamp":"2025-05-16 09:27:38,223+0530","service":"FyersAPIRequest"}
{"level":"DEBUG","location":"[get_call:140] fyersModel","message":{"Status Code":200,"API":"/positions"},"timestamp":"2025-05-16 09:27:41,282+0530","service":"FyersAPIRequest"}
{"level":"DEBUG","location":"[get_call:140] fyersModel","message":{"Status Code":200,"API":"/positions"},"timestamp":"2025-05-16 09:27:44,341+0530","service":"FyersAPIRequest"}
{"level":"DEBUG","location":"[get_call:140] fyersModel","message":{"Status Code":200,"API":"/positions"},"timestamp":"2025-05-16 09:27:47,956+0530","service":"FyersAPIRequest"}
{"level":"DEBUG","location":"[get_call:140] fyersModel","message":{"Status Code":200,"API":"/positions"},"timestamp":"2025-05-16 09:27:51,045+0530","service":"FyersAPIRequest"}
{"level":"DEBUG","location":"[get_call:140] fyersModel","message":{"Status Code":200,"API":"/positions"},"timestamp":"2025-05-16 09:27:54,129+0530","service":"FyersAPIRequest"}
{"level":"DEBUG","location":"[get_call:140] fyersModel","message":{"Status Code":200,"API":"/positions"},"timestamp":"2025-05-16 09:27:57,221+0530","service":"FyersAPIRequest"}
{"level":"DEBUG","location":"[get_call:140] fyersModel","message":{"Status Code":200,"API":"/positions"},"timestamp":"2025-05-16 09:28:00,289+0530","service":"FyersAPIRequest"}
{"level":"DEBUG","location":"[get_call:140] fyersModel","message":{"Status Code":200,"API":"/positions"},"timestamp":"2025-05-16 09:28:03,336+0530","service":"FyersAPIRequest"}
{"level":"DEBUG","location":"[get_call:140] fyersModel","message":{"Status Code":200,"API":"/positions"},"timestamp":"2025-05-16 09:28:06,867+0530","service":"FyersAPIRequest"}
{"level":"DEBUG","location":"[get_call:140] fyersModel","message":{"Status Code":200,"API":"/positions"},"timestamp":"2025-05-16 09:28:09,935+0530","service":"FyersAPIRequest"}
{"level":"DEBUG","location":"[get_call:140] fyersModel","message":{"Status Code":200,"API":"/positions"},"timestamp":"2025-05-16 09:28:12,992+0530","service":"FyersAPIRequest"}
{"level":"DEBUG","location":"[get_call:140] fyersModel","message":{"Status Code":200,"API":"/positions"},"timestamp":"2025-05-16 09:28:16,077+0530","service":"FyersAPIRequest"}
{"level":"DEBUG","location":"[get_call:140] fyersModel","message":{"Status Code":200,"API":"/positions"},"timestamp":"2025-05-16 09:28:19,191+0530","service":"FyersAPIRequest"}
{"level":"DEBUG","location":"[get_call:140] fyersModel","message":{"Status Code":200,"API":"/positions"},"timestamp":"2025-05-16 09:28:22,263+0530","service":"FyersAPIRequest"}
{"level":"DEBUG","location":"[get_call:140] fyersModel","message":{"Status Code":200,"API":"/positions"},"timestamp":"2025-05-16 09:28:25,376+0530","service":"FyersAPIRequest"}
{"level":"DEBUG","location":"[get_call:140] fyersModel","message":{"Status Code":200,"API":"/positions"},"timestamp":"2025-05-16 09:28:28,469+0530","service":"FyersAPIRequest"}
{"level":"DEBUG","location":"[get_call:140] fyersModel","message":{"Status Code":200,"API":"/positions"},"timestamp":"2025-05-16 09:28:31,993+0530","service":"FyersAPIRequest"}
{"level":"DEBUG","location":"[get_call:140] fyersModel","message":{"Status Code":200,"API":"/positions"},"timestamp":"2025-05-16 09:28:35,070+0530","service":"FyersAPIRequest"}
{"level":"DEBUG","location":"[get_call:140] fyersModel","message":{"Status Code":200,"API":"/positions"},"timestamp":"2025-05-16 09:28:38,131+0530","service":"FyersAPIRequest"}
{"level":"DEBUG","location":"[get_call:140] fyersModel","message":{"Status Code":200,"API":"/positions"},"timestamp":"2025-05-16 09:28:41,202+0530","service":"FyersAPIRequest"}
{"level":"DEBUG","location":"[get_call:140] fyersModel","message":{"Status Code":200,"API":"/positions"},"timestamp":"2025-05-16 09:29:05,728+0530","service":"FyersAPIRequest"}
{"level":"DEBUG","location":"[get_call:140] fyersModel","message":{"Status Code":200,"API":"/positions"},"timestamp":"2025-05-16 09:29:08,865+0530","service":"FyersAPIRequest"}
{"level":"DEBUG","location":"[get_call:140] fyersModel","message":{"Status Code":200,"API":"/positions"},"timestamp":"2025-05-16 09:29:11,966+0530","service":"FyersAPIRequest"}
{"level":"DEBUG","location":"[get_call:140] fyersModel","message":{"Status Code":200,"API":"/positions"},"timestamp":"2025-05-16 09:29:14,997+0530","service":"FyersAPIRequest"}
{"level":"DEBUG","location":"[get_call:140] fyersModel","message":{"Status Code":200,"API":"/positions"},"timestamp":"2025-05-16 09:29:18,097+0530","service":"FyersAPIRequest"}
{"level":"DEBUG","location":"[get_call:140] fyersModel","message":{"Status Code":200,"API":"/positions"},"timestamp":"2025-05-16 09:29:21,407+0530","service":"FyersAPIRequest"}
{"level":"DEBUG","location":"[get_call:140] fyersModel","message":{"Status Code":200,"API":"/positions"},"timestamp":"2025-05-16 09:29:24,503+0530","service":"FyersAPIRequest"}
{"level":"DEBUG","location":"[get_call:140] fyersModel","message":{"Status Code":200,"API":"/positions"},"timestamp":"2025-05-16 09:29:27,546+0530","service":"FyersAPIRequest"}
{"level":"DEBUG","location":"[get_call:140] fyersModel","message":{"Status Code":200,"API":"/positions"},"timestamp":"2025-05-16 09:29:30,632+0530","service":"FyersAPIRequest"}
{"level":"DEBUG","location":"[get_call:140] fyersModel","message":{"Status Code":200,"API":"/positions"},"timestamp":"2025-05-16 09:29:33,670+0530","service":"FyersAPIRequest"}
{"level":"DEBUG","location":"[get_call:140] fyersModel","message":{"Status Code":200,"API":"/positions"},"timestamp":"2025-05-16 09:29:36,725+0530","service":"FyersAPIRequest"}
{"level":"DEBUG","location":"[get_call:140] fyersModel","message":{"Status Code":200,"API":"/positions"},"timestamp":"2025-05-16 09:29:39,815+0530","service":"FyersAPIRequest"}
{"level":"DEBUG","location":"[get_call:140] fyersModel","message":{"Status Code":200,"API":"/positions"},"timestamp":"2025-05-16 09:29:42,847+0530","service":"FyersAPIRequest"}
{"level":"DEBUG","location":"[get_call:140] fyersModel","message":{"Status Code":200,"API":"/positions"},"timestamp":"2025-05-16 09:29:45,887+0530","service":"FyersAPIRequest"}
{"level":"DEBUG","location":"[get_call:140] fyersModel","message":{"Status Code":200,"API":"/positions"},"timestamp":"2025-05-16 09:29:48,905+0530","service":"FyersAPIRequest"}
{"level":"DEBUG","location":"[get_call:140] fyersModel","message":{"Status Code":200,"API":"/positions"},"timestamp":"2025-05-16 09:29:51,887+0530","service":"FyersAPIRequest"}
{"level":"DEBUG","location":"[get_call:140] fyersModel","message":{"Status Code":200,"API":"/positions"},"timestamp":"2025-05-16 09:29:54,974+0530","service":"FyersAPIRequest"}
{"level":"DEBUG","location":"[get_call:140] fyersModel","message":{"Status Code":200,"API":"/positions"},"timestamp":"2025-05-16 09:29:58,053+0530","service":"FyersAPIRequest"}
{"level":"DEBUG","location":"[get_call:140] fyersModel","message":{"Status Code":200,"API":"/positions"},"timestamp":"2025-05-16 09:30:01,074+0530","service":"FyersAPIRequest"}
{"level":"DEBUG","location":"[get_call:140] fyersModel","message":{"Status Code":200,"API":"/positions"},"timestamp":"2025-05-16 09:30:04,160+0530","service":"FyersAPIRequest"}
{"level":"DEBUG","location":"[get_call:140] fyersModel","message":{"Status Code":200,"API":"/positions"},"timestamp":"2025-05-16 09:30:07,202+0530","service":"FyersAPIRequest"}
{"level":"DEBUG","location":"[get_call:140] fyersModel","message":{"Status Code":200,"API":"/positions"},"timestamp":"2025-05-16 09:30:10,745+0530","service":"FyersAPIRequest"}
{"level":"DEBUG","location":"[get_call:140] fyersModel","message":{"Status Code":200,"API":"/positions"},"timestamp":"2025-05-16 09:30:13,815+0530","service":"FyersAPIRequest"}
{"level":"DEBUG","location":"[get_call:140] fyersModel","message":{"Status Code":200,"API":"/positions"},"timestamp":"2025-05-16 09:30:16,759+0530","service":"FyersAPIRequest"}
{"level":"DEBUG","location":"[get_call:140] fyersModel","message":{"Status Code":200,"API":"/positions"},"timestamp":"2025-05-16 09:30:19,794+0530","service":"FyersAPIRequest"}
{"level":"DEBUG","location":"[get_call:140] fyersModel","message":{"Status Code":200,"API":"/positions"},"timestamp":"2025-05-16 09:30:22,857+0530","service":"FyersAPIRequest"}
{"level":"DEBUG","location":"[get_call:140] fyersModel","message":{"Status Code":200,"API":"/positions"},"timestamp":"2025-05-16 09:30:25,959+0530","service":"FyersAPIRequest"}
{"level":"DEBUG","location":"[get_call:140] fyersModel","message":{"Status Code":200,"API":"/positions"},"timestamp":"2025-05-16 09:30:29,023+0530","service":"FyersAPIRequest"}
{"level":"DEBUG","location":"[get_call:140] fyersModel","message":{"Status Code":200,"API":"/positions"},"timestamp":"2025-05-16 09:30:32,113+0530","service":"FyersAPIRequest"}
{"level":"DEBUG","location":"[get_call:140] fyersModel","message":{"Status Code":200,"API":"/positions"},"timestamp":"2025-05-16 09:30:35,190+0530","service":"FyersAPIRequest"}
{"level":"DEBUG","location":"[get_call:140] fyersModel","message":{"Status Code":200,"API":"/positions"},"timestamp":"2025-05-16 09:30:38,239+0530","service":"FyersAPIRequest"}
{"level":"DEBUG","location":"[get_call:140] fyersModel","message":{"Status Code":200,"API":"/positions"},"timestamp":"2025-05-16 09:30:41,293+0530","service":"FyersAPIRequest"}
{"level":"DEBUG","location":"[get_call:140] fyersModel","message":{"Status Code":200,"API":"/positions"},"timestamp":"2025-05-16 09:30:44,464+0530","service":"FyersAPIRequest"}
{"level":"DEBUG","location":"[get_call:140] fyersModel","message":{"Status Code":200,"API":"/positions"},"timestamp":"2025-05-16 09:30:47,987+0530","service":"FyersAPIRequest"}
{"level":"DEBUG","location":"[get_call:140] fyersModel","message":{"Status Code":200,"API":"/positions"},"timestamp":"2025-05-16 09:30:51,053+0530","service":"FyersAPIRequest"}
{"level":"DEBUG","location":"[get_call:140] fyersModel","message":{"Status Code":200,"API":"/positions"},"timestamp":"2025-05-16 09:30:54,094+0530","service":"FyersAPIRequest"}
{"level":"DEBUG","location":"[get_call:140] fyersModel","message":{"Status Code":200,"API":"/positions"},"timestamp":"2025-05-16 09:30:57,162+0530","service":"FyersAPIRequest"}
{"level":"DEBUG","location":"[get_call:140] fyersModel","message":{"Status Code":200,"API":"/positions"},"timestamp":"2025-05-16 09:31:00,194+0530","service":"FyersAPIRequest"}
{"level":"DEBUG","location":"[get_call:140] fyersModel","message":{"Status Code":200,"API":"/positions"},"timestamp":"2025-05-16 09:31:03,195+0530","service":"FyersAPIRequest"}
{"level":"DEBUG","location":"[get_call:140] fyersModel","message":{"Status Code":200,"API":"/positions"},"timestamp":"2025-05-16 09:31:06,231+0530","service":"FyersAPIRequest"}
{"level":"DEBUG","location":"[get_call:140] fyersModel","message":{"Status Code":200,"API":"/positions"},"timestamp":"2025-05-16 09:31:09,272+0530","service":"FyersAPIRequest"}
{"level":"DEBUG","location":"[get_call:140] fyersModel","message":{"Status Code":200,"API":"/positions"},"timestamp":"2025-05-16 09:31:12,303+0530","service":"FyersAPIRequest"}
{"level":"DEBUG","location":"[get_call:140] fyersModel","message":{"Status Code":200,"API":"/positions"},"timestamp":"2025-05-16 09:31:15,288+0530","service":"FyersAPIRequest"}
{"level":"DEBUG","location":"[get_call:140] fyersModel","message":{"Status Code":200,"API":"/positions"},"timestamp":"2025-05-16 09:31:18,828+0530","service":"FyersAPIRequest"}
{"level":"DEBUG","location":"[get_call:140] fyersModel","message":{"Status Code":200,"API":"/positions"},"timestamp":"2025-05-16 09:31:21,863+0530","service":"FyersAPIRequest"}
{"level":"DEBUG","location":"[get_call:140] fyersModel","message":{"Status Code":200,"API":"/positions"},"timestamp":"2025-05-16 09:31:24,941+0530","service":"FyersAPIRequest"}
{"level":"DEBUG","location":"[get_call:140] fyersModel","message":{"Status Code":200,"API":"/positions"},"timestamp":"2025-05-16 09:31:28,419+0530","service":"FyersAPIRequest"}
{"level":"DEBUG","location":"[get_call:140] fyersModel","message":{"Status Code":200,"API":"/positions"},"timestamp":"2025-05-16 09:31:31,484+0530","service":"FyersAPIRequest"}
{"level":"DEBUG","location":"[get_call:140] fyersModel","message":{"Status Code":200,"API":"/positions"},"timestamp":"2025-05-16 09:31:34,496+0530","service":"FyersAPIRequest"}
{"level":"DEBUG","location":"[get_call:140] fyersModel","message":{"Status Code":200,"API":"/positions"},"timestamp":"2025-05-16 09:31:37,545+0530","service":"FyersAPIRequest"}
{"level":"DEBUG","location":"[get_call:140] fyersModel","message":{"Status Code":200,"API":"/positions"},"timestamp":"2025-05-16 09:31:40,588+0530","service":"FyersAPIRequest"}
{"level":"DEBUG","location":"[get_call:140] fyersModel","message":{"Status Code":200,"API":"/positions"},"timestamp":"2025-05-16 09:31:43,646+0530","service":"FyersAPIRequest"}
{"level":"DEBUG","location":"[get_call:140] fyersModel","message":{"Status Code":200,"API":"/positions"},"timestamp":"2025-05-16 09:31:46,682+0530","service":"FyersAPIRequest"}
{"level":"DEBUG","location":"[get_call:140] fyersModel","message":{"Status Code":200,"API":"/positions"},"timestamp":"2025-05-16 09:31:49,709+0530","service":"FyersAPIRequest"}
{"level":"DEBUG","location":"[get_call:140] fyersModel","message":{"Status Code":200,"API":"/positions"},"timestamp":"2025-05-16 09:31:52,729+0530","service":"FyersAPIRequest"}
{"level":"DEBUG","location":"[get_call:140] fyersModel","message":{"Status Code":200,"API":"/positions"},"timestamp":"2025-05-16 09:31:55,700+0530","service":"FyersAPIRequest"}
{"level":"DEBUG","location":"[get_call:140] fyersModel","message":{"Status Code":200,"API":"/positions"},"timestamp":"2025-05-16 09:31:58,784+0530","service":"FyersAPIRequest"}
{"level":"DEBUG","location":"[get_call:140] fyersModel","message":{"Status Code":200,"API":"/positions"},"timestamp":"2025-05-16 09:32:01,838+0530","service":"FyersAPIRequest"}
{"level":"DEBUG","location":"[get_call:140] fyersModel","message":{"Status Code":200,"API":"/positions"},"timestamp":"2025-05-16 09:32:04,933+0530","service":"FyersAPIRequest"}
{"level":"DEBUG","location":"[get_call:140] fyersModel","message":{"Status Code":200,"API":"/positions"},"timestamp":"2025-05-16 09:32:07,988+0530","service":"FyersAPIRequest"}
{"level":"DEBUG","location":"[get_call:140] fyersModel","message":{"Status Code":200,"API":"/positions"},"timestamp":"2025-05-16 09:32:11,032+0530","service":"FyersAPIRequest"}
{"level":"DEBUG","location":"[get_call:140] fyersModel","message":{"Status Code":200,"API":"/positions"},"timestamp":"2025-05-16 09:32:14,079+0530","service":"FyersAPIRequest"}
{"level":"DEBUG","location":"[get_call:140] fyersModel","message":{"Status Code":200,"API":"/positions"},"timestamp":"2025-05-16 09:32:17,587+0530","service":"FyersAPIRequest"}
{"level":"DEBUG","location":"[get_call:140] fyersModel","message":{"Status Code":200,"API":"/positions"},"timestamp":"2025-05-16 09:32:20,662+0530","service":"FyersAPIRequest"}
{"level":"DEBUG","location":"[get_call:140] fyersModel","message":{"Status Code":200,"API":"/positions"},"timestamp":"2025-05-16 09:32:23,743+0530","service":"FyersAPIRequest"}
{"level":"DEBUG","location":"[get_call:140] fyersModel","message":{"Status Code":200,"API":"/positions"},"timestamp":"2025-05-16 09:32:26,786+0530","service":"FyersAPIRequest"}
{"level":"DEBUG","location":"[get_call:140] fyersModel","message":{"Status Code":200,"API":"/positions"},"timestamp":"2025-05-16 09:32:29,899+0530","service":"FyersAPIRequest"}
{"level":"DEBUG","location":"[get_call:140] fyersModel","message":{"Status Code":200,"API":"/positions"},"timestamp":"2025-05-16 09:32:32,956+0530","service":"FyersAPIRequest"}
{"level":"DEBUG","location":"[get_call:140] fyersModel","message":{"Status Code":200,"API":"/positions"},"timestamp":"2025-05-16 09:32:36,048+0530","service":"FyersAPIRequest"}
{"level":"DEBUG","location":"[get_call:140] fyersModel","message":{"Status Code":200,"API":"/positions"},"timestamp":"2025-05-16 09:32:39,092+0530","service":"FyersAPIRequest"}
{"level":"DEBUG","location":"[get_call:140] fyersModel","message":{"Status Code":200,"API":"/positions"},"timestamp":"2025-05-16 09:32:42,215+0530","service":"FyersAPIRequest"}
{"level":"DEBUG","location":"[get_call:140] fyersModel","message":{"Status Code":200,"API":"/positions"},"timestamp":"2025-05-16 09:32:45,287+0530","service":"FyersAPIRequest"}
{"level":"DEBUG","location":"[get_call:140] fyersModel","message":{"Status Code":200,"API":"/positions"},"timestamp":"2025-05-16 09:32:48,983+0530","service":"FyersAPIRequest"}
{"level":"DEBUG","location":"[get_call:140] fyersModel","message":{"Status Code":200,"API":"/positions"},"timestamp":"2025-05-16 09:32:52,061+0530","service":"FyersAPIRequest"}
{"level":"DEBUG","location":"[get_call:140] fyersModel","message":{"Status Code":200,"API":"/positions"},"timestamp":"2025-05-16 09:32:55,115+0530","service":"FyersAPIRequest"}
{"level":"DEBUG","location":"[get_call:140] fyersModel","message":{"Status Code":200,"API":"/positions"},"timestamp":"2025-05-16 09:32:58,637+0530","service":"FyersAPIRequest"}
{"level":"DEBUG","location":"[get_call:140] fyersModel","message":{"Status Code":200,"API":"/positions"},"timestamp":"2025-05-16 09:33:01,706+0530","service":"FyersAPIRequest"}
{"level":"DEBUG","location":"[get_call:140] fyersModel","message":{"Status Code":200,"API":"/positions"},"timestamp":"2025-05-16 09:33:04,751+0530","service":"FyersAPIRequest"}
{"level":"DEBUG","location":"[get_call:140] fyersModel","message":{"Status Code":200,"API":"/positions"},"timestamp":"2025-05-16 09:33:07,812+0530","service":"FyersAPIRequest"}
{"level":"DEBUG","location":"[get_call:140] fyersModel","message":{"Status Code":200,"API":"/positions"},"timestamp":"2025-05-16 09:33:11,360+0530","service":"FyersAPIRequest"}
{"level":"DEBUG","location":"[get_call:140] fyersModel","message":{"Status Code":200,"API":"/positions"},"timestamp":"2025-05-16 09:33:14,425+0530","service":"FyersAPIRequest"}
{"level":"DEBUG","location":"[get_call:140] fyersModel","message":{"Status Code":200,"API":"/positions"},"timestamp":"2025-05-16 09:33:17,475+0530","service":"FyersAPIRequest"}
{"level":"DEBUG","location":"[get_call:140] fyersModel","message":{"Status Code":200,"API":"/positions"},"timestamp":"2025-05-16 09:33:20,570+0530","service":"FyersAPIRequest"}
{"level":"DEBUG","location":"[get_call:140] fyersModel","message":{"Status Code":200,"API":"/positions"},"timestamp":"2025-05-16 09:33:23,590+0530","service":"FyersAPIRequest"}
{"level":"DEBUG","location":"[get_call:140] fyersModel","message":{"Status Code":200,"API":"/positions"},"timestamp":"2025-05-16 09:33:26,673+0530","service":"FyersAPIRequest"}
{"level":"DEBUG","location":"[get_call:140] fyersModel","message":{"Status Code":200,"API":"/positions"},"timestamp":"2025-05-16 09:33:29,770+0530","service":"FyersAPIRequest"}
{"level":"DEBUG","location":"[get_call:140] fyersModel","message":{"Status Code":200,"API":"/positions"},"timestamp":"2025-05-16 09:33:32,872+0530","service":"FyersAPIRequest"}
{"level":"DEBUG","location":"[get_call:140] fyersModel","message":{"Status Code":200,"API":"/positions"},"timestamp":"2025-05-16 09:34:00,468+0530","service":"FyersAPIRequest"}
{"level":"DEBUG","location":"[get_call:140] fyersModel","message":{"Status Code":200,"API":"/positions"},"timestamp":"2025-05-16 09:34:03,599+0530","service":"FyersAPIRequest"}
{"level":"DEBUG","location":"[get_call:140] fyersModel","message":{"Status Code":200,"API":"/positions"},"timestamp":"2025-05-16 09:34:06,722+0530","service":"FyersAPIRequest"}
{"level":"DEBUG","location":"[get_call:140] fyersModel","message":{"Status Code":200,"API":"/positions"},"timestamp":"2025-05-16 09:34:10,276+0530","service":"FyersAPIRequest"}
{"level":"DEBUG","location":"[get_call:140] fyersModel","message":{"Status Code":200,"API":"/positions"},"timestamp":"2025-05-16 09:34:13,308+0530","service":"FyersAPIRequest"}
{"level":"DEBUG","location":"[get_call:140] fyersModel","message":{"Status Code":200,"API":"/positions"},"timestamp":"2025-05-16 09:34:16,366+0530","service":"FyersAPIRequest"}
{"level":"DEBUG","location":"[get_call:140] fyersModel","message":{"Status Code":200,"API":"/positions"},"timestamp":"2025-05-16 09:34:19,453+0530","service":"FyersAPIRequest"}
{"level":"DEBUG","location":"[get_call:140] fyersModel","message":{"Status Code":200,"API":"/positions"},"timestamp":"2025-05-16 09:34:22,536+0530","service":"FyersAPIRequest"}
{"level":"DEBUG","location":"[get_call:140] fyersModel","message":{"Status Code":200,"API":"/positions"},"timestamp":"2025-05-16 09:34:25,639+0530","service":"FyersAPIRequest"}
{"level":"DEBUG","location":"[get_call:140] fyersModel","message":{"Status Code":200,"API":"/positions"},"timestamp":"2025-05-16 09:34:28,687+0530","service":"FyersAPIRequest"}
{"level":"DEBUG","location":"[get_call:140] fyersModel","message":{"Status Code":200,"API":"/positions"},"timestamp":"2025-05-16 09:34:31,766+0530","service":"FyersAPIRequest"}
{"level":"DEBUG","location":"[get_call:140] fyersModel","message":{"Status Code":200,"API":"/positions"},"timestamp":"2025-05-16 09:34:34,761+0530","service":"FyersAPIRequest"}
{"level":"DEBUG","location":"[get_call:140] fyersModel","message":{"Status Code":200,"API":"/positions"},"timestamp":"2025-05-16 09:34:37,843+0530","service":"FyersAPIRequest"}
{"level":"DEBUG","location":"[get_call:140] fyersModel","message":{"Status Code":200,"API":"/positions"},"timestamp":"2025-05-16 09:34:40,924+0530","service":"FyersAPIRequest"}
{"level":"DEBUG","location":"[get_call:140] fyersModel","message":{"Status Code":200,"API":"/positions"},"timestamp":"2025-05-16 09:34:43,966+0530","service":"FyersAPIRequest"}
{"level":"DEBUG","location":"[get_call:140] fyersModel","message":{"Status Code":200,"API":"/positions"},"timestamp":"2025-05-16 09:34:47,534+0530","service":"FyersAPIRequest"}
{"level":"DEBUG","location":"[get_call:140] fyersModel","message":{"Status Code":200,"API":"/positions"},"timestamp":"2025-05-16 09:34:50,616+0530","service":"FyersAPIRequest"}
{"level":"DEBUG","location":"[get_call:140] fyersModel","message":{"Status Code":524,"API":"/positions"},"timestamp":"2025-05-16 09:36:33,486+0530","service":"FyersAPIRequest"}
{"level":"DEBUG","location":"[get_call:140] fyersModel","message":{"Status Code":200,"API":"/positions"},"timestamp":"2025-05-16 09:36:36,136+0530","service":"FyersAPIRequest"}
{"level":"DEBUG","location":"[get_call:140] fyersModel","message":{"Status Code":200,"API":"/positions"},"timestamp":"2025-05-16 09:36:38,751+0530","service":"FyersAPIRequest"}
{"level":"DEBUG","location":"[get_call:140] fyersModel","message":{"Status Code":200,"API":"/positions"},"timestamp":"2025-05-16 09:36:41,423+0530","service":"FyersAPIRequest"}
{"level":"DEBUG","location":"[get_call:140] fyersModel","message":{"Status Code":200,"API":"/positions"},"timestamp":"2025-05-16 09:36:43,959+0530","service":"FyersAPIRequest"}
{"level":"DEBUG","location":"[get_call:140] fyersModel","message":{"Status Code":200,"API":"/positions"},"timestamp":"2025-05-16 09:36:46,509+0530","service":"FyersAPIRequest"}
{"level":"DEBUG","location":"[get_call:140] fyersModel","message":{"Status Code":200,"API":"/positions"},"timestamp":"2025-05-16 09:36:49,086+0530","service":"FyersAPIRequest"}
{"level":"DEBUG","location":"[get_call:140] fyersModel","message":{"Status Code":200,"API":"/positions"},"timestamp":"2025-05-16 09:36:51,653+0530","service":"FyersAPIRequest"}
{"level":"DEBUG","location":"[get_call:140] fyersModel","message":{"Status Code":200,"API":"/positions"},"timestamp":"2025-05-16 09:36:54,170+0530","service":"FyersAPIRequest"}
{"level":"DEBUG","location":"[get_call:140] fyersModel","message":{"Status Code":200,"API":"/positions"},"timestamp":"2025-05-16 09:36:56,704+0530","service":"FyersAPIRequest"}
{"level":"DEBUG","location":"[get_call:140] fyersModel","message":{"Status Code":200,"API":"/positions"},"timestamp":"2025-05-16 09:36:59,259+0530","service":"FyersAPIRequest"}
{"level":"DEBUG","location":"[get_call:140] fyersModel","message":{"Status Code":200,"API":"/positions"},"timestamp":"2025-05-16 09:37:02,289+0530","service":"FyersAPIRequest"}
{"level":"DEBUG","location":"[get_call:140] fyersModel","message":{"Status Code":200,"API":"/positions"},"timestamp":"2025-05-16 09:37:04,796+0530","service":"FyersAPIRequest"}
{"level":"DEBUG","location":"[get_call:140] fyersModel","message":{"Status Code":200,"API":"/positions"},"timestamp":"2025-05-16 09:37:07,325+0530","service":"FyersAPIRequest"}
{"level":"DEBUG","location":"[get_call:140] fyersModel","message":{"Status Code":200,"API":"/positions"},"timestamp":"2025-05-16 09:37:09,844+0530","service":"FyersAPIRequest"}
{"level":"DEBUG","location":"[get_call:140] fyersModel","message":{"Status Code":200,"API":"/positions"},"timestamp":"2025-05-16 09:37:12,382+0530","service":"FyersAPIRequest"}
{"level":"DEBUG","location":"[get_call:140] fyersModel","message":{"Status Code":200,"API":"/positions"},"timestamp":"2025-05-16 09:37:15,370+0530","service":"FyersAPIRequest"}
{"level":"DEBUG","location":"[get_call:140] fyersModel","message":{"Status Code":200,"API":"/positions"},"timestamp":"2025-05-16 09:37:17,873+0530","service":"FyersAPIRequest"}
{"level":"DEBUG","location":"[get_call:140] fyersModel","message":{"Status Code":200,"API":"/positions"},"timestamp":"2025-05-16 09:37:20,385+0530","service":"FyersAPIRequest"}
{"level":"DEBUG","location":"[get_call:140] fyersModel","message":{"Status Code":200,"API":"/positions"},"timestamp":"2025-05-16 09:37:22,923+0530","service":"FyersAPIRequest"}
{"level":"DEBUG","location":"[get_call:140] fyersModel","message":{"Status Code":200,"API":"/positions"},"timestamp":"2025-05-16 09:37:25,443+0530","service":"FyersAPIRequest"}
{"level":"DEBUG","location":"[get_call:140] fyersModel","message":{"Status Code":200,"API":"/positions"},"timestamp":"2025-05-16 09:37:27,956+0530","service":"FyersAPIRequest"}
{"level":"DEBUG","location":"[get_call:140] fyersModel","message":{"Status Code":200,"API":"/positions"},"timestamp":"2025-05-16 09:37:30,500+0530","service":"FyersAPIRequest"}
{"level":"DEBUG","location":"[get_call:140] fyersModel","message":{"Status Code":200,"API":"/positions"},"timestamp":"2025-05-16 09:37:33,013+0530","service":"FyersAPIRequest"}
{"level":"DEBUG","location":"[get_call:140] fyersModel","message":{"Status Code":200,"API":"/positions"},"timestamp":"2025-05-16 09:37:35,541+0530","service":"FyersAPIRequest"}
{"level":"DEBUG","location":"[get_call:140] fyersModel","message":{"Status Code":200,"API":"/positions"},"timestamp":"2025-05-16 09:37:38,057+0530","service":"FyersAPIRequest"}
{"level":"DEBUG","location":"[get_call:140] fyersModel","message":{"Status Code":200,"API":"/positions"},"timestamp":"2025-05-16 09:37:40,577+0530","service":"FyersAPIRequest"}
{"level":"DEBUG","location":"[get_call:140] fyersModel","message":{"Status Code":200,"API":"/positions"},"timestamp":"2025-05-16 09:37:43,093+0530","service":"FyersAPIRequest"}
{"level":"DEBUG","location":"[get_call:140] fyersModel","message":{"Status Code":200,"API":"/positions"},"timestamp":"2025-05-16 09:37:45,609+0530","service":"FyersAPIRequest"}
{"level":"DEBUG","location":"[get_call:140] fyersModel","message":{"Status Code":200,"API":"/positions"},"timestamp":"2025-05-16 09:37:48,153+0530","service":"FyersAPIRequest"}
{"level":"DEBUG","location":"[get_call:140] fyersModel","message":{"Status Code":200,"API":"/positions"},"timestamp":"2025-05-16 09:37:50,705+0530","service":"FyersAPIRequest"}
{"level":"DEBUG","location":"[get_call:140] fyersModel","message":{"Status Code":200,"API":"/positions"},"timestamp":"2025-05-16 09:37:53,230+0530","service":"FyersAPIRequest"}
{"level":"DEBUG","location":"[get_call:140] fyersModel","message":{"Status Code":200,"API":"/positions"},"timestamp":"2025-05-16 09:37:55,765+0530","service":"FyersAPIRequest"}
{"level":"DEBUG","location":"[get_call:140] fyersModel","message":{"Status Code":200,"API":"/positions"},"timestamp":"2025-05-16 09:37:58,764+0530","service":"FyersAPIRequest"}
{"level":"DEBUG","location":"[get_call:140] fyersModel","message":{"Status Code":200,"API":"/positions"},"timestamp":"2025-05-16 09:38:01,287+0530","service":"FyersAPIRequest"}
{"level":"DEBUG","location":"[get_call:140] fyersModel","message":{"Status Code":200,"API":"/positions"},"timestamp":"2025-05-16 09:38:03,808+0530","service":"FyersAPIRequest"}
{"level":"DEBUG","location":"[get_call:140] fyersModel","message":{"Status Code":200,"API":"/positions"},"timestamp":"2025-05-16 09:38:06,342+0530","service":"FyersAPIRequest"}
{"level":"DEBUG","location":"[get_call:140] fyersModel","message":{"Status Code":200,"API":"/positions"},"timestamp":"2025-05-16 09:38:08,861+0530","service":"FyersAPIRequest"}
{"level":"DEBUG","location":"[get_call:140] fyersModel","message":{"Status Code":200,"API":"/positions"},"timestamp":"2025-05-16 09:38:11,420+0530","service":"FyersAPIRequest"}
{"level":"DEBUG","location":"[get_call:140] fyersModel","message":{"Status Code":200,"API":"/positions"},"timestamp":"2025-05-16 09:38:13,948+0530","service":"FyersAPIRequest"}
{"level":"DEBUG","location":"[get_call:140] fyersModel","message":{"Status Code":200,"API":"/positions"},"timestamp":"2025-05-16 09:38:16,931+0530","service":"FyersAPIRequest"}
{"level":"DEBUG","location":"[get_call:140] fyersModel","message":{"Status Code":200,"API":"/positions"},"timestamp":"2025-05-16 09:38:19,541+0530","service":"FyersAPIRequest"}
{"level":"DEBUG","location":"[get_call:140] fyersModel","message":{"Status Code":200,"API":"/positions"},"timestamp":"2025-05-16 09:38:22,080+0530","service":"FyersAPIRequest"}
{"level":"DEBUG","location":"[get_call:140] fyersModel","message":{"Status Code":200,"API":"/positions"},"timestamp":"2025-05-16 09:38:25,081+0530","service":"FyersAPIRequest"}
{"level":"DEBUG","location":"[get_call:140] fyersModel","message":{"Status Code":200,"API":"/positions"},"timestamp":"2025-05-16 09:38:27,610+0530","service":"FyersAPIRequest"}
{"level":"DEBUG","location":"[get_call:140] fyersModel","message":{"Status Code":200,"API":"/positions"},"timestamp":"2025-05-16 09:38:30,645+0530","service":"FyersAPIRequest"}
{"level":"DEBUG","location":"[get_call:140] fyersModel","message":{"Status Code":200,"API":"/positions"},"timestamp":"2025-05-16 09:38:33,180+0530","service":"FyersAPIRequest"}
{"level":"DEBUG","location":"[get_call:140] fyersModel","message":{"Status Code":200,"API":"/positions"},"timestamp":"2025-05-16 09:38:35,733+0530","service":"FyersAPIRequest"}
{"level":"DEBUG","location":"[get_call:140] fyersModel","message":{"Status Code":200,"API":"/positions"},"timestamp":"2025-05-16 09:38:38,315+0530","service":"FyersAPIRequest"}
{"level":"DEBUG","location":"[get_call:140] fyersModel","message":{"Status Code":200,"API":"/positions"},"timestamp":"2025-05-16 09:38:40,886+0530","service":"FyersAPIRequest"}
{"level":"DEBUG","location":"[get_call:140] fyersModel","message":{"Status Code":200,"API":"/positions"},"timestamp":"2025-05-16 09:38:43,445+0530","service":"FyersAPIRequest"}
{"level":"DEBUG","location":"[get_call:140] fyersModel","message":{"Status Code":200,"API":"/positions"},"timestamp":"2025-05-16 09:38:46,487+0530","service":"FyersAPIRequest"}
{"level":"DEBUG","location":"[get_call:140] fyersModel","message":{"Status Code":200,"API":"/positions"},"timestamp":"2025-05-16 09:38:49,025+0530","service":"FyersAPIRequest"}
{"level":"DEBUG","location":"[get_call:140] fyersModel","message":{"Status Code":200,"API":"/positions"},"timestamp":"2025-05-16 09:38:51,560+0530","service":"FyersAPIRequest"}
{"level":"DEBUG","location":"[get_call:140] fyersModel","message":{"Status Code":200,"API":"/positions"},"timestamp":"2025-05-16 09:38:54,097+0530","service":"FyersAPIRequest"}
{"level":"DEBUG","location":"[get_call:140] fyersModel","message":{"Status Code":200,"API":"/positions"},"timestamp":"2025-05-16 09:38:56,638+0530","service":"FyersAPIRequest"}
{"level":"DEBUG","location":"[get_call:140] fyersModel","message":{"Status Code":200,"API":"/positions"},"timestamp":"2025-05-16 09:38:59,163+0530","service":"FyersAPIRequest"}
{"level":"DEBUG","location":"[get_call:140] fyersModel","message":{"Status Code":200,"API":"/positions"},"timestamp":"2025-05-16 09:39:01,718+0530","service":"FyersAPIRequest"}
{"level":"DEBUG","location":"[get_call:140] fyersModel","message":{"Status Code":200,"API":"/positions"},"timestamp":"2025-05-16 09:39:04,718+0530","service":"FyersAPIRequest"}
{"level":"DEBUG","location":"[get_call:140] fyersModel","message":{"Status Code":200,"API":"/positions"},"timestamp":"2025-05-16 09:39:07,351+0530","service":"FyersAPIRequest"}
{"level":"DEBUG","location":"[get_call:140] fyersModel","message":{"Status Code":200,"API":"/positions"},"timestamp":"2025-05-16 09:39:09,861+0530","service":"FyersAPIRequest"}
{"level":"DEBUG","location":"[get_call:140] fyersModel","message":{"Status Code":200,"API":"/positions"},"timestamp":"2025-05-16 09:39:12,368+0530","service":"FyersAPIRequest"}
{"level":"DEBUG","location":"[get_call:140] fyersModel","message":{"Status Code":200,"API":"/positions"},"timestamp":"2025-05-16 09:39:14,895+0530","service":"FyersAPIRequest"}
{"level":"DEBUG","location":"[get_call:140] fyersModel","message":{"Status Code":200,"API":"/positions"},"timestamp":"2025-05-16 09:39:17,408+0530","service":"FyersAPIRequest"}
{"level":"DEBUG","location":"[get_call:140] fyersModel","message":{"Status Code":200,"API":"/positions"},"timestamp":"2025-05-16 09:39:19,908+0530","service":"FyersAPIRequest"}
{"level":"DEBUG","location":"[get_call:140] fyersModel","message":{"Status Code":200,"API":"/positions"},"timestamp":"2025-05-16 09:39:22,409+0530","service":"FyersAPIRequest"}
{"level":"DEBUG","location":"[get_call:140] fyersModel","message":{"Status Code":200,"API":"/positions"},"timestamp":"2025-05-16 09:39:24,932+0530","service":"FyersAPIRequest"}
{"level":"DEBUG","location":"[get_call:140] fyersModel","message":{"Status Code":200,"API":"/positions"},"timestamp":"2025-05-16 09:39:27,442+0530","service":"FyersAPIRequest"}
{"level":"DEBUG","location":"[get_call:140] fyersModel","message":{"Status Code":200,"API":"/positions"},"timestamp":"2025-05-16 09:39:29,962+0530","service":"FyersAPIRequest"}
{"level":"DEBUG","location":"[get_call:140] fyersModel","message":{"Status Code":200,"API":"/positions"},"timestamp":"2025-05-16 09:39:32,618+0530","service":"FyersAPIRequest"}
{"level":"DEBUG","location":"[get_call:140] fyersModel","message":{"Status Code":200,"API":"/positions"},"timestamp":"2025-05-16 09:39:35,124+0530","service":"FyersAPIRequest"}
{"level":"DEBUG","location":"[get_call:140] fyersModel","message":{"Status Code":200,"API":"/positions"},"timestamp":"2025-05-16 09:39:37,628+0530","service":"FyersAPIRequest"}
{"level":"DEBUG","location":"[get_call:140] fyersModel","message":{"Status Code":200,"API":"/positions"},"timestamp":"2025-05-16 09:39:40,120+0530","service":"FyersAPIRequest"}
{"level":"DEBUG","location":"[get_call:140] fyersModel","message":{"Status Code":200,"API":"/positions"},"timestamp":"2025-05-16 09:39:42,623+0530","service":"FyersAPIRequest"}
{"level":"DEBUG","location":"[get_call:140] fyersModel","message":{"Status Code":200,"API":"/positions"},"timestamp":"2025-05-16 09:39:45,126+0530","service":"FyersAPIRequest"}
{"level":"DEBUG","location":"[get_call:140] fyersModel","message":{"Status Code":200,"API":"/positions"},"timestamp":"2025-05-16 09:39:47,639+0530","service":"FyersAPIRequest"}
{"level":"DEBUG","location":"[get_call:140] fyersModel","message":{"Status Code":200,"API":"/positions"},"timestamp":"2025-05-16 09:39:50,150+0530","service":"FyersAPIRequest"}
{"level":"DEBUG","location":"[get_call:140] fyersModel","message":{"Status Code":200,"API":"/positions"},"timestamp":"2025-05-16 09:39:52,656+0530","service":"FyersAPIRequest"}
{"level":"DEBUG","location":"[get_call:140] fyersModel","message":{"Status Code":200,"API":"/positions"},"timestamp":"2025-05-16 09:39:55,162+0530","service":"FyersAPIRequest"}
{"level":"DEBUG","location":"[get_call:140] fyersModel","message":{"Status Code":200,"API":"/positions"},"timestamp":"2025-05-16 09:39:57,675+0530","service":"FyersAPIRequest"}
{"level":"DEBUG","location":"[get_call:140] fyersModel","message":{"Status Code":200,"API":"/positions"},"timestamp":"2025-05-16 09:40:00,190+0530","service":"FyersAPIRequest"}
{"level":"DEBUG","location":"[get_call:140] fyersModel","message":{"Status Code":200,"API":"/positions"},"timestamp":"2025-05-16 09:40:02,702+0530","service":"FyersAPIRequest"}
{"level":"DEBUG","location":"[get_call:140] fyersModel","message":{"Status Code":200,"API":"/positions"},"timestamp":"2025-05-16 09:40:05,220+0530","service":"FyersAPIRequest"}
{"level":"DEBUG","location":"[get_call:140] fyersModel","message":{"Status Code":200,"API":"/positions"},"timestamp":"2025-05-16 09:40:07,786+0530","service":"FyersAPIRequest"}
{"level":"DEBUG","location":"[get_call:140] fyersModel","message":{"Status Code":200,"API":"/positions"},"timestamp":"2025-05-16 09:40:10,309+0530","service":"FyersAPIRequest"}
{"level":"DEBUG","location":"[get_call:140] fyersModel","message":{"Status Code":200,"API":"/positions"},"timestamp":"2025-05-16 09:40:12,813+0530","service":"FyersAPIRequest"}
{"level":"DEBUG","location":"[get_call:140] fyersModel","message":{"Status Code":200,"API":"/positions"},"timestamp":"2025-05-16 09:40:15,333+0530","service":"FyersAPIRequest"}
{"level":"DEBUG","location":"[get_call:140] fyersModel","message":{"Status Code":200,"API":"/positions"},"timestamp":"2025-05-16 09:40:18,325+0530","service":"FyersAPIRequest"}
{"level":"DEBUG","location":"[get_call:140] fyersModel","message":{"Status Code":200,"API":"/positions"},"timestamp":"2025-05-16 09:40:20,840+0530","service":"FyersAPIRequest"}
{"level":"DEBUG","location":"[get_call:140] fyersModel","message":{"Status Code":200,"API":"/positions"},"timestamp":"2025-05-16 09:40:23,357+0530","service":"FyersAPIRequest"}
{"level":"DEBUG","location":"[get_call:140] fyersModel","message":{"Status Code":200,"API":"/positions"},"timestamp":"2025-05-16 09:40:26,352+0530","service":"FyersAPIRequest"}
{"level":"DEBUG","location":"[get_call:140] fyersModel","message":{"Status Code":200,"API":"/positions"},"timestamp":"2025-05-16 09:40:28,873+0530","service":"FyersAPIRequest"}
{"level":"DEBUG","location":"[get_call:140] fyersModel","message":{"Status Code":200,"API":"/positions"},"timestamp":"2025-05-16 09:40:31,856+0530","service":"FyersAPIRequest"}
{"level":"DEBUG","location":"[get_call:140] fyersModel","message":{"Status Code":200,"API":"/positions"},"timestamp":"2025-05-16 09:40:34,375+0530","service":"FyersAPIRequest"}
{"level":"DEBUG","location":"[get_call:140] fyersModel","message":{"Status Code":200,"API":"/positions"},"timestamp":"2025-05-16 09:40:37,379+0530","service":"FyersAPIRequest"}
{"level":"DEBUG","location":"[get_call:140] fyersModel","message":{"Status Code":200,"API":"/positions"},"timestamp":"2025-05-16 09:40:39,891+0530","service":"FyersAPIRequest"}
{"level":"DEBUG","location":"[get_call:140] fyersModel","message":{"Status Code":200,"API":"/positions"},"timestamp":"2025-05-16 09:40:42,405+0530","service":"FyersAPIRequest"}
{"level":"DEBUG","location":"[get_call:140] fyersModel","message":{"Status Code":200,"API":"/positions"},"timestamp":"2025-05-16 09:40:45,401+0530","service":"FyersAPIRequest"}
{"level":"DEBUG","location":"[get_call:140] fyersModel","message":{"Status Code":200,"API":"/positions"},"timestamp":"2025-05-16 09:40:47,914+0530","service":"FyersAPIRequest"}
{"level":"DEBUG","location":"[get_call:140] fyersModel","message":{"Status Code":200,"API":"/positions"},"timestamp":"2025-05-16 09:40:50,416+0530","service":"FyersAPIRequest"}
{"level":"DEBUG","location":"[get_call:140] fyersModel","message":{"Status Code":200,"API":"/positions"},"timestamp":"2025-05-16 09:40:52,940+0530","service":"FyersAPIRequest"}
{"level":"DEBUG","location":"[get_call:140] fyersModel","message":{"Status Code":200,"API":"/positions"},"timestamp":"2025-05-16 09:40:55,430+0530","service":"FyersAPIRequest"}
{"level":"DEBUG","location":"[get_call:140] fyersModel","message":{"Status Code":200,"API":"/positions"},"timestamp":"2025-05-16 09:40:57,937+0530","service":"FyersAPIRequest"}
{"level":"DEBUG","location":"[get_call:140] fyersModel","message":{"Status Code":200,"API":"/positions"},"timestamp":"2025-05-16 09:41:00,445+0530","service":"FyersAPIRequest"}
{"level":"DEBUG","location":"[get_call:140] fyersModel","message":{"Status Code":200,"API":"/positions"},"timestamp":"2025-05-16 09:41:02,946+0530","service":"FyersAPIRequest"}
{"level":"DEBUG","location":"[get_call:140] fyersModel","message":{"Status Code":200,"API":"/positions"},"timestamp":"2025-05-16 09:41:05,443+0530","service":"FyersAPIRequest"}
{"level":"DEBUG","location":"[get_call:140] fyersModel","message":{"Status Code":200,"API":"/positions"},"timestamp":"2025-05-16 09:41:07,996+0530","service":"FyersAPIRequest"}
{"level":"DEBUG","location":"[get_call:140] fyersModel","message":{"Status Code":200,"API":"/positions"},"timestamp":"2025-05-16 09:41:10,998+0530","service":"FyersAPIRequest"}
{"level":"DEBUG","location":"[get_call:140] fyersModel","message":{"Status Code":200,"API":"/positions"},"timestamp":"2025-05-16 09:41:13,522+0530","service":"FyersAPIRequest"}
{"level":"DEBUG","location":"[get_call:140] fyersModel","message":{"Status Code":200,"API":"/positions"},"timestamp":"2025-05-16 09:41:16,081+0530","service":"FyersAPIRequest"}
{"level":"DEBUG","location":"[get_call:140] fyersModel","message":{"Status Code":200,"API":"/positions"},"timestamp":"2025-05-16 09:41:19,043+0530","service":"FyersAPIRequest"}
{"level":"DEBUG","location":"[get_call:140] fyersModel","message":{"Status Code":200,"API":"/positions"},"timestamp":"2025-05-16 09:41:21,570+0530","service":"FyersAPIRequest"}
{"level":"DEBUG","location":"[get_call:140] fyersModel","message":{"Status Code":200,"API":"/positions"},"timestamp":"2025-05-16 09:41:24,077+0530","service":"FyersAPIRequest"}
{"level":"DEBUG","location":"[get_call:140] fyersModel","message":{"Status Code":200,"API":"/positions"},"timestamp":"2025-05-16 09:41:26,680+0530","service":"FyersAPIRequest"}
{"level":"DEBUG","location":"[get_call:140] fyersModel","message":{"Status Code":200,"API":"/positions"},"timestamp":"2025-05-16 09:41:29,674+0530","service":"FyersAPIRequest"}
{"level":"DEBUG","location":"[get_call:140] fyersModel","message":{"Status Code":200,"API":"/positions"},"timestamp":"2025-05-16 09:41:32,660+0530","service":"FyersAPIRequest"}
{"level":"DEBUG","location":"[get_call:140] fyersModel","message":{"Status Code":200,"API":"/positions"},"timestamp":"2025-05-16 09:41:35,160+0530","service":"FyersAPIRequest"}
{"level":"DEBUG","location":"[get_call:140] fyersModel","message":{"Status Code":200,"API":"/positions"},"timestamp":"2025-05-16 09:41:37,690+0530","service":"FyersAPIRequest"}
{"level":"DEBUG","location":"[get_call:140] fyersModel","message":{"Status Code":200,"API":"/positions"},"timestamp":"2025-05-16 09:41:40,191+0530","service":"FyersAPIRequest"}
{"level":"DEBUG","location":"[get_call:140] fyersModel","message":{"Status Code":200,"API":"/positions"},"timestamp":"2025-05-16 09:41:42,697+0530","service":"FyersAPIRequest"}
{"level":"DEBUG","location":"[get_call:140] fyersModel","message":{"Status Code":200,"API":"/positions"},"timestamp":"2025-05-16 09:41:45,207+0530","service":"FyersAPIRequest"}
{"level":"DEBUG","location":"[get_call:140] fyersModel","message":{"Status Code":200,"API":"/positions"},"timestamp":"2025-05-16 09:41:47,721+0530","service":"FyersAPIRequest"}
{"level":"DEBUG","location":"[get_call:140] fyersModel","message":{"Status Code":200,"API":"/positions"},"timestamp":"2025-05-16 09:41:50,224+0530","service":"FyersAPIRequest"}
{"level":"DEBUG","location":"[get_call:140] fyersModel","message":{"Status Code":200,"API":"/positions"},"timestamp":"2025-05-16 09:41:52,731+0530","service":"FyersAPIRequest"}
{"level":"DEBUG","location":"[get_call:140] fyersModel","message":{"Status Code":200,"API":"/positions"},"timestamp":"2025-05-16 09:41:55,246+0530","service":"FyersAPIRequest"}
{"level":"DEBUG","location":"[get_call:140] fyersModel","message":{"Status Code":200,"API":"/positions"},"timestamp":"2025-05-16 09:41:57,758+0530","service":"FyersAPIRequest"}
{"level":"DEBUG","location":"[get_call:140] fyersModel","message":{"Status Code":200,"API":"/positions"},"timestamp":"2025-05-16 09:42:00,257+0530","service":"FyersAPIRequest"}
{"level":"DEBUG","location":"[get_call:140] fyersModel","message":{"Status Code":200,"API":"/positions"},"timestamp":"2025-05-16 09:42:02,780+0530","service":"FyersAPIRequest"}
{"level":"DEBUG","location":"[get_call:140] fyersModel","message":{"Status Code":200,"API":"/positions"},"timestamp":"2025-05-16 09:42:05,298+0530","service":"FyersAPIRequest"}
{"level":"DEBUG","location":"[get_call:140] fyersModel","message":{"Status Code":200,"API":"/positions"},"timestamp":"2025-05-16 09:42:07,849+0530","service":"FyersAPIRequest"}
{"level":"DEBUG","location":"[get_call:140] fyersModel","message":{"Status Code":200,"API":"/positions"},"timestamp":"2025-05-16 09:42:10,367+0530","service":"FyersAPIRequest"}
{"level":"DEBUG","location":"[get_call:140] fyersModel","message":{"Status Code":200,"API":"/positions"},"timestamp":"2025-05-16 09:42:12,900+0530","service":"FyersAPIRequest"}
{"level":"DEBUG","location":"[get_call:140] fyersModel","message":{"Status Code":200,"API":"/positions"},"timestamp":"2025-05-16 09:42:15,413+0530","service":"FyersAPIRequest"}
{"level":"DEBUG","location":"[get_call:140] fyersModel","message":{"Status Code":200,"API":"/positions"},"timestamp":"2025-05-16 09:42:17,919+0530","service":"FyersAPIRequest"}
{"level":"DEBUG","location":"[get_call:140] fyersModel","message":{"Status Code":200,"API":"/positions"},"timestamp":"2025-05-16 09:42:20,912+0530","service":"FyersAPIRequest"}
{"level":"DEBUG","location":"[get_call:140] fyersModel","message":{"Status Code":200,"API":"/positions"},"timestamp":"2025-05-16 09:42:23,410+0530","service":"FyersAPIRequest"}
{"level":"DEBUG","location":"[get_call:140] fyersModel","message":{"Status Code":200,"API":"/positions"},"timestamp":"2025-05-16 09:42:25,928+0530","service":"FyersAPIRequest"}
{"level":"DEBUG","location":"[get_call:140] fyersModel","message":{"Status Code":200,"API":"/positions"},"timestamp":"2025-05-16 09:42:28,436+0530","service":"FyersAPIRequest"}
{"level":"DEBUG","location":"[get_call:140] fyersModel","message":{"Status Code":200,"API":"/positions"},"timestamp":"2025-05-16 09:42:30,948+0530","service":"FyersAPIRequest"}
{"level":"DEBUG","location":"[get_call:140] fyersModel","message":{"Status Code":200,"API":"/positions"},"timestamp":"2025-05-16 09:42:33,457+0530","service":"FyersAPIRequest"}
{"level":"DEBUG","location":"[get_call:140] fyersModel","message":{"Status Code":200,"API":"/positions"},"timestamp":"2025-05-16 09:42:35,966+0530","service":"FyersAPIRequest"}
{"level":"DEBUG","location":"[get_call:140] fyersModel","message":{"Status Code":200,"API":"/positions"},"timestamp":"2025-05-16 09:42:38,478+0530","service":"FyersAPIRequest"}
{"level":"DEBUG","location":"[get_call:140] fyersModel","message":{"Status Code":200,"API":"/positions"},"timestamp":"2025-05-16 09:42:40,983+0530","service":"FyersAPIRequest"}
{"level":"DEBUG","location":"[get_call:140] fyersModel","message":{"Status Code":200,"API":"/positions"},"timestamp":"2025-05-16 09:42:43,484+0530","service":"FyersAPIRequest"}
{"level":"DEBUG","location":"[get_call:140] fyersModel","message":{"Status Code":200,"API":"/positions"},"timestamp":"2025-05-16 09:42:46,451+0530","service":"FyersAPIRequest"}
{"level":"DEBUG","location":"[get_call:140] fyersModel","message":{"Status Code":200,"API":"/positions"},"timestamp":"2025-05-16 09:42:48,973+0530","service":"FyersAPIRequest"}
{"level":"DEBUG","location":"[get_call:140] fyersModel","message":{"Status Code":200,"API":"/positions"},"timestamp":"2025-05-16 09:42:51,486+0530","service":"FyersAPIRequest"}
{"level":"DEBUG","location":"[get_call:140] fyersModel","message":{"Status Code":200,"API":"/positions"},"timestamp":"2025-05-16 09:42:53,998+0530","service":"FyersAPIRequest"}
{"level":"DEBUG","location":"[get_call:140] fyersModel","message":{"Status Code":200,"API":"/positions"},"timestamp":"2025-05-16 09:42:56,507+0530","service":"FyersAPIRequest"}
{"level":"DEBUG","location":"[get_call:140] fyersModel","message":{"Status Code":200,"API":"/positions"},"timestamp":"2025-05-16 09:42:59,031+0530","service":"FyersAPIRequest"}
{"level":"DEBUG","location":"[get_call:140] fyersModel","message":{"Status Code":200,"API":"/positions"},"timestamp":"2025-05-16 09:43:01,546+0530","service":"FyersAPIRequest"}
{"level":"DEBUG","location":"[get_call:140] fyersModel","message":{"Status Code":200,"API":"/positions"},"timestamp":"2025-05-16 09:43:04,055+0530","service":"FyersAPIRequest"}
{"level":"DEBUG","location":"[get_call:140] fyersModel","message":{"Status Code":200,"API":"/positions"},"timestamp":"2025-05-16 09:43:07,041+0530","service":"FyersAPIRequest"}
{"level":"DEBUG","location":"[get_call:140] fyersModel","message":{"Status Code":200,"API":"/positions"},"timestamp":"2025-05-16 09:43:09,541+0530","service":"FyersAPIRequest"}
{"level":"DEBUG","location":"[get_call:140] fyersModel","message":{"Status Code":200,"API":"/positions"},"timestamp":"2025-05-16 09:43:12,043+0530","service":"FyersAPIRequest"}
{"level":"DEBUG","location":"[get_call:140] fyersModel","message":{"Status Code":200,"API":"/positions"},"timestamp":"2025-05-16 09:43:14,545+0530","service":"FyersAPIRequest"}
{"level":"DEBUG","location":"[get_call:140] fyersModel","message":{"Status Code":200,"API":"/positions"},"timestamp":"2025-05-16 09:43:17,054+0530","service":"FyersAPIRequest"}
{"level":"DEBUG","location":"[get_call:140] fyersModel","message":{"Status Code":200,"API":"/positions"},"timestamp":"2025-05-16 09:43:19,574+0530","service":"FyersAPIRequest"}
{"level":"DEBUG","location":"[get_call:140] fyersModel","message":{"Status Code":200,"API":"/positions"},"timestamp":"2025-05-16 09:43:22,073+0530","service":"FyersAPIRequest"}
{"level":"DEBUG","location":"[get_call:140] fyersModel","message":{"Status Code":200,"API":"/positions"},"timestamp":"2025-05-16 09:43:24,601+0530","service":"FyersAPIRequest"}
{"level":"DEBUG","location":"[get_call:140] fyersModel","message":{"Status Code":200,"API":"/positions"},"timestamp":"2025-05-16 09:43:27,110+0530","service":"FyersAPIRequest"}
{"level":"DEBUG","location":"[get_call:140] fyersModel","message":{"Status Code":200,"API":"/positions"},"timestamp":"2025-05-16 09:43:29,612+0530","service":"FyersAPIRequest"}
{"level":"DEBUG","location":"[get_call:140] fyersModel","message":{"Status Code":200,"API":"/positions"},"timestamp":"2025-05-16 09:43:32,115+0530","service":"FyersAPIRequest"}
{"level":"DEBUG","location":"[get_call:140] fyersModel","message":{"Status Code":200,"API":"/positions"},"timestamp":"2025-05-16 09:43:34,610+0530","service":"FyersAPIRequest"}
{"level":"DEBUG","location":"[get_call:140] fyersModel","message":{"Status Code":200,"API":"/positions"},"timestamp":"2025-05-16 09:43:37,120+0530","service":"FyersAPIRequest"}
{"level":"DEBUG","location":"[get_call:140] fyersModel","message":{"Status Code":200,"API":"/positions"},"timestamp":"2025-05-16 09:43:39,620+0530","service":"FyersAPIRequest"}
{"level":"DEBUG","location":"[get_call:140] fyersModel","message":{"Status Code":200,"API":"/positions"},"timestamp":"2025-05-16 09:43:42,130+0530","service":"FyersAPIRequest"}
{"level":"DEBUG","location":"[get_call:140] fyersModel","message":{"Status Code":200,"API":"/positions"},"timestamp":"2025-05-16 09:43:44,653+0530","service":"FyersAPIRequest"}
{"level":"DEBUG","location":"[get_call:140] fyersModel","message":{"Status Code":200,"API":"/positions"},"timestamp":"2025-05-16 09:43:47,169+0530","service":"FyersAPIRequest"}
{"level":"DEBUG","location":"[get_call:140] fyersModel","message":{"Status Code":200,"API":"/positions"},"timestamp":"2025-05-16 09:43:49,659+0530","service":"FyersAPIRequest"}
{"level":"DEBUG","location":"[get_call:140] fyersModel","message":{"Status Code":200,"API":"/positions"},"timestamp":"2025-05-16 09:43:52,173+0530","service":"FyersAPIRequest"}
{"level":"DEBUG","location":"[get_call:140] fyersModel","message":{"Status Code":200,"API":"/positions"},"timestamp":"2025-05-16 09:43:54,679+0530","service":"FyersAPIRequest"}
{"level":"DEBUG","location":"[get_call:140] fyersModel","message":{"Status Code":200,"API":"/positions"},"timestamp":"2025-05-16 09:43:57,185+0530","service":"FyersAPIRequest"}
{"level":"DEBUG","location":"[get_call:140] fyersModel","message":{"Status Code":200,"API":"/positions"},"timestamp":"2025-05-16 09:43:59,688+0530","service":"FyersAPIRequest"}
{"level":"DEBUG","location":"[get_call:140] fyersModel","message":{"Status Code":200,"API":"/positions"},"timestamp":"2025-05-16 09:44:02,214+0530","service":"FyersAPIRequest"}
{"level":"DEBUG","location":"[get_call:140] fyersModel","message":{"Status Code":200,"API":"/positions"},"timestamp":"2025-05-16 09:44:04,720+0530","service":"FyersAPIRequest"}
{"level":"DEBUG","location":"[get_call:140] fyersModel","message":{"Status Code":200,"API":"/positions"},"timestamp":"2025-05-16 09:44:07,228+0530","service":"FyersAPIRequest"}
{"level":"DEBUG","location":"[get_call:140] fyersModel","message":{"Status Code":200,"API":"/positions"},"timestamp":"2025-05-16 09:44:10,211+0530","service":"FyersAPIRequest"}
{"level":"DEBUG","location":"[get_call:140] fyersModel","message":{"Status Code":200,"API":"/positions"},"timestamp":"2025-05-16 09:44:12,722+0530","service":"FyersAPIRequest"}
{"level":"DEBUG","location":"[get_call:140] fyersModel","message":{"Status Code":200,"API":"/positions"},"timestamp":"2025-05-16 09:44:15,244+0530","service":"FyersAPIRequest"}
{"level":"DEBUG","location":"[get_call:140] fyersModel","message":{"Status Code":200,"API":"/positions"},"timestamp":"2025-05-16 09:44:17,741+0530","service":"FyersAPIRequest"}
{"level":"DEBUG","location":"[get_call:140] fyersModel","message":{"Status Code":200,"API":"/positions"},"timestamp":"2025-05-16 09:44:20,237+0530","service":"FyersAPIRequest"}
{"level":"DEBUG","location":"[get_call:140] fyersModel","message":{"Status Code":200,"API":"/positions"},"timestamp":"2025-05-16 09:44:22,770+0530","service":"FyersAPIRequest"}
{"level":"DEBUG","location":"[get_call:140] fyersModel","message":{"Status Code":200,"API":"/positions"},"timestamp":"2025-05-16 09:44:25,434+0530","service":"FyersAPIRequest"}
{"level":"DEBUG","location":"[get_call:140] fyersModel","message":{"Status Code":200,"API":"/positions"},"timestamp":"2025-05-16 09:44:27,940+0530","service":"FyersAPIRequest"}
{"level":"DEBUG","location":"[get_call:140] fyersModel","message":{"Status Code":200,"API":"/positions"},"timestamp":"2025-05-16 09:44:30,430+0530","service":"FyersAPIRequest"}
{"level":"DEBUG","location":"[get_call:140] fyersModel","message":{"Status Code":200,"API":"/positions"},"timestamp":"2025-05-16 09:44:32,924+0530","service":"FyersAPIRequest"}
{"level":"DEBUG","location":"[get_call:140] fyersModel","message":{"Status Code":200,"API":"/positions"},"timestamp":"2025-05-16 09:44:35,434+0530","service":"FyersAPIRequest"}
{"level":"DEBUG","location":"[get_call:140] fyersModel","message":{"Status Code":200,"API":"/positions"},"timestamp":"2025-05-16 09:44:38,383+0530","service":"FyersAPIRequest"}
{"level":"DEBUG","location":"[get_call:140] fyersModel","message":{"Status Code":200,"API":"/positions"},"timestamp":"2025-05-16 09:44:40,891+0530","service":"FyersAPIRequest"}
{"level":"DEBUG","location":"[get_call:140] fyersModel","message":{"Status Code":200,"API":"/positions"},"timestamp":"2025-05-16 09:44:43,396+0530","service":"FyersAPIRequest"}
{"level":"DEBUG","location":"[get_call:140] fyersModel","message":{"Status Code":200,"API":"/positions"},"timestamp":"2025-05-16 09:44:45,908+0530","service":"FyersAPIRequest"}
{"level":"DEBUG","location":"[get_call:140] fyersModel","message":{"Status Code":200,"API":"/positions"},"timestamp":"2025-05-16 09:44:48,406+0530","service":"FyersAPIRequest"}
{"level":"DEBUG","location":"[get_call:140] fyersModel","message":{"Status Code":200,"API":"/positions"},"timestamp":"2025-05-16 09:44:50,912+0530","service":"FyersAPIRequest"}
{"level":"DEBUG","location":"[get_call:140] fyersModel","message":{"Status Code":200,"API":"/positions"},"timestamp":"2025-05-16 09:44:53,443+0530","service":"FyersAPIRequest"}
{"level":"DEBUG","location":"[get_call:140] fyersModel","message":{"Status Code":200,"API":"/positions"},"timestamp":"2025-05-16 09:44:55,959+0530","service":"FyersAPIRequest"}
{"level":"DEBUG","location":"[get_call:140] fyersModel","message":{"Status Code":200,"API":"/positions"},"timestamp":"2025-05-16 09:44:58,480+0530","service":"FyersAPIRequest"}
{"level":"DEBUG","location":"[get_call:140] fyersModel","message":{"Status Code":200,"API":"/positions"},"timestamp":"2025-05-16 09:45:01,132+0530","service":"FyersAPIRequest"}
{"level":"DEBUG","location":"[get_call:140] fyersModel","message":{"Status Code":200,"API":"/positions"},"timestamp":"2025-05-16 09:45:03,667+0530","service":"FyersAPIRequest"}
{"level":"DEBUG","location":"[get_call:140] fyersModel","message":{"Status Code":200,"API":"/positions"},"timestamp":"2025-05-16 09:45:06,169+0530","service":"FyersAPIRequest"}
{"level":"DEBUG","location":"[get_call:140] fyersModel","message":{"Status Code":200,"API":"/positions"},"timestamp":"2025-05-16 09:45:08,682+0530","service":"FyersAPIRequest"}
{"level":"DEBUG","location":"[get_call:140] fyersModel","message":{"Status Code":200,"API":"/positions"},"timestamp":"2025-05-16 09:45:11,178+0530","service":"FyersAPIRequest"}
{"level":"DEBUG","location":"[get_call:140] fyersModel","message":{"Status Code":200,"API":"/positions"},"timestamp":"2025-05-16 09:45:13,686+0530","service":"FyersAPIRequest"}
{"level":"DEBUG","location":"[get_call:140] fyersModel","message":{"Status Code":200,"API":"/positions"},"timestamp":"2025-05-16 09:45:16,186+0530","service":"FyersAPIRequest"}
{"level":"DEBUG","location":"[get_call:140] fyersModel","message":{"Status Code":200,"API":"/positions"},"timestamp":"2025-05-16 09:45:18,696+0530","service":"FyersAPIRequest"}
{"level":"DEBUG","location":"[get_call:140] fyersModel","message":{"Status Code":200,"API":"/positions"},"timestamp":"2025-05-16 09:45:21,200+0530","service":"FyersAPIRequest"}
{"level":"DEBUG","location":"[get_call:140] fyersModel","message":{"Status Code":200,"API":"/positions"},"timestamp":"2025-05-16 09:45:23,706+0530","service":"FyersAPIRequest"}
{"level":"DEBUG","location":"[get_call:140] fyersModel","message":{"Status Code":200,"API":"/positions"},"timestamp":"2025-05-16 09:45:26,225+0530","service":"FyersAPIRequest"}
{"level":"DEBUG","location":"[get_call:140] fyersModel","message":{"Status Code":200,"API":"/positions"},"timestamp":"2025-05-16 09:45:28,741+0530","service":"FyersAPIRequest"}
{"level":"DEBUG","location":"[get_call:140] fyersModel","message":{"Status Code":200,"API":"/positions"},"timestamp":"2025-05-16 09:45:31,259+0530","service":"FyersAPIRequest"}
{"level":"DEBUG","location":"[get_call:140] fyersModel","message":{"Status Code":200,"API":"/positions"},"timestamp":"2025-05-16 09:45:33,755+0530","service":"FyersAPIRequest"}
{"level":"DEBUG","location":"[get_call:140] fyersModel","message":{"Status Code":200,"API":"/positions"},"timestamp":"2025-05-16 09:45:36,734+0530","service":"FyersAPIRequest"}
{"level":"DEBUG","location":"[get_call:140] fyersModel","message":{"Status Code":200,"API":"/positions"},"timestamp":"2025-05-16 09:45:39,234+0530","service":"FyersAPIRequest"}
{"level":"DEBUG","location":"[get_call:140] fyersModel","message":{"Status Code":200,"API":"/positions"},"timestamp":"2025-05-16 09:45:41,737+0530","service":"FyersAPIRequest"}
{"level":"DEBUG","location":"[get_call:140] fyersModel","message":{"Status Code":200,"API":"/positions"},"timestamp":"2025-05-16 09:45:44,229+0530","service":"FyersAPIRequest"}
{"level":"DEBUG","location":"[get_call:140] fyersModel","message":{"Status Code":200,"API":"/positions"},"timestamp":"2025-05-16 09:45:46,737+0530","service":"FyersAPIRequest"}
{"level":"DEBUG","location":"[get_call:140] fyersModel","message":{"Status Code":200,"API":"/positions"},"timestamp":"2025-05-16 09:45:49,242+0530","service":"FyersAPIRequest"}
{"level":"DEBUG","location":"[get_call:140] fyersModel","message":{"Status Code":200,"API":"/positions"},"timestamp":"2025-05-16 09:45:51,746+0530","service":"FyersAPIRequest"}
{"level":"DEBUG","location":"[get_call:140] fyersModel","message":{"Status Code":200,"API":"/positions"},"timestamp":"2025-05-16 09:45:54,242+0530","service":"FyersAPIRequest"}
{"level":"DEBUG","location":"[get_call:140] fyersModel","message":{"Status Code":200,"API":"/positions"},"timestamp":"2025-05-16 09:45:56,772+0530","service":"FyersAPIRequest"}
{"level":"DEBUG","location":"[get_call:140] fyersModel","message":{"Status Code":200,"API":"/positions"},"timestamp":"2025-05-16 09:45:59,261+0530","service":"FyersAPIRequest"}
{"level":"DEBUG","location":"[get_call:140] fyersModel","message":{"Status Code":200,"API":"/positions"},"timestamp":"2025-05-16 09:46:01,802+0530","service":"FyersAPIRequest"}
{"level":"DEBUG","location":"[get_call:140] fyersModel","message":{"Status Code":200,"API":"/positions"},"timestamp":"2025-05-16 09:46:04,316+0530","service":"FyersAPIRequest"}
{"level":"DEBUG","location":"[get_call:140] fyersModel","message":{"Status Code":200,"API":"/positions"},"timestamp":"2025-05-16 09:46:07,322+0530","service":"FyersAPIRequest"}
{"level":"DEBUG","location":"[get_call:140] fyersModel","message":{"Status Code":200,"API":"/positions"},"timestamp":"2025-05-16 09:46:09,833+0530","service":"FyersAPIRequest"}
{"level":"DEBUG","location":"[get_call:140] fyersModel","message":{"Status Code":200,"API":"/positions"},"timestamp":"2025-05-16 09:46:12,369+0530","service":"FyersAPIRequest"}
{"level":"DEBUG","location":"[get_call:140] fyersModel","message":{"Status Code":200,"API":"/positions"},"timestamp":"2025-05-16 09:46:14,875+0530","service":"FyersAPIRequest"}
{"level":"DEBUG","location":"[get_call:140] fyersModel","message":{"Status Code":200,"API":"/positions"},"timestamp":"2025-05-16 09:46:17,376+0530","service":"FyersAPIRequest"}
{"level":"DEBUG","location":"[get_call:140] fyersModel","message":{"Status Code":200,"API":"/positions"},"timestamp":"2025-05-16 09:46:19,867+0530","service":"FyersAPIRequest"}
{"level":"DEBUG","location":"[get_call:140] fyersModel","message":{"Status Code":200,"API":"/positions"},"timestamp":"2025-05-16 09:46:22,384+0530","service":"FyersAPIRequest"}
{"level":"DEBUG","location":"[get_call:140] fyersModel","message":{"Status Code":200,"API":"/positions"},"timestamp":"2025-05-16 09:46:25,388+0530","service":"FyersAPIRequest"}
{"level":"DEBUG","location":"[get_call:140] fyersModel","message":{"Status Code":200,"API":"/positions"},"timestamp":"2025-05-16 09:46:27,891+0530","service":"FyersAPIRequest"}
{"level":"DEBUG","location":"[get_call:140] fyersModel","message":{"Status Code":200,"API":"/positions"},"timestamp":"2025-05-16 09:46:30,393+0530","service":"FyersAPIRequest"}
{"level":"DEBUG","location":"[get_call:140] fyersModel","message":{"Status Code":200,"API":"/positions"},"timestamp":"2025-05-16 09:46:32,899+0530","service":"FyersAPIRequest"}
{"level":"DEBUG","location":"[get_call:140] fyersModel","message":{"Status Code":200,"API":"/positions"},"timestamp":"2025-05-16 09:46:35,401+0530","service":"FyersAPIRequest"}
{"level":"DEBUG","location":"[get_call:140] fyersModel","message":{"Status Code":200,"API":"/positions"},"timestamp":"2025-05-16 09:46:37,932+0530","service":"FyersAPIRequest"}
{"level":"DEBUG","location":"[get_call:140] fyersModel","message":{"Status Code":200,"API":"/positions"},"timestamp":"2025-05-16 09:46:40,447+0530","service":"FyersAPIRequest"}
{"level":"DEBUG","location":"[get_call:140] fyersModel","message":{"Status Code":200,"API":"/positions"},"timestamp":"2025-05-16 09:46:43,439+0530","service":"FyersAPIRequest"}
{"level":"DEBUG","location":"[get_call:140] fyersModel","message":{"Status Code":200,"API":"/positions"},"timestamp":"2025-05-16 09:46:45,946+0530","service":"FyersAPIRequest"}
{"level":"DEBUG","location":"[get_call:140] fyersModel","message":{"Status Code":200,"API":"/positions"},"timestamp":"2025-05-16 09:46:48,445+0530","service":"FyersAPIRequest"}
{"level":"DEBUG","location":"[get_call:140] fyersModel","message":{"Status Code":200,"API":"/positions"},"timestamp":"2025-05-16 09:46:50,955+0530","service":"FyersAPIRequest"}
{"level":"DEBUG","location":"[get_call:140] fyersModel","message":{"Status Code":200,"API":"/positions"},"timestamp":"2025-05-16 09:46:53,463+0530","service":"FyersAPIRequest"}
{"level":"DEBUG","location":"[get_call:140] fyersModel","message":{"Status Code":200,"API":"/positions"},"timestamp":"2025-05-16 09:46:55,975+0530","service":"FyersAPIRequest"}
{"level":"DEBUG","location":"[get_call:140] fyersModel","message":{"Status Code":200,"API":"/positions"},"timestamp":"2025-05-16 09:46:58,490+0530","service":"FyersAPIRequest"}
{"level":"DEBUG","location":"[get_call:140] fyersModel","message":{"Status Code":200,"API":"/positions"},"timestamp":"2025-05-16 09:47:01,001+0530","service":"FyersAPIRequest"}
{"level":"DEBUG","location":"[get_call:140] fyersModel","message":{"Status Code":200,"API":"/positions"},"timestamp":"2025-05-16 09:47:03,507+0530","service":"FyersAPIRequest"}
{"level":"DEBUG","location":"[get_call:140] fyersModel","message":{"Status Code":200,"API":"/positions"},"timestamp":"2025-05-16 09:47:06,021+0530","service":"FyersAPIRequest"}
{"level":"DEBUG","location":"[get_call:140] fyersModel","message":{"Status Code":200,"API":"/positions"},"timestamp":"2025-05-16 09:47:09,008+0530","service":"FyersAPIRequest"}
{"level":"DEBUG","location":"[get_call:140] fyersModel","message":{"Status Code":200,"API":"/positions"},"timestamp":"2025-05-16 09:47:11,517+0530","service":"FyersAPIRequest"}
{"level":"DEBUG","location":"[get_call:140] fyersModel","message":{"Status Code":200,"API":"/positions"},"timestamp":"2025-05-16 09:47:14,029+0530","service":"FyersAPIRequest"}
{"level":"DEBUG","location":"[get_call:140] fyersModel","message":{"Status Code":200,"API":"/positions"},"timestamp":"2025-05-16 09:47:16,537+0530","service":"FyersAPIRequest"}
{"level":"DEBUG","location":"[get_call:140] fyersModel","message":{"Status Code":200,"API":"/positions"},"timestamp":"2025-05-16 09:47:19,052+0530","service":"FyersAPIRequest"}
{"level":"DEBUG","location":"[get_call:140] fyersModel","message":{"Status Code":200,"API":"/positions"},"timestamp":"2025-05-16 09:47:21,573+0530","service":"FyersAPIRequest"}
{"level":"DEBUG","location":"[get_call:140] fyersModel","message":{"Status Code":200,"API":"/positions"},"timestamp":"2025-05-16 09:47:24,079+0530","service":"FyersAPIRequest"}
{"level":"DEBUG","location":"[get_call:140] fyersModel","message":{"Status Code":200,"API":"/positions"},"timestamp":"2025-05-16 09:47:26,590+0530","service":"FyersAPIRequest"}
{"level":"DEBUG","location":"[get_call:140] fyersModel","message":{"Status Code":200,"API":"/positions"},"timestamp":"2025-05-16 09:47:29,095+0530","service":"FyersAPIRequest"}
{"level":"DEBUG","location":"[get_call:140] fyersModel","message":{"Status Code":200,"API":"/positions"},"timestamp":"2025-05-16 09:47:31,595+0530","service":"FyersAPIRequest"}
{"level":"DEBUG","location":"[get_call:140] fyersModel","message":{"Status Code":200,"API":"/positions"},"timestamp":"2025-05-16 09:47:34,091+0530","service":"FyersAPIRequest"}
{"level":"DEBUG","location":"[get_call:140] fyersModel","message":{"Status Code":200,"API":"/positions"},"timestamp":"2025-05-16 09:47:36,604+0530","service":"FyersAPIRequest"}
{"level":"DEBUG","location":"[get_call:140] fyersModel","message":{"Status Code":200,"API":"/positions"},"timestamp":"2025-05-16 09:47:39,116+0530","service":"FyersAPIRequest"}
{"level":"DEBUG","location":"[get_call:140] fyersModel","message":{"Status Code":200,"API":"/positions"},"timestamp":"2025-05-16 09:47:41,621+0530","service":"FyersAPIRequest"}
{"level":"DEBUG","location":"[get_call:140] fyersModel","message":{"Status Code":200,"API":"/positions"},"timestamp":"2025-05-16 09:47:44,125+0530","service":"FyersAPIRequest"}
{"level":"DEBUG","location":"[get_call:140] fyersModel","message":{"Status Code":200,"API":"/positions"},"timestamp":"2025-05-16 09:47:46,634+0530","service":"FyersAPIRequest"}
{"level":"DEBUG","location":"[get_call:140] fyersModel","message":{"Status Code":200,"API":"/positions"},"timestamp":"2025-05-16 09:47:49,142+0530","service":"FyersAPIRequest"}
{"level":"DEBUG","location":"[get_call:140] fyersModel","message":{"Status Code":200,"API":"/positions"},"timestamp":"2025-05-16 09:47:51,646+0530","service":"FyersAPIRequest"}
{"level":"DEBUG","location":"[get_call:140] fyersModel","message":{"Status Code":200,"API":"/positions"},"timestamp":"2025-05-16 09:47:54,149+0530","service":"FyersAPIRequest"}
{"level":"DEBUG","location":"[get_call:140] fyersModel","message":{"Status Code":200,"API":"/positions"},"timestamp":"2025-05-16 09:47:57,139+0530","service":"FyersAPIRequest"}
{"level":"DEBUG","location":"[get_call:140] fyersModel","message":{"Status Code":200,"API":"/positions"},"timestamp":"2025-05-16 09:47:59,638+0530","service":"FyersAPIRequest"}
{"level":"DEBUG","location":"[get_call:140] fyersModel","message":{"Status Code":200,"API":"/positions"},"timestamp":"2025-05-16 09:48:02,138+0530","service":"FyersAPIRequest"}
{"level":"DEBUG","location":"[get_call:140] fyersModel","message":{"Status Code":200,"API":"/positions"},"timestamp":"2025-05-16 09:48:04,648+0530","service":"FyersAPIRequest"}
{"level":"DEBUG","location":"[get_call:140] fyersModel","message":{"Status Code":200,"API":"/positions"},"timestamp":"2025-05-16 09:48:07,604+0530","service":"FyersAPIRequest"}
{"level":"DEBUG","location":"[get_call:140] fyersModel","message":{"Status Code":200,"API":"/positions"},"timestamp":"2025-05-16 09:48:10,602+0530","service":"FyersAPIRequest"}
{"level":"DEBUG","location":"[get_call:140] fyersModel","message":{"Status Code":200,"API":"/positions"},"timestamp":"2025-05-16 09:48:13,121+0530","service":"FyersAPIRequest"}
{"level":"DEBUG","location":"[get_call:140] fyersModel","message":{"Status Code":200,"API":"/positions"},"timestamp":"2025-05-16 09:48:16,125+0530","service":"FyersAPIRequest"}
{"level":"DEBUG","location":"[get_call:140] fyersModel","message":{"Status Code":200,"API":"/positions"},"timestamp":"2025-05-16 09:48:19,098+0530","service":"FyersAPIRequest"}
{"level":"DEBUG","location":"[get_call:140] fyersModel","message":{"Status Code":200,"API":"/positions"},"timestamp":"2025-05-16 09:48:22,118+0530","service":"FyersAPIRequest"}
{"level":"DEBUG","location":"[get_call:140] fyersModel","message":{"Status Code":200,"API":"/positions"},"timestamp":"2025-05-16 09:48:25,099+0530","service":"FyersAPIRequest"}
{"level":"DEBUG","location":"[get_call:140] fyersModel","message":{"Status Code":200,"API":"/positions"},"timestamp":"2025-05-16 09:48:28,123+0530","service":"FyersAPIRequest"}
{"level":"DEBUG","location":"[get_call:140] fyersModel","message":{"Status Code":200,"API":"/positions"},"timestamp":"2025-05-16 09:48:55,502+0530","service":"FyersAPIRequest"}
{"level":"DEBUG","location":"[get_call:140] fyersModel","message":{"Status Code":200,"API":"/positions"},"timestamp":"2025-05-16 09:48:58,004+0530","service":"FyersAPIRequest"}
{"level":"DEBUG","location":"[get_call:140] fyersModel","message":{"Status Code":200,"API":"/positions"},"timestamp":"2025-05-16 09:49:00,518+0530","service":"FyersAPIRequest"}
{"level":"DEBUG","location":"[get_call:140] fyersModel","message":{"Status Code":200,"API":"/positions"},"timestamp":"2025-05-16 09:49:03,036+0530","service":"FyersAPIRequest"}
{"level":"DEBUG","location":"[get_call:140] fyersModel","message":{"Status Code":200,"API":"/positions"},"timestamp":"2025-05-16 09:49:05,544+0530","service":"FyersAPIRequest"}
{"level":"DEBUG","location":"[get_call:140] fyersModel","message":{"Status Code":200,"API":"/positions"},"timestamp":"2025-05-16 09:49:08,052+0530","service":"FyersAPIRequest"}
{"level":"DEBUG","location":"[get_call:140] fyersModel","message":{"Status Code":200,"API":"/positions"},"timestamp":"2025-05-16 09:49:11,595+0530","service":"FyersAPIRequest"}
{"level":"DEBUG","location":"[get_call:140] fyersModel","message":{"Status Code":200,"API":"/positions"},"timestamp":"2025-05-16 09:49:14,576+0530","service":"FyersAPIRequest"}
{"level":"DEBUG","location":"[get_call:140] fyersModel","message":{"Status Code":200,"API":"/positions"},"timestamp":"2025-05-16 09:49:18,087+0530","service":"FyersAPIRequest"}
{"level":"DEBUG","location":"[get_call:140] fyersModel","message":{"Status Code":200,"API":"/positions"},"timestamp":"2025-05-16 09:49:21,097+0530","service":"FyersAPIRequest"}
{"level":"DEBUG","location":"[get_call:140] fyersModel","message":{"Status Code":200,"API":"/positions"},"timestamp":"2025-05-16 09:49:24,136+0530","service":"FyersAPIRequest"}
{"level":"DEBUG","location":"[get_call:140] fyersModel","message":{"Status Code":200,"API":"/positions"},"timestamp":"2025-05-16 09:49:27,156+0530","service":"FyersAPIRequest"}
{"level":"DEBUG","location":"[get_call:140] fyersModel","message":{"Status Code":200,"API":"/positions"},"timestamp":"2025-05-16 09:49:30,181+0530","service":"FyersAPIRequest"}
{"level":"DEBUG","location":"[get_call:140] fyersModel","message":{"Status Code":200,"API":"/positions"},"timestamp":"2025-05-16 09:49:33,111+0530","service":"FyersAPIRequest"}
{"level":"DEBUG","location":"[get_call:140] fyersModel","message":{"Status Code":200,"API":"/positions"},"timestamp":"2025-05-16 09:49:36,127+0530","service":"FyersAPIRequest"}
{"level":"DEBUG","location":"[get_call:140] fyersModel","message":{"Status Code":200,"API":"/positions"},"timestamp":"2025-05-16 09:49:39,160+0530","service":"FyersAPIRequest"}
{"level":"DEBUG","location":"[get_call:140] fyersModel","message":{"Status Code":200,"API":"/positions"},"timestamp":"2025-05-16 09:49:42,175+0530","service":"FyersAPIRequest"}
{"level":"DEBUG","location":"[get_call:140] fyersModel","message":{"Status Code":200,"API":"/positions"},"timestamp":"2025-05-16 09:49:45,253+0530","service":"FyersAPIRequest"}
{"level":"DEBUG","location":"[get_call:140] fyersModel","message":{"Status Code":200,"API":"/positions"},"timestamp":"2025-05-16 09:49:48,366+0530","service":"FyersAPIRequest"}
{"level":"DEBUG","location":"[get_call:140] fyersModel","message":{"Status Code":200,"API":"/positions"},"timestamp":"2025-05-16 09:49:51,456+0530","service":"FyersAPIRequest"}
{"level":"DEBUG","location":"[get_call:140] fyersModel","message":{"Status Code":200,"API":"/positions"},"timestamp":"2025-05-16 09:49:54,516+0530","service":"FyersAPIRequest"}
{"level":"DEBUG","location":"[get_call:140] fyersModel","message":{"Status Code":200,"API":"/positions"},"timestamp":"2025-05-16 09:49:58,075+0530","service":"FyersAPIRequest"}
{"level":"DEBUG","location":"[get_call:140] fyersModel","message":{"Status Code":200,"API":"/positions"},"timestamp":"2025-05-16 09:50:01,086+0530","service":"FyersAPIRequest"}
{"level":"DEBUG","location":"[get_call:140] fyersModel","message":{"Status Code":200,"API":"/positions"},"timestamp":"2025-05-16 09:50:04,140+0530","service":"FyersAPIRequest"}
{"level":"DEBUG","location":"[get_call:140] fyersModel","message":{"Status Code":200,"API":"/positions"},"timestamp":"2025-05-16 09:50:07,244+0530","service":"FyersAPIRequest"}
{"level":"DEBUG","location":"[get_call:140] fyersModel","message":{"Status Code":200,"API":"/positions"},"timestamp":"2025-05-16 09:50:10,286+0530","service":"FyersAPIRequest"}
{"level":"DEBUG","location":"[get_call:140] fyersModel","message":{"Status Code":200,"API":"/positions"},"timestamp":"2025-05-16 09:50:13,332+0530","service":"FyersAPIRequest"}
{"level":"DEBUG","location":"[get_call:140] fyersModel","message":{"Status Code":200,"API":"/positions"},"timestamp":"2025-05-16 09:50:16,838+0530","service":"FyersAPIRequest"}
{"level":"DEBUG","location":"[get_call:140] fyersModel","message":{"Status Code":200,"API":"/positions"},"timestamp":"2025-05-16 09:50:19,908+0530","service":"FyersAPIRequest"}
{"level":"DEBUG","location":"[get_call:140] fyersModel","message":{"Status Code":200,"API":"/positions"},"timestamp":"2025-05-16 09:50:22,964+0530","service":"FyersAPIRequest"}
{"level":"DEBUG","location":"[get_call:140] fyersModel","message":{"Status Code":200,"API":"/positions"},"timestamp":"2025-05-16 09:50:26,062+0530","service":"FyersAPIRequest"}
{"level":"DEBUG","location":"[get_call:140] fyersModel","message":{"Status Code":200,"API":"/positions"},"timestamp":"2025-05-16 09:50:29,104+0530","service":"FyersAPIRequest"}
{"level":"DEBUG","location":"[get_call:140] fyersModel","message":{"Status Code":200,"API":"/positions"},"timestamp":"2025-05-16 09:50:32,076+0530","service":"FyersAPIRequest"}
{"level":"DEBUG","location":"[get_call:140] fyersModel","message":{"Status Code":200,"API":"/positions"},"timestamp":"2025-05-16 09:50:35,081+0530","service":"FyersAPIRequest"}
{"level":"DEBUG","location":"[get_call:140] fyersModel","message":{"Status Code":200,"API":"/positions"},"timestamp":"2025-05-16 09:50:38,061+0530","service":"FyersAPIRequest"}
{"level":"DEBUG","location":"[get_call:140] fyersModel","message":{"Status Code":200,"API":"/positions"},"timestamp":"2025-05-16 09:50:41,030+0530","service":"FyersAPIRequest"}
{"level":"DEBUG","location":"[get_call:140] fyersModel","message":{"Status Code":200,"API":"/positions"},"timestamp":"2025-05-16 09:50:44,016+0530","service":"FyersAPIRequest"}
{"level":"DEBUG","location":"[get_call:140] fyersModel","message":{"Status Code":200,"API":"/positions"},"timestamp":"2025-05-16 09:50:47,035+0530","service":"FyersAPIRequest"}
{"level":"DEBUG","location":"[get_call:140] fyersModel","message":{"Status Code":200,"API":"/positions"},"timestamp":"2025-05-16 09:50:50,034+0530","service":"FyersAPIRequest"}
{"level":"DEBUG","location":"[get_call:140] fyersModel","message":{"Status Code":200,"API":"/positions"},"timestamp":"2025-05-16 09:50:53,060+0530","service":"FyersAPIRequest"}
{"level":"DEBUG","location":"[get_call:140] fyersModel","message":{"Status Code":200,"API":"/positions"},"timestamp":"2025-05-16 09:50:56,077+0530","service":"FyersAPIRequest"}
{"level":"DEBUG","location":"[get_call:140] fyersModel","message":{"Status Code":200,"API":"/positions"},"timestamp":"2025-05-16 09:50:59,142+0530","service":"FyersAPIRequest"}
{"level":"DEBUG","location":"[get_call:140] fyersModel","message":{"Status Code":200,"API":"/positions"},"timestamp":"2025-05-16 09:51:02,149+0530","service":"FyersAPIRequest"}
{"level":"DEBUG","location":"[get_call:140] fyersModel","message":{"Status Code":200,"API":"/positions"},"timestamp":"2025-05-16 09:51:05,178+0530","service":"FyersAPIRequest"}
{"level":"DEBUG","location":"[get_call:140] fyersModel","message":{"Status Code":200,"API":"/positions"},"timestamp":"2025-05-16 09:51:08,365+0530","service":"FyersAPIRequest"}
{"level":"DEBUG","location":"[get_call:140] fyersModel","message":{"Status Code":200,"API":"/positions"},"timestamp":"2025-05-16 09:51:11,409+0530","service":"FyersAPIRequest"}
{"level":"DEBUG","location":"[get_call:140] fyersModel","message":{"Status Code":200,"API":"/positions"},"timestamp":"2025-05-16 09:51:14,389+0530","service":"FyersAPIRequest"}
{"level":"DEBUG","location":"[get_call:140] fyersModel","message":{"Status Code":200,"API":"/positions"},"timestamp":"2025-05-16 09:51:17,390+0530","service":"FyersAPIRequest"}
{"level":"DEBUG","location":"[get_call:140] fyersModel","message":{"Status Code":200,"API":"/positions"},"timestamp":"2025-05-16 09:51:20,409+0530","service":"FyersAPIRequest"}
{"level":"DEBUG","location":"[get_call:140] fyersModel","message":{"Status Code":200,"API":"/positions"},"timestamp":"2025-05-16 09:51:23,609+0530","service":"FyersAPIRequest"}
{"level":"DEBUG","location":"[get_call:140] fyersModel","message":{"Status Code":200,"API":"/positions"},"timestamp":"2025-05-16 09:51:26,713+0530","service":"FyersAPIRequest"}
{"level":"DEBUG","location":"[get_call:140] fyersModel","message":{"Status Code":200,"API":"/positions"},"timestamp":"2025-05-16 09:51:29,812+0530","service":"FyersAPIRequest"}
{"level":"DEBUG","location":"[get_call:140] fyersModel","message":{"Status Code":200,"API":"/positions"},"timestamp":"2025-05-16 09:51:32,847+0530","service":"FyersAPIRequest"}
{"level":"DEBUG","location":"[get_call:140] fyersModel","message":{"Status Code":200,"API":"/positions"},"timestamp":"2025-05-16 09:51:35,896+0530","service":"FyersAPIRequest"}
{"level":"DEBUG","location":"[get_call:140] fyersModel","message":{"Status Code":200,"API":"/positions"},"timestamp":"2025-05-16 09:51:39,443+0530","service":"FyersAPIRequest"}
{"level":"DEBUG","location":"[get_call:140] fyersModel","message":{"Status Code":200,"API":"/positions"},"timestamp":"2025-05-16 09:51:42,494+0530","service":"FyersAPIRequest"}
{"level":"DEBUG","location":"[get_call:140] fyersModel","message":{"Status Code":200,"API":"/positions"},"timestamp":"2025-05-16 09:51:45,523+0530","service":"FyersAPIRequest"}
{"level":"DEBUG","location":"[get_call:140] fyersModel","message":{"Status Code":200,"API":"/positions"},"timestamp":"2025-05-16 09:51:48,603+0530","service":"FyersAPIRequest"}
{"level":"DEBUG","location":"[get_call:140] fyersModel","message":{"Status Code":200,"API":"/positions"},"timestamp":"2025-05-16 09:51:51,641+0530","service":"FyersAPIRequest"}
{"level":"DEBUG","location":"[get_call:140] fyersModel","message":{"Status Code":200,"API":"/positions"},"timestamp":"2025-05-16 09:51:54,699+0530","service":"FyersAPIRequest"}
{"level":"DEBUG","location":"[get_call:140] fyersModel","message":{"Status Code":200,"API":"/positions"},"timestamp":"2025-05-16 09:51:57,747+0530","service":"FyersAPIRequest"}
{"level":"DEBUG","location":"[get_call:140] fyersModel","message":{"Status Code":200,"API":"/positions"},"timestamp":"2025-05-16 09:52:00,747+0530","service":"FyersAPIRequest"}
{"level":"DEBUG","location":"[get_call:140] fyersModel","message":{"Status Code":200,"API":"/positions"},"timestamp":"2025-05-16 09:52:03,718+0530","service":"FyersAPIRequest"}
{"level":"DEBUG","location":"[get_call:140] fyersModel","message":{"Status Code":200,"API":"/positions"},"timestamp":"2025-05-16 09:52:06,723+0530","service":"FyersAPIRequest"}
{"level":"DEBUG","location":"[get_call:140] fyersModel","message":{"Status Code":200,"API":"/positions"},"timestamp":"2025-05-16 09:52:09,756+0530","service":"FyersAPIRequest"}
{"level":"DEBUG","location":"[get_call:140] fyersModel","message":{"Status Code":200,"API":"/positions"},"timestamp":"2025-05-16 09:52:12,741+0530","service":"FyersAPIRequest"}
{"level":"DEBUG","location":"[get_call:140] fyersModel","message":{"Status Code":200,"API":"/positions"},"timestamp":"2025-05-16 09:52:16,329+0530","service":"FyersAPIRequest"}
{"level":"DEBUG","location":"[get_call:140] fyersModel","message":{"Status Code":200,"API":"/positions"},"timestamp":"2025-05-16 09:52:19,838+0530","service":"FyersAPIRequest"}
{"level":"DEBUG","location":"[get_call:140] fyersModel","message":{"Status Code":200,"API":"/positions"},"timestamp":"2025-05-16 09:52:22,817+0530","service":"FyersAPIRequest"}
{"level":"DEBUG","location":"[get_call:140] fyersModel","message":{"Status Code":200,"API":"/positions"},"timestamp":"2025-05-16 09:52:25,893+0530","service":"FyersAPIRequest"}
{"level":"DEBUG","location":"[get_call:140] fyersModel","message":{"Status Code":200,"API":"/positions"},"timestamp":"2025-05-16 09:52:28,903+0530","service":"FyersAPIRequest"}
{"level":"DEBUG","location":"[get_call:140] fyersModel","message":{"Status Code":200,"API":"/positions"},"timestamp":"2025-05-16 09:52:31,391+0530","service":"FyersAPIRequest"}
{"level":"DEBUG","location":"[get_call:140] fyersModel","message":{"Status Code":200,"API":"/positions"},"timestamp":"2025-05-16 09:52:33,962+0530","service":"FyersAPIRequest"}
{"level":"DEBUG","location":"[get_call:140] fyersModel","message":{"Status Code":200,"API":"/positions"},"timestamp":"2025-05-16 09:52:36,457+0530","service":"FyersAPIRequest"}
{"level":"DEBUG","location":"[get_call:140] fyersModel","message":{"Status Code":200,"API":"/positions"},"timestamp":"2025-05-16 09:52:38,962+0530","service":"FyersAPIRequest"}
{"level":"DEBUG","location":"[get_call:140] fyersModel","message":{"Status Code":200,"API":"/positions"},"timestamp":"2025-05-16 09:52:41,472+0530","service":"FyersAPIRequest"}
{"level":"DEBUG","location":"[get_call:140] fyersModel","message":{"Status Code":200,"API":"/positions"},"timestamp":"2025-05-16 09:52:43,982+0530","service":"FyersAPIRequest"}
{"level":"DEBUG","location":"[get_call:140] fyersModel","message":{"Status Code":200,"API":"/positions"},"timestamp":"2025-05-16 09:52:46,945+0530","service":"FyersAPIRequest"}
{"level":"DEBUG","location":"[get_call:140] fyersModel","message":{"Status Code":200,"API":"/positions"},"timestamp":"2025-05-16 09:52:49,885+0530","service":"FyersAPIRequest"}
{"level":"DEBUG","location":"[get_call:140] fyersModel","message":{"Status Code":200,"API":"/positions"},"timestamp":"2025-05-16 09:52:52,895+0530","service":"FyersAPIRequest"}
{"level":"DEBUG","location":"[get_call:140] fyersModel","message":{"Status Code":200,"API":"/positions"},"timestamp":"2025-05-16 09:52:55,924+0530","service":"FyersAPIRequest"}
{"level":"DEBUG","location":"[get_call:140] fyersModel","message":{"Status Code":200,"API":"/positions"},"timestamp":"2025-05-16 09:52:59,475+0530","service":"FyersAPIRequest"}
{"level":"DEBUG","location":"[get_call:140] fyersModel","message":{"Status Code":200,"API":"/positions"},"timestamp":"2025-05-16 09:53:02,517+0530","service":"FyersAPIRequest"}
{"level":"DEBUG","location":"[get_call:140] fyersModel","message":{"Status Code":200,"API":"/positions"},"timestamp":"2025-05-16 09:53:05,464+0530","service":"FyersAPIRequest"}
{"level":"DEBUG","location":"[get_call:140] fyersModel","message":{"Status Code":200,"API":"/positions"},"timestamp":"2025-05-16 09:53:08,526+0530","service":"FyersAPIRequest"}
{"level":"DEBUG","location":"[get_call:140] fyersModel","message":{"Status Code":200,"API":"/positions"},"timestamp":"2025-05-16 09:53:11,550+0530","service":"FyersAPIRequest"}
{"level":"DEBUG","location":"[get_call:140] fyersModel","message":{"Status Code":200,"API":"/positions"},"timestamp":"2025-05-16 09:53:14,545+0530","service":"FyersAPIRequest"}
{"level":"DEBUG","location":"[get_call:140] fyersModel","message":{"Status Code":200,"API":"/positions"},"timestamp":"2025-05-16 09:53:17,615+0530","service":"FyersAPIRequest"}
{"level":"DEBUG","location":"[get_call:140] fyersModel","message":{"Status Code":200,"API":"/positions"},"timestamp":"2025-05-16 09:53:20,692+0530","service":"FyersAPIRequest"}
{"level":"DEBUG","location":"[get_call:140] fyersModel","message":{"Status Code":200,"API":"/positions"},"timestamp":"2025-05-16 09:53:23,761+0530","service":"FyersAPIRequest"}
{"level":"DEBUG","location":"[get_call:140] fyersModel","message":{"Status Code":200,"API":"/positions"},"timestamp":"2025-05-16 09:53:27,318+0530","service":"FyersAPIRequest"}
{"level":"DEBUG","location":"[get_call:140] fyersModel","message":{"Status Code":200,"API":"/positions"},"timestamp":"2025-05-16 09:53:30,383+0530","service":"FyersAPIRequest"}
{"level":"DEBUG","location":"[get_call:140] fyersModel","message":{"Status Code":200,"API":"/positions"},"timestamp":"2025-05-16 09:53:33,903+0530","service":"FyersAPIRequest"}
{"level":"DEBUG","location":"[get_call:140] fyersModel","message":{"Status Code":200,"API":"/positions"},"timestamp":"2025-05-16 09:53:36,968+0530","service":"FyersAPIRequest"}
{"level":"DEBUG","location":"[get_call:140] fyersModel","message":{"Status Code":200,"API":"/positions"},"timestamp":"2025-05-16 09:53:40,042+0530","service":"FyersAPIRequest"}
{"level":"DEBUG","location":"[get_call:140] fyersModel","message":{"Status Code":200,"API":"/positions"},"timestamp":"2025-05-16 09:53:43,148+0530","service":"FyersAPIRequest"}
{"level":"DEBUG","location":"[get_call:140] fyersModel","message":{"Status Code":200,"API":"/positions"},"timestamp":"2025-05-16 09:53:46,186+0530","service":"FyersAPIRequest"}
{"level":"DEBUG","location":"[get_call:140] fyersModel","message":{"Status Code":200,"API":"/positions"},"timestamp":"2025-05-16 09:53:49,245+0530","service":"FyersAPIRequest"}
{"level":"DEBUG","location":"[get_call:140] fyersModel","message":{"Status Code":200,"API":"/positions"},"timestamp":"2025-05-16 09:53:52,302+0530","service":"FyersAPIRequest"}
{"level":"DEBUG","location":"[get_call:140] fyersModel","message":{"Status Code":200,"API":"/positions"},"timestamp":"2025-05-16 09:53:55,370+0530","service":"FyersAPIRequest"}
{"level":"DEBUG","location":"[get_call:140] fyersModel","message":{"Status Code":200,"API":"/positions"},"timestamp":"2025-05-16 09:53:58,355+0530","service":"FyersAPIRequest"}
{"level":"DEBUG","location":"[get_call:140] fyersModel","message":{"Status Code":200,"API":"/positions"},"timestamp":"2025-05-16 09:54:01,399+0530","service":"FyersAPIRequest"}
{"level":"DEBUG","location":"[get_call:140] fyersModel","message":{"Status Code":200,"API":"/positions"},"timestamp":"2025-05-16 09:54:04,907+0530","service":"FyersAPIRequest"}
{"level":"DEBUG","location":"[get_call:140] fyersModel","message":{"Status Code":200,"API":"/positions"},"timestamp":"2025-05-16 09:54:07,966+0530","service":"FyersAPIRequest"}
{"level":"DEBUG","location":"[get_call:140] fyersModel","message":{"Status Code":200,"API":"/positions"},"timestamp":"2025-05-16 09:54:11,047+0530","service":"FyersAPIRequest"}
{"level":"DEBUG","location":"[get_call:140] fyersModel","message":{"Status Code":200,"API":"/positions"},"timestamp":"2025-05-16 09:54:14,095+0530","service":"FyersAPIRequest"}
{"level":"DEBUG","location":"[get_call:140] fyersModel","message":{"Status Code":200,"API":"/positions"},"timestamp":"2025-05-16 09:54:17,166+0530","service":"FyersAPIRequest"}
{"level":"DEBUG","location":"[get_call:140] fyersModel","message":{"Status Code":200,"API":"/positions"},"timestamp":"2025-05-16 09:54:20,229+0530","service":"FyersAPIRequest"}
{"level":"DEBUG","location":"[get_call:140] fyersModel","message":{"Status Code":200,"API":"/positions"},"timestamp":"2025-05-16 09:54:23,241+0530","service":"FyersAPIRequest"}
{"level":"DEBUG","location":"[get_call:140] fyersModel","message":{"Status Code":200,"API":"/positions"},"timestamp":"2025-05-16 09:54:26,276+0530","service":"FyersAPIRequest"}
{"level":"DEBUG","location":"[get_call:140] fyersModel","message":{"Status Code":200,"API":"/positions"},"timestamp":"2025-05-16 09:54:29,299+0530","service":"FyersAPIRequest"}
{"level":"DEBUG","location":"[get_call:140] fyersModel","message":{"Status Code":200,"API":"/positions"},"timestamp":"2025-05-16 09:54:32,137+0530","service":"FyersAPIRequest"}
{"level":"DEBUG","location":"[get_call:140] fyersModel","message":{"Status Code":200,"API":"/positions"},"timestamp":"2025-05-16 09:54:35,202+0530","service":"FyersAPIRequest"}
{"level":"DEBUG","location":"[get_call:140] fyersModel","message":{"Status Code":200,"API":"/positions"},"timestamp":"2025-05-16 09:54:38,739+0530","service":"FyersAPIRequest"}
{"level":"DEBUG","location":"[get_call:140] fyersModel","message":{"Status Code":200,"API":"/positions"},"timestamp":"2025-05-16 09:54:41,793+0530","service":"FyersAPIRequest"}
{"level":"DEBUG","location":"[get_call:140] fyersModel","message":{"Status Code":200,"API":"/positions"},"timestamp":"2025-05-16 09:54:44,839+0530","service":"FyersAPIRequest"}
{"level":"DEBUG","location":"[get_call:140] fyersModel","message":{"Status Code":200,"API":"/positions"},"timestamp":"2025-05-16 09:54:48,322+0530","service":"FyersAPIRequest"}
{"level":"DEBUG","location":"[get_call:140] fyersModel","message":{"Status Code":200,"API":"/positions"},"timestamp":"2025-05-16 09:54:51,403+0530","service":"FyersAPIRequest"}
{"level":"DEBUG","location":"[get_call:140] fyersModel","message":{"Status Code":200,"API":"/positions"},"timestamp":"2025-05-16 09:54:54,423+0530","service":"FyersAPIRequest"}
{"level":"DEBUG","location":"[get_call:140] fyersModel","message":{"Status Code":200,"API":"/positions"},"timestamp":"2025-05-16 09:54:57,456+0530","service":"FyersAPIRequest"}
{"level":"DEBUG","location":"[get_call:140] fyersModel","message":{"Status Code":200,"API":"/positions"},"timestamp":"2025-05-16 09:55:00,501+0530","service":"FyersAPIRequest"}
{"level":"DEBUG","location":"[get_call:140] fyersModel","message":{"Status Code":200,"API":"/positions"},"timestamp":"2025-05-16 09:55:03,550+0530","service":"FyersAPIRequest"}
{"level":"DEBUG","location":"[get_call:140] fyersModel","message":{"Status Code":200,"API":"/positions"},"timestamp":"2025-05-16 09:55:06,630+0530","service":"FyersAPIRequest"}
{"level":"DEBUG","location":"[get_call:140] fyersModel","message":{"Status Code":200,"API":"/positions"},"timestamp":"2025-05-16 09:55:09,694+0530","service":"FyersAPIRequest"}
{"level":"DEBUG","location":"[get_call:140] fyersModel","message":{"Status Code":200,"API":"/positions"},"timestamp":"2025-05-16 09:55:12,722+0530","service":"FyersAPIRequest"}
{"level":"DEBUG","location":"[get_call:140] fyersModel","message":{"Status Code":200,"API":"/positions"},"timestamp":"2025-05-16 09:55:15,770+0530","service":"FyersAPIRequest"}
{"level":"DEBUG","location":"[get_call:140] fyersModel","message":{"Status Code":200,"API":"/positions"},"timestamp":"2025-05-16 09:55:18,825+0530","service":"FyersAPIRequest"}
{"level":"DEBUG","location":"[get_call:140] fyersModel","message":{"Status Code":200,"API":"/positions"},"timestamp":"2025-05-16 09:55:21,907+0530","service":"FyersAPIRequest"}
{"level":"DEBUG","location":"[get_call:140] fyersModel","message":{"Status Code":200,"API":"/positions"},"timestamp":"2025-05-16 09:55:24,926+0530","service":"FyersAPIRequest"}
{"level":"DEBUG","location":"[get_call:140] fyersModel","message":{"Status Code":200,"API":"/positions"},"timestamp":"2025-05-16 09:55:28,470+0530","service":"FyersAPIRequest"}
{"level":"DEBUG","location":"[get_call:140] fyersModel","message":{"Status Code":200,"API":"/positions"},"timestamp":"2025-05-16 09:55:31,507+0530","service":"FyersAPIRequest"}
{"level":"DEBUG","location":"[get_call:140] fyersModel","message":{"Status Code":200,"API":"/positions"},"timestamp":"2025-05-16 09:55:34,567+0530","service":"FyersAPIRequest"}
{"level":"DEBUG","location":"[get_call:140] fyersModel","message":{"Status Code":200,"API":"/positions"},"timestamp":"2025-05-16 09:55:37,602+0530","service":"FyersAPIRequest"}
{"level":"DEBUG","location":"[get_call:140] fyersModel","message":{"Status Code":200,"API":"/positions"},"timestamp":"2025-05-16 09:55:40,645+0530","service":"FyersAPIRequest"}
{"level":"DEBUG","location":"[get_call:140] fyersModel","message":{"Status Code":200,"API":"/positions"},"timestamp":"2025-05-16 09:55:43,661+0530","service":"FyersAPIRequest"}
{"level":"DEBUG","location":"[get_call:140] fyersModel","message":{"Status Code":200,"API":"/positions"},"timestamp":"2025-05-16 09:55:46,699+0530","service":"FyersAPIRequest"}
{"level":"DEBUG","location":"[get_call:140] fyersModel","message":{"Status Code":200,"API":"/positions"},"timestamp":"2025-05-16 09:55:49,785+0530","service":"FyersAPIRequest"}
{"level":"DEBUG","location":"[get_call:140] fyersModel","message":{"Status Code":200,"API":"/positions"},"timestamp":"2025-05-16 09:55:52,840+0530","service":"FyersAPIRequest"}
{"level":"DEBUG","location":"[get_call:140] fyersModel","message":{"Status Code":200,"API":"/positions"},"timestamp":"2025-05-16 09:55:55,907+0530","service":"FyersAPIRequest"}
{"level":"DEBUG","location":"[get_call:140] fyersModel","message":{"Status Code":200,"API":"/positions"},"timestamp":"2025-05-16 09:55:58,970+0530","service":"FyersAPIRequest"}
{"level":"DEBUG","location":"[get_call:140] fyersModel","message":{"Status Code":200,"API":"/positions"},"timestamp":"2025-05-16 09:56:01,999+0530","service":"FyersAPIRequest"}
{"level":"DEBUG","location":"[get_call:140] fyersModel","message":{"Status Code":200,"API":"/positions"},"timestamp":"2025-05-16 09:56:05,078+0530","service":"FyersAPIRequest"}
{"level":"DEBUG","location":"[get_call:140] fyersModel","message":{"Status Code":200,"API":"/positions"},"timestamp":"2025-05-16 09:56:08,126+0530","service":"FyersAPIRequest"}
{"level":"DEBUG","location":"[get_call:140] fyersModel","message":{"Status Code":200,"API":"/positions"},"timestamp":"2025-05-16 09:56:11,111+0530","service":"FyersAPIRequest"}
{"level":"DEBUG","location":"[get_call:140] fyersModel","message":{"Status Code":200,"API":"/positions"},"timestamp":"2025-05-16 09:56:14,107+0530","service":"FyersAPIRequest"}
{"level":"DEBUG","location":"[get_call:140] fyersModel","message":{"Status Code":200,"API":"/positions"},"timestamp":"2025-05-16 09:56:17,127+0530","service":"FyersAPIRequest"}
{"level":"DEBUG","location":"[get_call:140] fyersModel","message":{"Status Code":200,"API":"/positions"},"timestamp":"2025-05-16 09:56:20,646+0530","service":"FyersAPIRequest"}
{"level":"DEBUG","location":"[get_call:140] fyersModel","message":{"Status Code":200,"API":"/positions"},"timestamp":"2025-05-16 09:56:23,569+0530","service":"FyersAPIRequest"}
{"level":"DEBUG","location":"[get_call:140] fyersModel","message":{"Status Code":200,"API":"/positions"},"timestamp":"2025-05-16 09:56:26,773+0530","service":"FyersAPIRequest"}
{"level":"DEBUG","location":"[get_call:140] fyersModel","message":{"Status Code":200,"API":"/positions"},"timestamp":"2025-05-16 09:56:30,327+0530","service":"FyersAPIRequest"}
{"level":"DEBUG","location":"[get_call:140] fyersModel","message":{"Status Code":200,"API":"/positions"},"timestamp":"2025-05-16 09:56:33,776+0530","service":"FyersAPIRequest"}
{"level":"DEBUG","location":"[get_call:140] fyersModel","message":{"Status Code":200,"API":"/positions"},"timestamp":"2025-05-16 09:56:36,775+0530","service":"FyersAPIRequest"}
{"level":"DEBUG","location":"[get_call:140] fyersModel","message":{"Status Code":200,"API":"/positions"},"timestamp":"2025-05-16 09:56:39,843+0530","service":"FyersAPIRequest"}
{"level":"DEBUG","location":"[get_call:140] fyersModel","message":{"Status Code":200,"API":"/positions"},"timestamp":"2025-05-16 09:56:42,887+0530","service":"FyersAPIRequest"}
{"level":"DEBUG","location":"[get_call:140] fyersModel","message":{"Status Code":200,"API":"/positions"},"timestamp":"2025-05-16 09:56:45,939+0530","service":"FyersAPIRequest"}
{"level":"DEBUG","location":"[get_call:140] fyersModel","message":{"Status Code":200,"API":"/positions"},"timestamp":"2025-05-16 09:56:49,005+0530","service":"FyersAPIRequest"}
{"level":"DEBUG","location":"[get_call:140] fyersModel","message":{"Status Code":200,"API":"/positions"},"timestamp":"2025-05-16 09:56:52,040+0530","service":"FyersAPIRequest"}
{"level":"DEBUG","location":"[get_call:140] fyersModel","message":{"Status Code":200,"API":"/positions"},"timestamp":"2025-05-16 09:56:55,129+0530","service":"FyersAPIRequest"}
{"level":"DEBUG","location":"[get_call:140] fyersModel","message":{"Status Code":200,"API":"/positions"},"timestamp":"2025-05-16 09:56:58,171+0530","service":"FyersAPIRequest"}
{"level":"DEBUG","location":"[get_call:140] fyersModel","message":{"Status Code":200,"API":"/positions"},"timestamp":"2025-05-16 09:57:01,209+0530","service":"FyersAPIRequest"}
{"level":"DEBUG","location":"[get_call:140] fyersModel","message":{"Status Code":200,"API":"/positions"},"timestamp":"2025-05-16 09:57:04,755+0530","service":"FyersAPIRequest"}
{"level":"DEBUG","location":"[get_call:140] fyersModel","message":{"Status Code":200,"API":"/positions"},"timestamp":"2025-05-16 09:57:07,816+0530","service":"FyersAPIRequest"}
{"level":"DEBUG","location":"[get_call:140] fyersModel","message":{"Status Code":200,"API":"/positions"},"timestamp":"2025-05-16 09:57:10,799+0530","service":"FyersAPIRequest"}
{"level":"DEBUG","location":"[get_call:140] fyersModel","message":{"Status Code":200,"API":"/positions"},"timestamp":"2025-05-16 09:57:13,741+0530","service":"FyersAPIRequest"}
{"level":"DEBUG","location":"[get_call:140] fyersModel","message":{"Status Code":200,"API":"/positions"},"timestamp":"2025-05-16 09:57:16,757+0530","service":"FyersAPIRequest"}
{"level":"DEBUG","location":"[get_call:140] fyersModel","message":{"Status Code":200,"API":"/positions"},"timestamp":"2025-05-16 09:57:19,786+0530","service":"FyersAPIRequest"}
{"level":"DEBUG","location":"[get_call:140] fyersModel","message":{"Status Code":200,"API":"/positions"},"timestamp":"2025-05-16 09:57:22,759+0530","service":"FyersAPIRequest"}
{"level":"DEBUG","location":"[get_call:140] fyersModel","message":{"Status Code":200,"API":"/positions"},"timestamp":"2025-05-16 09:57:25,731+0530","service":"FyersAPIRequest"}
{"level":"DEBUG","location":"[get_call:140] fyersModel","message":{"Status Code":200,"API":"/positions"},"timestamp":"2025-05-16 09:57:28,246+0530","service":"FyersAPIRequest"}
{"level":"DEBUG","location":"[get_call:140] fyersModel","message":{"Status Code":200,"API":"/positions"},"timestamp":"2025-05-16 09:57:30,751+0530","service":"FyersAPIRequest"}
{"level":"DEBUG","location":"[get_call:140] fyersModel","message":{"Status Code":200,"API":"/positions"},"timestamp":"2025-05-16 09:57:33,259+0530","service":"FyersAPIRequest"}
{"level":"DEBUG","location":"[get_call:140] fyersModel","message":{"Status Code":200,"API":"/positions"},"timestamp":"2025-05-16 09:57:35,765+0530","service":"FyersAPIRequest"}
{"level":"DEBUG","location":"[get_call:140] fyersModel","message":{"Status Code":200,"API":"/positions"},"timestamp":"2025-05-16 09:57:38,269+0530","service":"FyersAPIRequest"}
{"level":"DEBUG","location":"[get_call:140] fyersModel","message":{"Status Code":200,"API":"/positions"},"timestamp":"2025-05-16 09:57:40,769+0530","service":"FyersAPIRequest"}
{"level":"DEBUG","location":"[get_call:140] fyersModel","message":{"Status Code":200,"API":"/positions"},"timestamp":"2025-05-16 09:57:43,288+0530","service":"FyersAPIRequest"}
{"level":"DEBUG","location":"[get_call:140] fyersModel","message":{"Status Code":200,"API":"/positions"},"timestamp":"2025-05-16 09:57:45,847+0530","service":"FyersAPIRequest"}
{"level":"DEBUG","location":"[get_call:140] fyersModel","message":{"Status Code":200,"API":"/positions"},"timestamp":"2025-05-16 09:57:48,357+0530","service":"FyersAPIRequest"}
{"level":"DEBUG","location":"[get_call:140] fyersModel","message":{"Status Code":200,"API":"/positions"},"timestamp":"2025-05-16 09:57:50,861+0530","service":"FyersAPIRequest"}
{"level":"DEBUG","location":"[get_call:140] fyersModel","message":{"Status Code":200,"API":"/positions"},"timestamp":"2025-05-16 09:57:53,839+0530","service":"FyersAPIRequest"}
{"level":"DEBUG","location":"[get_call:140] fyersModel","message":{"Status Code":200,"API":"/positions"},"timestamp":"2025-05-16 09:57:56,351+0530","service":"FyersAPIRequest"}
{"level":"DEBUG","location":"[get_call:140] fyersModel","message":{"Status Code":200,"API":"/positions"},"timestamp":"2025-05-16 09:57:58,874+0530","service":"FyersAPIRequest"}
{"level":"DEBUG","location":"[get_call:140] fyersModel","message":{"Status Code":200,"API":"/positions"},"timestamp":"2025-05-16 09:58:01,383+0530","service":"FyersAPIRequest"}
{"level":"DEBUG","location":"[get_call:140] fyersModel","message":{"Status Code":200,"API":"/positions"},"timestamp":"2025-05-16 09:58:03,892+0530","service":"FyersAPIRequest"}
{"level":"DEBUG","location":"[get_call:140] fyersModel","message":{"Status Code":200,"API":"/positions"},"timestamp":"2025-05-16 09:58:06,398+0530","service":"FyersAPIRequest"}
{"level":"DEBUG","location":"[get_call:140] fyersModel","message":{"Status Code":200,"API":"/positions"},"timestamp":"2025-05-16 09:58:09,060+0530","service":"FyersAPIRequest"}
{"level":"DEBUG","location":"[get_call:140] fyersModel","message":{"Status Code":200,"API":"/positions"},"timestamp":"2025-05-16 09:58:12,050+0530","service":"FyersAPIRequest"}
{"level":"DEBUG","location":"[get_call:140] fyersModel","message":{"Status Code":200,"API":"/positions"},"timestamp":"2025-05-16 09:58:14,550+0530","service":"FyersAPIRequest"}
{"level":"DEBUG","location":"[get_call:140] fyersModel","message":{"Status Code":200,"API":"/positions"},"timestamp":"2025-05-16 09:58:17,079+0530","service":"FyersAPIRequest"}
{"level":"DEBUG","location":"[get_call:140] fyersModel","message":{"Status Code":200,"API":"/positions"},"timestamp":"2025-05-16 09:58:19,625+0530","service":"FyersAPIRequest"}
{"level":"DEBUG","location":"[get_call:140] fyersModel","message":{"Status Code":200,"API":"/positions"},"timestamp":"2025-05-16 09:58:22,137+0530","service":"FyersAPIRequest"}
{"level":"DEBUG","location":"[get_call:140] fyersModel","message":{"Status Code":200,"API":"/positions"},"timestamp":"2025-05-16 09:58:24,645+0530","service":"FyersAPIRequest"}
{"level":"DEBUG","location":"[get_call:140] fyersModel","message":{"Status Code":200,"API":"/positions"},"timestamp":"2025-05-16 09:58:27,146+0530","service":"FyersAPIRequest"}
{"level":"DEBUG","location":"[get_call:140] fyersModel","message":{"Status Code":200,"API":"/positions"},"timestamp":"2025-05-16 09:58:29,648+0530","service":"FyersAPIRequest"}
{"level":"DEBUG","location":"[get_call:140] fyersModel","message":{"Status Code":200,"API":"/positions"},"timestamp":"2025-05-16 09:58:32,150+0530","service":"FyersAPIRequest"}
{"level":"DEBUG","location":"[get_call:140] fyersModel","message":{"Status Code":200,"API":"/positions"},"timestamp":"2025-05-16 09:58:34,662+0530","service":"FyersAPIRequest"}
{"level":"DEBUG","location":"[get_call:140] fyersModel","message":{"Status Code":200,"API":"/positions"},"timestamp":"2025-05-16 09:58:37,175+0530","service":"FyersAPIRequest"}
{"level":"DEBUG","location":"[get_call:140] fyersModel","message":{"Status Code":200,"API":"/positions"},"timestamp":"2025-05-16 09:58:39,674+0530","service":"FyersAPIRequest"}
{"level":"DEBUG","location":"[get_call:140] fyersModel","message":{"Status Code":200,"API":"/positions"},"timestamp":"2025-05-16 09:58:42,189+0530","service":"FyersAPIRequest"}
{"level":"DEBUG","location":"[get_call:140] fyersModel","message":{"Status Code":200,"API":"/positions"},"timestamp":"2025-05-16 09:58:44,693+0530","service":"FyersAPIRequest"}
{"level":"DEBUG","location":"[get_call:140] fyersModel","message":{"Status Code":200,"API":"/positions"},"timestamp":"2025-05-16 09:58:47,186+0530","service":"FyersAPIRequest"}
{"level":"DEBUG","location":"[get_call:140] fyersModel","message":{"Status Code":200,"API":"/positions"},"timestamp":"2025-05-16 09:58:49,861+0530","service":"FyersAPIRequest"}
{"level":"DEBUG","location":"[get_call:140] fyersModel","message":{"Status Code":200,"API":"/positions"},"timestamp":"2025-05-16 09:58:52,365+0530","service":"FyersAPIRequest"}
{"level":"DEBUG","location":"[get_call:140] fyersModel","message":{"Status Code":200,"API":"/positions"},"timestamp":"2025-05-16 09:58:54,869+0530","service":"FyersAPIRequest"}
{"level":"DEBUG","location":"[get_call:140] fyersModel","message":{"Status Code":200,"API":"/positions"},"timestamp":"2025-05-16 09:58:57,378+0530","service":"FyersAPIRequest"}
{"level":"DEBUG","location":"[get_call:140] fyersModel","message":{"Status Code":200,"API":"/positions"},"timestamp":"2025-05-16 09:58:59,880+0530","service":"FyersAPIRequest"}
{"level":"DEBUG","location":"[get_call:140] fyersModel","message":{"Status Code":200,"API":"/positions"},"timestamp":"2025-05-16 09:59:02,382+0530","service":"FyersAPIRequest"}
{"level":"DEBUG","location":"[get_call:140] fyersModel","message":{"Status Code":200,"API":"/positions"},"timestamp":"2025-05-16 09:59:04,873+0530","service":"FyersAPIRequest"}
{"level":"DEBUG","location":"[get_call:140] fyersModel","message":{"Status Code":200,"API":"/positions"},"timestamp":"2025-05-16 09:59:07,384+0530","service":"FyersAPIRequest"}
{"level":"DEBUG","location":"[get_call:140] fyersModel","message":{"Status Code":200,"API":"/positions"},"timestamp":"2025-05-16 09:59:09,905+0530","service":"FyersAPIRequest"}
{"level":"DEBUG","location":"[get_call:140] fyersModel","message":{"Status Code":200,"API":"/positions"},"timestamp":"2025-05-16 09:59:12,411+0530","service":"FyersAPIRequest"}
{"level":"DEBUG","location":"[get_call:140] fyersModel","message":{"Status Code":200,"API":"/positions"},"timestamp":"2025-05-16 09:59:15,391+0530","service":"FyersAPIRequest"}
{"level":"DEBUG","location":"[get_call:140] fyersModel","message":{"Status Code":200,"API":"/positions"},"timestamp":"2025-05-16 09:59:17,888+0530","service":"FyersAPIRequest"}
{"level":"DEBUG","location":"[get_call:140] fyersModel","message":{"Status Code":200,"API":"/positions"},"timestamp":"2025-05-16 09:59:20,424+0530","service":"FyersAPIRequest"}
{"level":"DEBUG","location":"[get_call:140] fyersModel","message":{"Status Code":200,"API":"/positions"},"timestamp":"2025-05-16 09:59:22,919+0530","service":"FyersAPIRequest"}
{"level":"DEBUG","location":"[get_call:140] fyersModel","message":{"Status Code":200,"API":"/positions"},"timestamp":"2025-05-16 09:59:25,895+0530","service":"FyersAPIRequest"}
{"level":"DEBUG","location":"[get_call:140] fyersModel","message":{"Status Code":200,"API":"/positions"},"timestamp":"2025-05-16 09:59:28,408+0530","service":"FyersAPIRequest"}
{"level":"DEBUG","location":"[get_call:140] fyersModel","message":{"Status Code":200,"API":"/positions"},"timestamp":"2025-05-16 09:59:30,941+0530","service":"FyersAPIRequest"}
{"level":"DEBUG","location":"[get_call:140] fyersModel","message":{"Status Code":200,"API":"/positions"},"timestamp":"2025-05-16 09:59:33,460+0530","service":"FyersAPIRequest"}
{"level":"DEBUG","location":"[get_call:140] fyersModel","message":{"Status Code":200,"API":"/positions"},"timestamp":"2025-05-16 09:59:35,986+0530","service":"FyersAPIRequest"}
{"level":"DEBUG","location":"[get_call:140] fyersModel","message":{"Status Code":200,"API":"/positions"},"timestamp":"2025-05-16 09:59:38,499+0530","service":"FyersAPIRequest"}
{"level":"DEBUG","location":"[get_call:140] fyersModel","message":{"Status Code":200,"API":"/positions"},"timestamp":"2025-05-16 09:59:40,998+0530","service":"FyersAPIRequest"}
{"level":"DEBUG","location":"[get_call:140] fyersModel","message":{"Status Code":200,"API":"/positions"},"timestamp":"2025-05-16 09:59:43,544+0530","service":"FyersAPIRequest"}
{"level":"DEBUG","location":"[get_call:140] fyersModel","message":{"Status Code":200,"API":"/positions"},"timestamp":"2025-05-16 09:59:46,516+0530","service":"FyersAPIRequest"}
{"level":"DEBUG","location":"[get_call:140] fyersModel","message":{"Status Code":200,"API":"/positions"},"timestamp":"2025-05-16 09:59:49,014+0530","service":"FyersAPIRequest"}
{"level":"DEBUG","location":"[get_call:140] fyersModel","message":{"Status Code":200,"API":"/positions"},"timestamp":"2025-05-16 09:59:51,519+0530","service":"FyersAPIRequest"}
{"level":"DEBUG","location":"[get_call:140] fyersModel","message":{"Status Code":200,"API":"/positions"},"timestamp":"2025-05-16 09:59:54,023+0530","service":"FyersAPIRequest"}
{"level":"DEBUG","location":"[get_call:140] fyersModel","message":{"Status Code":200,"API":"/positions"},"timestamp":"2025-05-16 09:59:56,516+0530","service":"FyersAPIRequest"}
{"level":"DEBUG","location":"[get_call:140] fyersModel","message":{"Status Code":200,"API":"/positions"},"timestamp":"2025-05-16 09:59:59,008+0530","service":"FyersAPIRequest"}
{"level":"DEBUG","location":"[get_call:140] fyersModel","message":{"Status Code":200,"API":"/positions"},"timestamp":"2025-05-16 10:00:02,008+0530","service":"FyersAPIRequest"}
{"level":"DEBUG","location":"[get_call:140] fyersModel","message":{"Status Code":200,"API":"/positions"},"timestamp":"2025-05-16 10:00:04,519+0530","service":"FyersAPIRequest"}
{"level":"DEBUG","location":"[get_call:140] fyersModel","message":{"Status Code":200,"API":"/positions"},"timestamp":"2025-05-16 10:00:07,045+0530","service":"FyersAPIRequest"}
{"level":"DEBUG","location":"[get_call:140] fyersModel","message":{"Status Code":200,"API":"/positions"},"timestamp":"2025-05-16 10:00:09,547+0530","service":"FyersAPIRequest"}
{"level":"DEBUG","location":"[get_call:140] fyersModel","message":{"Status Code":200,"API":"/positions"},"timestamp":"2025-05-16 10:00:12,052+0530","service":"FyersAPIRequest"}
{"level":"DEBUG","location":"[get_call:140] fyersModel","message":{"Status Code":200,"API":"/positions"},"timestamp":"2025-05-16 10:00:15,027+0530","service":"FyersAPIRequest"}
{"level":"DEBUG","location":"[get_call:140] fyersModel","message":{"Status Code":200,"API":"/positions"},"timestamp":"2025-05-16 10:00:18,005+0530","service":"FyersAPIRequest"}
{"level":"DEBUG","location":"[get_call:140] fyersModel","message":{"Status Code":200,"API":"/positions"},"timestamp":"2025-05-16 10:00:20,528+0530","service":"FyersAPIRequest"}
{"level":"DEBUG","location":"[get_call:140] fyersModel","message":{"Status Code":200,"API":"/positions"},"timestamp":"2025-05-16 10:00:23,035+0530","service":"FyersAPIRequest"}
{"level":"DEBUG","location":"[get_call:140] fyersModel","message":{"Status Code":200,"API":"/positions"},"timestamp":"2025-05-16 10:00:25,554+0530","service":"FyersAPIRequest"}
{"level":"DEBUG","location":"[get_call:140] fyersModel","message":{"Status Code":200,"API":"/positions"},"timestamp":"2025-05-16 10:00:28,049+0530","service":"FyersAPIRequest"}
{"level":"DEBUG","location":"[get_call:140] fyersModel","message":{"Status Code":200,"API":"/positions"},"timestamp":"2025-05-16 10:00:30,564+0530","service":"FyersAPIRequest"}
{"level":"DEBUG","location":"[get_call:140] fyersModel","message":{"Status Code":200,"API":"/positions"},"timestamp":"2025-05-16 10:00:33,067+0530","service":"FyersAPIRequest"}
{"level":"DEBUG","location":"[get_call:140] fyersModel","message":{"Status Code":200,"API":"/positions"},"timestamp":"2025-05-16 10:00:35,554+0530","service":"FyersAPIRequest"}
{"level":"DEBUG","location":"[get_call:140] fyersModel","message":{"Status Code":200,"API":"/positions"},"timestamp":"2025-05-16 10:00:38,059+0530","service":"FyersAPIRequest"}
{"level":"DEBUG","location":"[get_call:140] fyersModel","message":{"Status Code":200,"API":"/positions"},"timestamp":"2025-05-16 10:00:40,558+0530","service":"FyersAPIRequest"}
{"level":"DEBUG","location":"[get_call:140] fyersModel","message":{"Status Code":200,"API":"/positions"},"timestamp":"2025-05-16 10:00:43,063+0530","service":"FyersAPIRequest"}
{"level":"DEBUG","location":"[get_call:140] fyersModel","message":{"Status Code":200,"API":"/positions"},"timestamp":"2025-05-16 10:00:45,559+0530","service":"FyersAPIRequest"}
{"level":"DEBUG","location":"[get_call:140] fyersModel","message":{"Status Code":200,"API":"/positions"},"timestamp":"2025-05-16 10:00:48,056+0530","service":"FyersAPIRequest"}
{"level":"DEBUG","location":"[get_call:140] fyersModel","message":{"Status Code":200,"API":"/positions"},"timestamp":"2025-05-16 10:00:50,565+0530","service":"FyersAPIRequest"}
{"level":"DEBUG","location":"[get_call:140] fyersModel","message":{"Status Code":200,"API":"/positions"},"timestamp":"2025-05-16 10:00:53,078+0530","service":"FyersAPIRequest"}
{"level":"DEBUG","location":"[get_call:140] fyersModel","message":{"Status Code":200,"API":"/positions"},"timestamp":"2025-05-16 10:00:55,577+0530","service":"FyersAPIRequest"}
{"level":"DEBUG","location":"[get_call:140] fyersModel","message":{"Status Code":200,"API":"/positions"},"timestamp":"2025-05-16 10:00:58,093+0530","service":"FyersAPIRequest"}
{"level":"DEBUG","location":"[get_call:140] fyersModel","message":{"Status Code":200,"API":"/positions"},"timestamp":"2025-05-16 10:01:00,600+0530","service":"FyersAPIRequest"}
{"level":"DEBUG","location":"[get_call:140] fyersModel","message":{"Status Code":200,"API":"/positions"},"timestamp":"2025-05-16 10:01:03,114+0530","service":"FyersAPIRequest"}
{"level":"DEBUG","location":"[get_call:140] fyersModel","message":{"Status Code":200,"API":"/positions"},"timestamp":"2025-05-16 10:01:05,619+0530","service":"FyersAPIRequest"}
{"level":"DEBUG","location":"[get_call:140] fyersModel","message":{"Status Code":200,"API":"/positions"},"timestamp":"2025-05-16 10:01:08,123+0530","service":"FyersAPIRequest"}
{"level":"DEBUG","location":"[get_call:140] fyersModel","message":{"Status Code":200,"API":"/positions"},"timestamp":"2025-05-16 10:01:10,626+0530","service":"FyersAPIRequest"}
{"level":"DEBUG","location":"[get_call:140] fyersModel","message":{"Status Code":200,"API":"/positions"},"timestamp":"2025-05-16 10:01:13,130+0530","service":"FyersAPIRequest"}
{"level":"DEBUG","location":"[get_call:140] fyersModel","message":{"Status Code":200,"API":"/positions"},"timestamp":"2025-05-16 10:01:15,640+0530","service":"FyersAPIRequest"}
{"level":"DEBUG","location":"[get_call:140] fyersModel","message":{"Status Code":200,"API":"/positions"},"timestamp":"2025-05-16 10:01:18,145+0530","service":"FyersAPIRequest"}
{"level":"DEBUG","location":"[get_call:140] fyersModel","message":{"Status Code":200,"API":"/positions"},"timestamp":"2025-05-16 10:01:20,661+0530","service":"FyersAPIRequest"}
{"level":"DEBUG","location":"[get_call:140] fyersModel","message":{"Status Code":200,"API":"/positions"},"timestamp":"2025-05-16 10:01:23,169+0530","service":"FyersAPIRequest"}
{"level":"DEBUG","location":"[get_call:140] fyersModel","message":{"Status Code":200,"API":"/positions"},"timestamp":"2025-05-16 10:01:25,682+0530","service":"FyersAPIRequest"}
{"level":"DEBUG","location":"[get_call:140] fyersModel","message":{"Status Code":200,"API":"/positions"},"timestamp":"2025-05-16 10:01:28,183+0530","service":"FyersAPIRequest"}
{"level":"DEBUG","location":"[get_call:140] fyersModel","message":{"Status Code":200,"API":"/positions"},"timestamp":"2025-05-16 10:01:30,670+0530","service":"FyersAPIRequest"}
{"level":"DEBUG","location":"[get_call:140] fyersModel","message":{"Status Code":200,"API":"/positions"},"timestamp":"2025-05-16 10:01:33,180+0530","service":"FyersAPIRequest"}
{"level":"DEBUG","location":"[get_call:140] fyersModel","message":{"Status Code":200,"API":"/positions"},"timestamp":"2025-05-16 10:01:35,675+0530","service":"FyersAPIRequest"}
{"level":"DEBUG","location":"[get_call:140] fyersModel","message":{"Status Code":200,"API":"/positions"},"timestamp":"2025-05-16 10:01:38,362+0530","service":"FyersAPIRequest"}
{"level":"DEBUG","location":"[get_call:140] fyersModel","message":{"Status Code":200,"API":"/positions"},"timestamp":"2025-05-16 10:01:40,890+0530","service":"FyersAPIRequest"}
{"level":"DEBUG","location":"[get_call:140] fyersModel","message":{"Status Code":200,"API":"/positions"},"timestamp":"2025-05-16 10:01:43,391+0530","service":"FyersAPIRequest"}
{"level":"DEBUG","location":"[get_call:140] fyersModel","message":{"Status Code":200,"API":"/positions"},"timestamp":"2025-05-16 10:01:45,910+0530","service":"FyersAPIRequest"}
{"level":"DEBUG","location":"[get_call:140] fyersModel","message":{"Status Code":200,"API":"/positions"},"timestamp":"2025-05-16 10:01:48,425+0530","service":"FyersAPIRequest"}
{"level":"DEBUG","location":"[get_call:140] fyersModel","message":{"Status Code":200,"API":"/positions"},"timestamp":"2025-05-16 10:01:50,972+0530","service":"FyersAPIRequest"}
{"level":"DEBUG","location":"[get_call:140] fyersModel","message":{"Status Code":200,"API":"/positions"},"timestamp":"2025-05-16 10:01:53,493+0530","service":"FyersAPIRequest"}
{"level":"DEBUG","location":"[get_call:140] fyersModel","message":{"Status Code":200,"API":"/positions"},"timestamp":"2025-05-16 10:01:56,020+0530","service":"FyersAPIRequest"}
{"level":"DEBUG","location":"[get_call:140] fyersModel","message":{"Status Code":200,"API":"/positions"},"timestamp":"2025-05-16 10:01:58,539+0530","service":"FyersAPIRequest"}
{"level":"DEBUG","location":"[get_call:140] fyersModel","message":{"Status Code":200,"API":"/positions"},"timestamp":"2025-05-16 10:02:01,066+0530","service":"FyersAPIRequest"}
{"level":"DEBUG","location":"[get_call:140] fyersModel","message":{"Status Code":200,"API":"/positions"},"timestamp":"2025-05-16 10:02:03,587+0530","service":"FyersAPIRequest"}
{"level":"DEBUG","location":"[get_call:140] fyersModel","message":{"Status Code":200,"API":"/positions"},"timestamp":"2025-05-16 10:02:06,100+0530","service":"FyersAPIRequest"}
{"level":"DEBUG","location":"[get_call:140] fyersModel","message":{"Status Code":200,"API":"/positions"},"timestamp":"2025-05-16 10:02:08,611+0530","service":"FyersAPIRequest"}
{"level":"DEBUG","location":"[get_call:140] fyersModel","message":{"Status Code":200,"API":"/positions"},"timestamp":"2025-05-16 10:02:11,577+0530","service":"FyersAPIRequest"}
{"level":"DEBUG","location":"[get_call:140] fyersModel","message":{"Status Code":200,"API":"/positions"},"timestamp":"2025-05-16 10:02:14,087+0530","service":"FyersAPIRequest"}
{"level":"DEBUG","location":"[get_call:140] fyersModel","message":{"Status Code":200,"API":"/positions"},"timestamp":"2025-05-16 10:02:16,598+0530","service":"FyersAPIRequest"}
{"level":"DEBUG","location":"[get_call:140] fyersModel","message":{"Status Code":200,"API":"/positions"},"timestamp":"2025-05-16 10:02:19,568+0530","service":"FyersAPIRequest"}
{"level":"DEBUG","location":"[get_call:140] fyersModel","message":{"Status Code":200,"API":"/positions"},"timestamp":"2025-05-16 10:02:22,072+0530","service":"FyersAPIRequest"}
{"level":"DEBUG","location":"[get_call:140] fyersModel","message":{"Status Code":200,"API":"/positions"},"timestamp":"2025-05-16 10:02:24,578+0530","service":"FyersAPIRequest"}
{"level":"DEBUG","location":"[get_call:140] fyersModel","message":{"Status Code":200,"API":"/positions"},"timestamp":"2025-05-16 10:02:27,076+0530","service":"FyersAPIRequest"}
{"level":"DEBUG","location":"[get_call:140] fyersModel","message":{"Status Code":200,"API":"/positions"},"timestamp":"2025-05-16 10:02:29,625+0530","service":"FyersAPIRequest"}
{"level":"DEBUG","location":"[get_call:140] fyersModel","message":{"Status Code":200,"API":"/positions"},"timestamp":"2025-05-16 10:02:32,133+0530","service":"FyersAPIRequest"}
{"level":"DEBUG","location":"[get_call:140] fyersModel","message":{"Status Code":200,"API":"/positions"},"timestamp":"2025-05-16 10:02:34,646+0530","service":"FyersAPIRequest"}
{"level":"DEBUG","location":"[get_call:140] fyersModel","message":{"Status Code":200,"API":"/positions"},"timestamp":"2025-05-16 10:02:37,164+0530","service":"FyersAPIRequest"}
{"level":"DEBUG","location":"[get_call:140] fyersModel","message":{"Status Code":200,"API":"/positions"},"timestamp":"2025-05-16 10:02:39,702+0530","service":"FyersAPIRequest"}
{"level":"DEBUG","location":"[get_call:140] fyersModel","message":{"Status Code":200,"API":"/positions"},"timestamp":"2025-05-16 10:02:42,227+0530","service":"FyersAPIRequest"}
{"level":"DEBUG","location":"[get_call:140] fyersModel","message":{"Status Code":200,"API":"/positions"},"timestamp":"2025-05-16 10:02:44,742+0530","service":"FyersAPIRequest"}
{"level":"DEBUG","location":"[get_call:140] fyersModel","message":{"Status Code":200,"API":"/positions"},"timestamp":"2025-05-16 10:02:47,247+0530","service":"FyersAPIRequest"}
{"level":"DEBUG","location":"[get_call:140] fyersModel","message":{"Status Code":200,"API":"/positions"},"timestamp":"2025-05-16 10:02:49,758+0530","service":"FyersAPIRequest"}
{"level":"DEBUG","location":"[get_call:140] fyersModel","message":{"Status Code":200,"API":"/positions"},"timestamp":"2025-05-16 10:02:52,263+0530","service":"FyersAPIRequest"}
{"level":"DEBUG","location":"[get_call:140] fyersModel","message":{"Status Code":200,"API":"/positions"},"timestamp":"2025-05-16 10:02:54,766+0530","service":"FyersAPIRequest"}
{"level":"DEBUG","location":"[get_call:140] fyersModel","message":{"Status Code":200,"API":"/positions"},"timestamp":"2025-05-16 10:02:57,267+0530","service":"FyersAPIRequest"}
{"level":"DEBUG","location":"[get_call:140] fyersModel","message":{"Status Code":200,"API":"/positions"},"timestamp":"2025-05-16 10:02:59,785+0530","service":"FyersAPIRequest"}
{"level":"DEBUG","location":"[get_call:140] fyersModel","message":{"Status Code":200,"API":"/positions"},"timestamp":"2025-05-16 10:03:02,281+0530","service":"FyersAPIRequest"}
{"level":"DEBUG","location":"[get_call:140] fyersModel","message":{"Status Code":200,"API":"/positions"},"timestamp":"2025-05-16 10:03:04,786+0530","service":"FyersAPIRequest"}
{"level":"DEBUG","location":"[get_call:140] fyersModel","message":{"Status Code":200,"API":"/positions"},"timestamp":"2025-05-16 10:03:07,297+0530","service":"FyersAPIRequest"}
{"level":"DEBUG","location":"[get_call:140] fyersModel","message":{"Status Code":200,"API":"/positions"},"timestamp":"2025-05-16 10:03:09,798+0530","service":"FyersAPIRequest"}
{"level":"DEBUG","location":"[get_call:140] fyersModel","message":{"Status Code":200,"API":"/positions"},"timestamp":"2025-05-16 10:03:12,306+0530","service":"FyersAPIRequest"}
{"level":"DEBUG","location":"[get_call:140] fyersModel","message":{"Status Code":200,"API":"/positions"},"timestamp":"2025-05-16 10:03:14,858+0530","service":"FyersAPIRequest"}
{"level":"DEBUG","location":"[get_call:140] fyersModel","message":{"Status Code":200,"API":"/positions"},"timestamp":"2025-05-16 10:03:17,358+0530","service":"FyersAPIRequest"}
{"level":"DEBUG","location":"[get_call:140] fyersModel","message":{"Status Code":200,"API":"/positions"},"timestamp":"2025-05-16 10:03:19,866+0530","service":"FyersAPIRequest"}
{"level":"DEBUG","location":"[get_call:140] fyersModel","message":{"Status Code":200,"API":"/positions"},"timestamp":"2025-05-16 10:03:22,392+0530","service":"FyersAPIRequest"}
{"level":"DEBUG","location":"[get_call:140] fyersModel","message":{"Status Code":200,"API":"/positions"},"timestamp":"2025-05-16 10:03:24,889+0530","service":"FyersAPIRequest"}
{"level":"DEBUG","location":"[get_call:140] fyersModel","message":{"Status Code":200,"API":"/positions"},"timestamp":"2025-05-16 10:03:27,876+0530","service":"FyersAPIRequest"}
{"level":"DEBUG","location":"[get_call:140] fyersModel","message":{"Status Code":200,"API":"/positions"},"timestamp":"2025-05-16 10:03:30,435+0530","service":"FyersAPIRequest"}
{"level":"DEBUG","location":"[get_call:140] fyersModel","message":{"Status Code":200,"API":"/positions"},"timestamp":"2025-05-16 10:03:33,029+0530","service":"FyersAPIRequest"}
{"level":"DEBUG","location":"[get_call:140] fyersModel","message":{"Status Code":200,"API":"/positions"},"timestamp":"2025-05-16 10:03:36,016+0530","service":"FyersAPIRequest"}
{"level":"DEBUG","location":"[get_call:140] fyersModel","message":{"Status Code":200,"API":"/positions"},"timestamp":"2025-05-16 10:03:38,532+0530","service":"FyersAPIRequest"}
{"level":"DEBUG","location":"[get_call:140] fyersModel","message":{"Status Code":200,"API":"/positions"},"timestamp":"2025-05-16 10:03:41,040+0530","service":"FyersAPIRequest"}
{"level":"DEBUG","location":"[get_call:140] fyersModel","message":{"Status Code":200,"API":"/positions"},"timestamp":"2025-05-16 10:03:43,546+0530","service":"FyersAPIRequest"}
{"level":"DEBUG","location":"[get_call:140] fyersModel","message":{"Status Code":200,"API":"/positions"},"timestamp":"2025-05-16 10:03:46,052+0530","service":"FyersAPIRequest"}
{"level":"DEBUG","location":"[get_call:140] fyersModel","message":{"Status Code":200,"API":"/positions"},"timestamp":"2025-05-16 10:03:48,552+0530","service":"FyersAPIRequest"}
{"level":"DEBUG","location":"[get_call:140] fyersModel","message":{"Status Code":200,"API":"/positions"},"timestamp":"2025-05-16 10:03:51,060+0530","service":"FyersAPIRequest"}
{"level":"DEBUG","location":"[get_call:140] fyersModel","message":{"Status Code":200,"API":"/positions"},"timestamp":"2025-05-16 10:03:53,560+0530","service":"FyersAPIRequest"}
{"level":"DEBUG","location":"[get_call:140] fyersModel","message":{"Status Code":200,"API":"/positions"},"timestamp":"2025-05-16 10:03:56,068+0530","service":"FyersAPIRequest"}
{"level":"DEBUG","location":"[get_call:140] fyersModel","message":{"Status Code":200,"API":"/positions"},"timestamp":"2025-05-16 10:03:58,592+0530","service":"FyersAPIRequest"}
{"level":"DEBUG","location":"[get_call:140] fyersModel","message":{"Status Code":200,"API":"/positions"},"timestamp":"2025-05-16 10:04:01,112+0530","service":"FyersAPIRequest"}
{"level":"DEBUG","location":"[get_call:140] fyersModel","message":{"Status Code":200,"API":"/positions"},"timestamp":"2025-05-16 10:04:03,608+0530","service":"FyersAPIRequest"}
{"level":"DEBUG","location":"[get_call:140] fyersModel","message":{"Status Code":200,"API":"/positions"},"timestamp":"2025-05-16 10:04:06,108+0530","service":"FyersAPIRequest"}
{"level":"DEBUG","location":"[get_call:140] fyersModel","message":{"Status Code":200,"API":"/positions"},"timestamp":"2025-05-16 10:04:08,615+0530","service":"FyersAPIRequest"}
{"level":"DEBUG","location":"[get_call:140] fyersModel","message":{"Status Code":200,"API":"/positions"},"timestamp":"2025-05-16 10:04:11,115+0530","service":"FyersAPIRequest"}
{"level":"DEBUG","location":"[get_call:140] fyersModel","message":{"Status Code":200,"API":"/positions"},"timestamp":"2025-05-16 10:04:13,620+0530","service":"FyersAPIRequest"}
{"level":"DEBUG","location":"[get_call:140] fyersModel","message":{"Status Code":200,"API":"/positions"},"timestamp":"2025-05-16 10:04:16,125+0530","service":"FyersAPIRequest"}
{"level":"DEBUG","location":"[get_call:140] fyersModel","message":{"Status Code":200,"API":"/positions"},"timestamp":"2025-05-16 10:04:18,616+0530","service":"FyersAPIRequest"}
{"level":"DEBUG","location":"[get_call:140] fyersModel","message":{"Status Code":200,"API":"/positions"},"timestamp":"2025-05-16 10:04:21,127+0530","service":"FyersAPIRequest"}
{"level":"DEBUG","location":"[get_call:140] fyersModel","message":{"Status Code":200,"API":"/positions"},"timestamp":"2025-05-16 10:04:23,624+0530","service":"FyersAPIRequest"}
{"level":"DEBUG","location":"[get_call:140] fyersModel","message":{"Status Code":200,"API":"/positions"},"timestamp":"2025-05-16 10:04:26,128+0530","service":"FyersAPIRequest"}
{"level":"DEBUG","location":"[get_call:140] fyersModel","message":{"Status Code":200,"API":"/positions"},"timestamp":"2025-05-16 10:04:28,630+0530","service":"FyersAPIRequest"}
{"level":"DEBUG","location":"[get_call:140] fyersModel","message":{"Status Code":200,"API":"/positions"},"timestamp":"2025-05-16 10:04:31,132+0530","service":"FyersAPIRequest"}
{"level":"DEBUG","location":"[get_call:140] fyersModel","message":{"Status Code":200,"API":"/positions"},"timestamp":"2025-05-16 10:04:33,640+0530","service":"FyersAPIRequest"}
{"level":"DEBUG","location":"[get_call:140] fyersModel","message":{"Status Code":200,"API":"/positions"},"timestamp":"2025-05-16 10:04:36,151+0530","service":"FyersAPIRequest"}
{"level":"DEBUG","location":"[get_call:140] fyersModel","message":{"Status Code":200,"API":"/positions"},"timestamp":"2025-05-16 10:04:38,655+0530","service":"FyersAPIRequest"}
{"level":"DEBUG","location":"[get_call:140] fyersModel","message":{"Status Code":200,"API":"/positions"},"timestamp":"2025-05-16 10:04:41,157+0530","service":"FyersAPIRequest"}
{"level":"DEBUG","location":"[get_call:140] fyersModel","message":{"Status Code":200,"API":"/positions"},"timestamp":"2025-05-16 10:04:43,666+0530","service":"FyersAPIRequest"}
{"level":"DEBUG","location":"[get_call:140] fyersModel","message":{"Status Code":200,"API":"/positions"},"timestamp":"2025-05-16 10:04:46,173+0530","service":"FyersAPIRequest"}
{"level":"DEBUG","location":"[get_call:140] fyersModel","message":{"Status Code":200,"API":"/positions"},"timestamp":"2025-05-16 10:04:48,662+0530","service":"FyersAPIRequest"}
{"level":"DEBUG","location":"[get_call:140] fyersModel","message":{"Status Code":200,"API":"/positions"},"timestamp":"2025-05-16 10:04:51,178+0530","service":"FyersAPIRequest"}
{"level":"DEBUG","location":"[get_call:140] fyersModel","message":{"Status Code":200,"API":"/positions"},"timestamp":"2025-05-16 10:04:53,685+0530","service":"FyersAPIRequest"}
{"level":"DEBUG","location":"[get_call:140] fyersModel","message":{"Status Code":200,"API":"/positions"},"timestamp":"2025-05-16 10:04:56,180+0530","service":"FyersAPIRequest"}
{"level":"DEBUG","location":"[get_call:140] fyersModel","message":{"Status Code":200,"API":"/positions"},"timestamp":"2025-05-16 10:04:58,677+0530","service":"FyersAPIRequest"}
{"level":"DEBUG","location":"[get_call:140] fyersModel","message":{"Status Code":200,"API":"/positions"},"timestamp":"2025-05-16 10:05:01,181+0530","service":"FyersAPIRequest"}
{"level":"DEBUG","location":"[get_call:140] fyersModel","message":{"Status Code":200,"API":"/positions"},"timestamp":"2025-05-16 10:05:03,679+0530","service":"FyersAPIRequest"}
{"level":"DEBUG","location":"[get_call:140] fyersModel","message":{"Status Code":200,"API":"/positions"},"timestamp":"2025-05-16 10:05:06,183+0530","service":"FyersAPIRequest"}
{"level":"DEBUG","location":"[get_call:140] fyersModel","message":{"Status Code":200,"API":"/positions"},"timestamp":"2025-05-16 10:05:08,851+0530","service":"FyersAPIRequest"}
{"level":"DEBUG","location":"[get_call:140] fyersModel","message":{"Status Code":200,"API":"/positions"},"timestamp":"2025-05-16 10:05:11,821+0530","service":"FyersAPIRequest"}
{"level":"DEBUG","location":"[get_call:140] fyersModel","message":{"Status Code":200,"API":"/positions"},"timestamp":"2025-05-16 10:05:14,800+0530","service":"FyersAPIRequest"}
{"level":"DEBUG","location":"[get_call:140] fyersModel","message":{"Status Code":200,"API":"/positions"},"timestamp":"2025-05-16 10:05:17,782+0530","service":"FyersAPIRequest"}
{"level":"DEBUG","location":"[get_call:140] fyersModel","message":{"Status Code":200,"API":"/positions"},"timestamp":"2025-05-16 10:05:20,759+0530","service":"FyersAPIRequest"}
{"level":"DEBUG","location":"[get_call:140] fyersModel","message":{"Status Code":200,"API":"/positions"},"timestamp":"2025-05-16 10:05:23,278+0530","service":"FyersAPIRequest"}
{"level":"DEBUG","location":"[get_call:140] fyersModel","message":{"Status Code":200,"API":"/positions"},"timestamp":"2025-05-16 10:05:25,770+0530","service":"FyersAPIRequest"}
{"level":"DEBUG","location":"[get_call:140] fyersModel","message":{"Status Code":200,"API":"/positions"},"timestamp":"2025-05-16 10:05:28,271+0530","service":"FyersAPIRequest"}
{"level":"DEBUG","location":"[get_call:140] fyersModel","message":{"Status Code":200,"API":"/positions"},"timestamp":"2025-05-16 10:05:31,258+0530","service":"FyersAPIRequest"}
{"level":"DEBUG","location":"[get_call:140] fyersModel","message":{"Status Code":200,"API":"/positions"},"timestamp":"2025-05-16 10:05:33,776+0530","service":"FyersAPIRequest"}
{"level":"DEBUG","location":"[get_call:140] fyersModel","message":{"Status Code":200,"API":"/positions"},"timestamp":"2025-05-16 10:05:36,316+0530","service":"FyersAPIRequest"}
{"level":"DEBUG","location":"[get_call:140] fyersModel","message":{"Status Code":200,"API":"/positions"},"timestamp":"2025-05-16 10:05:38,820+0530","service":"FyersAPIRequest"}
{"level":"DEBUG","location":"[get_call:140] fyersModel","message":{"Status Code":200,"API":"/positions"},"timestamp":"2025-05-16 10:05:41,315+0530","service":"FyersAPIRequest"}
{"level":"DEBUG","location":"[get_call:140] fyersModel","message":{"Status Code":200,"API":"/positions"},"timestamp":"2025-05-16 10:05:43,826+0530","service":"FyersAPIRequest"}
{"level":"DEBUG","location":"[get_call:140] fyersModel","message":{"Status Code":200,"API":"/positions"},"timestamp":"2025-05-16 10:05:46,338+0530","service":"FyersAPIRequest"}
{"level":"DEBUG","location":"[get_call:140] fyersModel","message":{"Status Code":200,"API":"/positions"},"timestamp":"2025-05-16 10:05:48,836+0530","service":"FyersAPIRequest"}
{"level":"DEBUG","location":"[get_call:140] fyersModel","message":{"Status Code":200,"API":"/positions"},"timestamp":"2025-05-16 10:05:51,333+0530","service":"FyersAPIRequest"}
{"level":"DEBUG","location":"[get_call:140] fyersModel","message":{"Status Code":200,"API":"/positions"},"timestamp":"2025-05-16 10:05:53,833+0530","service":"FyersAPIRequest"}
{"level":"DEBUG","location":"[get_call:140] fyersModel","message":{"Status Code":200,"API":"/positions"},"timestamp":"2025-05-16 10:05:56,335+0530","service":"FyersAPIRequest"}
{"level":"DEBUG","location":"[get_call:140] fyersModel","message":{"Status Code":200,"API":"/positions"},"timestamp":"2025-05-16 10:05:58,836+0530","service":"FyersAPIRequest"}
{"level":"DEBUG","location":"[get_call:140] fyersModel","message":{"Status Code":200,"API":"/positions"},"timestamp":"2025-05-16 10:06:01,351+0530","service":"FyersAPIRequest"}
{"level":"DEBUG","location":"[get_call:140] fyersModel","message":{"Status Code":200,"API":"/positions"},"timestamp":"2025-05-16 10:06:03,861+0530","service":"FyersAPIRequest"}
{"level":"DEBUG","location":"[get_call:140] fyersModel","message":{"Status Code":200,"API":"/positions"},"timestamp":"2025-05-16 10:06:06,372+0530","service":"FyersAPIRequest"}
{"level":"DEBUG","location":"[get_call:140] fyersModel","message":{"Status Code":200,"API":"/positions"},"timestamp":"2025-05-16 10:06:08,887+0530","service":"FyersAPIRequest"}
{"level":"DEBUG","location":"[get_call:140] fyersModel","message":{"Status Code":200,"API":"/positions"},"timestamp":"2025-05-16 10:06:11,396+0530","service":"FyersAPIRequest"}
{"level":"DEBUG","location":"[get_call:140] fyersModel","message":{"Status Code":200,"API":"/positions"},"timestamp":"2025-05-16 10:06:14,103+0530","service":"FyersAPIRequest"}
{"level":"DEBUG","location":"[get_call:140] fyersModel","message":{"Status Code":200,"API":"/positions"},"timestamp":"2025-05-16 10:06:16,617+0530","service":"FyersAPIRequest"}
{"level":"DEBUG","location":"[get_call:140] fyersModel","message":{"Status Code":200,"API":"/positions"},"timestamp":"2025-05-16 10:06:19,128+0530","service":"FyersAPIRequest"}
{"level":"DEBUG","location":"[get_call:140] fyersModel","message":{"Status Code":200,"API":"/positions"},"timestamp":"2025-05-16 10:06:21,638+0530","service":"FyersAPIRequest"}
{"level":"DEBUG","location":"[get_call:140] fyersModel","message":{"Status Code":200,"API":"/positions"},"timestamp":"2025-05-16 10:06:24,146+0530","service":"FyersAPIRequest"}
{"level":"DEBUG","location":"[get_call:140] fyersModel","message":{"Status Code":200,"API":"/positions"},"timestamp":"2025-05-16 10:06:26,653+0530","service":"FyersAPIRequest"}
{"level":"DEBUG","location":"[get_call:140] fyersModel","message":{"Status Code":200,"API":"/positions"},"timestamp":"2025-05-16 10:06:29,167+0530","service":"FyersAPIRequest"}
{"level":"DEBUG","location":"[get_call:140] fyersModel","message":{"Status Code":200,"API":"/positions"},"timestamp":"2025-05-16 10:06:31,665+0530","service":"FyersAPIRequest"}
{"level":"DEBUG","location":"[get_call:140] fyersModel","message":{"Status Code":200,"API":"/positions"},"timestamp":"2025-05-16 10:06:34,280+0530","service":"FyersAPIRequest"}
{"level":"DEBUG","location":"[get_call:140] fyersModel","message":{"Status Code":200,"API":"/positions"},"timestamp":"2025-05-16 10:06:36,785+0530","service":"FyersAPIRequest"}
{"level":"DEBUG","location":"[get_call:140] fyersModel","message":{"Status Code":200,"API":"/positions"},"timestamp":"2025-05-16 10:06:39,289+0530","service":"FyersAPIRequest"}
{"level":"DEBUG","location":"[get_call:140] fyersModel","message":{"Status Code":200,"API":"/positions"},"timestamp":"2025-05-16 10:06:41,815+0530","service":"FyersAPIRequest"}
{"level":"DEBUG","location":"[get_call:140] fyersModel","message":{"Status Code":200,"API":"/positions"},"timestamp":"2025-05-16 10:06:44,329+0530","service":"FyersAPIRequest"}
{"level":"DEBUG","location":"[get_call:140] fyersModel","message":{"Status Code":200,"API":"/positions"},"timestamp":"2025-05-16 10:06:46,849+0530","service":"FyersAPIRequest"}
{"level":"DEBUG","location":"[get_call:140] fyersModel","message":{"Status Code":200,"API":"/positions"},"timestamp":"2025-05-16 10:06:49,359+0530","service":"FyersAPIRequest"}
{"level":"DEBUG","location":"[get_call:140] fyersModel","message":{"Status Code":200,"API":"/positions"},"timestamp":"2025-05-16 10:06:51,867+0530","service":"FyersAPIRequest"}
{"level":"DEBUG","location":"[get_call:140] fyersModel","message":{"Status Code":200,"API":"/positions"},"timestamp":"2025-05-16 10:06:54,376+0530","service":"FyersAPIRequest"}
{"level":"DEBUG","location":"[get_call:140] fyersModel","message":{"Status Code":200,"API":"/positions"},"timestamp":"2025-05-16 10:06:56,892+0530","service":"FyersAPIRequest"}
{"level":"DEBUG","location":"[get_call:140] fyersModel","message":{"Status Code":200,"API":"/positions"},"timestamp":"2025-05-16 10:06:59,389+0530","service":"FyersAPIRequest"}
{"level":"DEBUG","location":"[get_call:140] fyersModel","message":{"Status Code":200,"API":"/positions"},"timestamp":"2025-05-16 10:07:01,891+0530","service":"FyersAPIRequest"}
{"level":"DEBUG","location":"[get_call:140] fyersModel","message":{"Status Code":200,"API":"/positions"},"timestamp":"2025-05-16 10:07:04,407+0530","service":"FyersAPIRequest"}
{"level":"DEBUG","location":"[get_call:140] fyersModel","message":{"Status Code":200,"API":"/positions"},"timestamp":"2025-05-16 10:07:06,908+0530","service":"FyersAPIRequest"}
{"level":"DEBUG","location":"[get_call:140] fyersModel","message":{"Status Code":200,"API":"/positions"},"timestamp":"2025-05-16 10:07:09,423+0530","service":"FyersAPIRequest"}
{"level":"DEBUG","location":"[get_call:140] fyersModel","message":{"Status Code":200,"API":"/positions"},"timestamp":"2025-05-16 10:07:11,920+0530","service":"FyersAPIRequest"}
{"level":"DEBUG","location":"[get_call:140] fyersModel","message":{"Status Code":200,"API":"/positions"},"timestamp":"2025-05-16 10:07:14,421+0530","service":"FyersAPIRequest"}
{"level":"DEBUG","location":"[get_call:140] fyersModel","message":{"Status Code":200,"API":"/positions"},"timestamp":"2025-05-16 10:07:17,408+0530","service":"FyersAPIRequest"}
{"level":"DEBUG","location":"[get_call:140] fyersModel","message":{"Status Code":200,"API":"/positions"},"timestamp":"2025-05-16 10:07:19,924+0530","service":"FyersAPIRequest"}
{"level":"DEBUG","location":"[get_call:140] fyersModel","message":{"Status Code":200,"API":"/positions"},"timestamp":"2025-05-16 10:07:22,419+0530","service":"FyersAPIRequest"}
{"level":"DEBUG","location":"[get_call:140] fyersModel","message":{"Status Code":200,"API":"/positions"},"timestamp":"2025-05-16 10:07:25,014+0530","service":"FyersAPIRequest"}
{"level":"DEBUG","location":"[get_call:140] fyersModel","message":{"Status Code":200,"API":"/positions"},"timestamp":"2025-05-16 10:07:27,524+0530","service":"FyersAPIRequest"}
{"level":"DEBUG","location":"[get_call:140] fyersModel","message":{"Status Code":200,"API":"/positions"},"timestamp":"2025-05-16 10:07:30,023+0530","service":"FyersAPIRequest"}
{"level":"DEBUG","location":"[get_call:140] fyersModel","message":{"Status Code":200,"API":"/positions"},"timestamp":"2025-05-16 10:07:32,520+0530","service":"FyersAPIRequest"}
{"level":"DEBUG","location":"[get_call:140] fyersModel","message":{"Status Code":200,"API":"/positions"},"timestamp":"2025-05-16 10:07:35,516+0530","service":"FyersAPIRequest"}
{"level":"DEBUG","location":"[get_call:140] fyersModel","message":{"Status Code":200,"API":"/positions"},"timestamp":"2025-05-16 10:07:38,043+0530","service":"FyersAPIRequest"}
{"level":"DEBUG","location":"[get_call:140] fyersModel","message":{"Status Code":200,"API":"/positions"},"timestamp":"2025-05-16 10:07:40,545+0530","service":"FyersAPIRequest"}
{"level":"DEBUG","location":"[get_call:140] fyersModel","message":{"Status Code":200,"API":"/positions"},"timestamp":"2025-05-16 10:07:43,062+0530","service":"FyersAPIRequest"}
{"level":"DEBUG","location":"[get_call:140] fyersModel","message":{"Status Code":200,"API":"/positions"},"timestamp":"2025-05-16 10:07:45,564+0530","service":"FyersAPIRequest"}
{"level":"DEBUG","location":"[get_call:140] fyersModel","message":{"Status Code":200,"API":"/positions"},"timestamp":"2025-05-16 10:07:48,083+0530","service":"FyersAPIRequest"}
{"level":"DEBUG","location":"[get_call:140] fyersModel","message":{"Status Code":200,"API":"/positions"},"timestamp":"2025-05-16 10:07:50,577+0530","service":"FyersAPIRequest"}
{"level":"DEBUG","location":"[get_call:140] fyersModel","message":{"Status Code":200,"API":"/positions"},"timestamp":"2025-05-16 10:07:53,103+0530","service":"FyersAPIRequest"}
{"level":"DEBUG","location":"[get_call:140] fyersModel","message":{"Status Code":200,"API":"/positions"},"timestamp":"2025-05-16 10:07:55,600+0530","service":"FyersAPIRequest"}
{"level":"DEBUG","location":"[get_call:140] fyersModel","message":{"Status Code":200,"API":"/positions"},"timestamp":"2025-05-16 10:07:58,561+0530","service":"FyersAPIRequest"}
{"level":"DEBUG","location":"[get_call:140] fyersModel","message":{"Status Code":200,"API":"/positions"},"timestamp":"2025-05-16 10:08:01,067+0530","service":"FyersAPIRequest"}
{"level":"DEBUG","location":"[get_call:140] fyersModel","message":{"Status Code":200,"API":"/positions"},"timestamp":"2025-05-16 10:08:04,075+0530","service":"FyersAPIRequest"}
{"level":"DEBUG","location":"[get_call:140] fyersModel","message":{"Status Code":200,"API":"/positions"},"timestamp":"2025-05-16 10:08:07,059+0530","service":"FyersAPIRequest"}
{"level":"DEBUG","location":"[get_call:140] fyersModel","message":{"Status Code":200,"API":"/positions"},"timestamp":"2025-05-16 10:08:09,562+0530","service":"FyersAPIRequest"}
{"level":"DEBUG","location":"[get_call:140] fyersModel","message":{"Status Code":200,"API":"/positions"},"timestamp":"2025-05-16 10:08:12,078+0530","service":"FyersAPIRequest"}
{"level":"DEBUG","location":"[get_call:140] fyersModel","message":{"Status Code":200,"API":"/positions"},"timestamp":"2025-05-16 10:08:14,569+0530","service":"FyersAPIRequest"}
{"level":"DEBUG","location":"[get_call:140] fyersModel","message":{"Status Code":200,"API":"/positions"},"timestamp":"2025-05-16 10:08:17,082+0530","service":"FyersAPIRequest"}
{"level":"DEBUG","location":"[get_call:140] fyersModel","message":{"Status Code":200,"API":"/positions"},"timestamp":"2025-05-16 10:08:19,581+0530","service":"FyersAPIRequest"}
{"level":"DEBUG","location":"[get_call:140] fyersModel","message":{"Status Code":200,"API":"/positions"},"timestamp":"2025-05-16 10:08:22,121+0530","service":"FyersAPIRequest"}
{"level":"DEBUG","location":"[get_call:140] fyersModel","message":{"Status Code":200,"API":"/positions"},"timestamp":"2025-05-16 10:08:24,642+0530","service":"FyersAPIRequest"}
{"level":"DEBUG","location":"[get_call:140] fyersModel","message":{"Status Code":200,"API":"/positions"},"timestamp":"2025-05-16 10:08:27,131+0530","service":"FyersAPIRequest"}
{"level":"DEBUG","location":"[get_call:140] fyersModel","message":{"Status Code":200,"API":"/positions"},"timestamp":"2025-05-16 10:08:29,644+0530","service":"FyersAPIRequest"}
{"level":"DEBUG","location":"[get_call:140] fyersModel","message":{"Status Code":200,"API":"/positions"},"timestamp":"2025-05-16 10:08:32,147+0530","service":"FyersAPIRequest"}
{"level":"DEBUG","location":"[get_call:140] fyersModel","message":{"Status Code":200,"API":"/positions"},"timestamp":"2025-05-16 10:08:34,670+0530","service":"FyersAPIRequest"}
{"level":"DEBUG","location":"[get_call:140] fyersModel","message":{"Status Code":200,"API":"/positions"},"timestamp":"2025-05-16 10:08:37,185+0530","service":"FyersAPIRequest"}
{"level":"DEBUG","location":"[get_call:140] fyersModel","message":{"Status Code":200,"API":"/positions"},"timestamp":"2025-05-16 10:08:39,690+0530","service":"FyersAPIRequest"}
{"level":"DEBUG","location":"[get_call:140] fyersModel","message":{"Status Code":200,"API":"/positions"},"timestamp":"2025-05-16 10:08:42,190+0530","service":"FyersAPIRequest"}
{"level":"DEBUG","location":"[get_call:140] fyersModel","message":{"Status Code":200,"API":"/positions"},"timestamp":"2025-05-16 10:08:44,688+0530","service":"FyersAPIRequest"}
{"level":"DEBUG","location":"[get_call:140] fyersModel","message":{"Status Code":200,"API":"/positions"},"timestamp":"2025-05-16 10:08:47,668+0530","service":"FyersAPIRequest"}
{"level":"DEBUG","location":"[get_call:140] fyersModel","message":{"Status Code":200,"API":"/positions"},"timestamp":"2025-05-16 10:08:50,170+0530","service":"FyersAPIRequest"}
{"level":"DEBUG","location":"[get_call:140] fyersModel","message":{"Status Code":200,"API":"/positions"},"timestamp":"2025-05-16 10:08:52,686+0530","service":"FyersAPIRequest"}
{"level":"DEBUG","location":"[get_call:140] fyersModel","message":{"Status Code":200,"API":"/positions"},"timestamp":"2025-05-16 10:08:55,186+0530","service":"FyersAPIRequest"}
{"level":"DEBUG","location":"[get_call:140] fyersModel","message":{"Status Code":200,"API":"/positions"},"timestamp":"2025-05-16 10:08:57,696+0530","service":"FyersAPIRequest"}
{"level":"DEBUG","location":"[get_call:140] fyersModel","message":{"Status Code":200,"API":"/positions"},"timestamp":"2025-05-16 10:09:00,228+0530","service":"FyersAPIRequest"}
{"level":"DEBUG","location":"[get_call:140] fyersModel","message":{"Status Code":200,"API":"/positions"},"timestamp":"2025-05-16 10:09:02,745+0530","service":"FyersAPIRequest"}
{"level":"DEBUG","location":"[get_call:140] fyersModel","message":{"Status Code":200,"API":"/positions"},"timestamp":"2025-05-16 10:09:05,251+0530","service":"FyersAPIRequest"}
{"level":"DEBUG","location":"[get_call:140] fyersModel","message":{"Status Code":200,"API":"/positions"},"timestamp":"2025-05-16 10:09:08,237+0530","service":"FyersAPIRequest"}
{"level":"DEBUG","location":"[get_call:140] fyersModel","message":{"Status Code":200,"API":"/positions"},"timestamp":"2025-05-16 10:09:10,737+0530","service":"FyersAPIRequest"}
{"level":"DEBUG","location":"[get_call:140] fyersModel","message":{"Status Code":200,"API":"/positions"},"timestamp":"2025-05-16 10:09:13,250+0530","service":"FyersAPIRequest"}
{"level":"DEBUG","location":"[get_call:140] fyersModel","message":{"Status Code":200,"API":"/positions"},"timestamp":"2025-05-16 10:09:15,742+0530","service":"FyersAPIRequest"}
{"level":"DEBUG","location":"[get_call:140] fyersModel","message":{"Status Code":200,"API":"/positions"},"timestamp":"2025-05-16 10:09:18,283+0530","service":"FyersAPIRequest"}
{"level":"DEBUG","location":"[get_call:140] fyersModel","message":{"Status Code":200,"API":"/positions"},"timestamp":"2025-05-16 10:09:20,789+0530","service":"FyersAPIRequest"}
{"level":"DEBUG","location":"[get_call:140] fyersModel","message":{"Status Code":200,"API":"/positions"},"timestamp":"2025-05-16 10:09:23,315+0530","service":"FyersAPIRequest"}
{"level":"DEBUG","location":"[get_call:140] fyersModel","message":{"Status Code":200,"API":"/positions"},"timestamp":"2025-05-16 10:09:25,809+0530","service":"FyersAPIRequest"}
{"level":"DEBUG","location":"[get_call:140] fyersModel","message":{"Status Code":200,"API":"/positions"},"timestamp":"2025-05-16 10:09:28,329+0530","service":"FyersAPIRequest"}
{"level":"DEBUG","location":"[get_call:140] fyersModel","message":{"Status Code":200,"API":"/positions"},"timestamp":"2025-05-16 10:09:30,835+0530","service":"FyersAPIRequest"}
{"level":"DEBUG","location":"[get_call:140] fyersModel","message":{"Status Code":200,"API":"/positions"},"timestamp":"2025-05-16 10:09:33,358+0530","service":"FyersAPIRequest"}
{"level":"DEBUG","location":"[get_call:140] fyersModel","message":{"Status Code":200,"API":"/positions"},"timestamp":"2025-05-16 10:09:35,870+0530","service":"FyersAPIRequest"}
{"level":"DEBUG","location":"[get_call:140] fyersModel","message":{"Status Code":200,"API":"/positions"},"timestamp":"2025-05-16 10:09:38,865+0530","service":"FyersAPIRequest"}
{"level":"DEBUG","location":"[get_call:140] fyersModel","message":{"Status Code":200,"API":"/positions"},"timestamp":"2025-05-16 10:09:41,373+0530","service":"FyersAPIRequest"}
{"level":"DEBUG","location":"[get_call:140] fyersModel","message":{"Status Code":200,"API":"/positions"},"timestamp":"2025-05-16 10:09:43,876+0530","service":"FyersAPIRequest"}
{"level":"DEBUG","location":"[get_call:140] fyersModel","message":{"Status Code":200,"API":"/positions"},"timestamp":"2025-05-16 10:09:46,388+0530","service":"FyersAPIRequest"}
{"level":"DEBUG","location":"[get_call:140] fyersModel","message":{"Status Code":200,"API":"/positions"},"timestamp":"2025-05-16 10:09:48,903+0530","service":"FyersAPIRequest"}
{"level":"DEBUG","location":"[get_call:140] fyersModel","message":{"Status Code":200,"API":"/positions"},"timestamp":"2025-05-16 10:09:51,410+0530","service":"FyersAPIRequest"}
{"level":"DEBUG","location":"[get_call:140] fyersModel","message":{"Status Code":200,"API":"/positions"},"timestamp":"2025-05-16 10:09:53,939+0530","service":"FyersAPIRequest"}
{"level":"DEBUG","location":"[get_call:140] fyersModel","message":{"Status Code":200,"API":"/positions"},"timestamp":"2025-05-16 10:09:56,441+0530","service":"FyersAPIRequest"}
{"level":"DEBUG","location":"[get_call:140] fyersModel","message":{"Status Code":200,"API":"/positions"},"timestamp":"2025-05-16 10:09:58,935+0530","service":"FyersAPIRequest"}
{"level":"DEBUG","location":"[get_call:140] fyersModel","message":{"Status Code":200,"API":"/positions"},"timestamp":"2025-05-16 10:10:01,451+0530","service":"FyersAPIRequest"}
{"level":"DEBUG","location":"[get_call:140] fyersModel","message":{"Status Code":200,"API":"/positions"},"timestamp":"2025-05-16 10:10:03,944+0530","service":"FyersAPIRequest"}
{"level":"DEBUG","location":"[get_call:140] fyersModel","message":{"Status Code":200,"API":"/positions"},"timestamp":"2025-05-16 10:10:06,460+0530","service":"FyersAPIRequest"}
{"level":"DEBUG","location":"[get_call:140] fyersModel","message":{"Status Code":200,"API":"/positions"},"timestamp":"2025-05-16 10:10:08,986+0530","service":"FyersAPIRequest"}
{"level":"DEBUG","location":"[get_call:140] fyersModel","message":{"Status Code":200,"API":"/positions"},"timestamp":"2025-05-16 10:10:11,504+0530","service":"FyersAPIRequest"}
{"level":"DEBUG","location":"[get_call:140] fyersModel","message":{"Status Code":200,"API":"/positions"},"timestamp":"2025-05-16 10:10:14,008+0530","service":"FyersAPIRequest"}
{"level":"DEBUG","location":"[get_call:140] fyersModel","message":{"Status Code":200,"API":"/positions"},"timestamp":"2025-05-16 10:10:16,526+0530","service":"FyersAPIRequest"}
{"level":"DEBUG","location":"[get_call:140] fyersModel","message":{"Status Code":200,"API":"/positions"},"timestamp":"2025-05-16 10:10:19,516+0530","service":"FyersAPIRequest"}
{"level":"DEBUG","location":"[get_call:140] fyersModel","message":{"Status Code":200,"API":"/positions"},"timestamp":"2025-05-16 10:10:22,012+0530","service":"FyersAPIRequest"}
{"level":"DEBUG","location":"[get_call:140] fyersModel","message":{"Status Code":200,"API":"/positions"},"timestamp":"2025-05-16 10:10:24,507+0530","service":"FyersAPIRequest"}
{"level":"DEBUG","location":"[get_call:140] fyersModel","message":{"Status Code":200,"API":"/positions"},"timestamp":"2025-05-16 10:10:27,022+0530","service":"FyersAPIRequest"}
{"level":"DEBUG","location":"[get_call:140] fyersModel","message":{"Status Code":200,"API":"/positions"},"timestamp":"2025-05-16 10:10:30,004+0530","service":"FyersAPIRequest"}
{"level":"DEBUG","location":"[get_call:140] fyersModel","message":{"Status Code":200,"API":"/positions"},"timestamp":"2025-05-16 10:10:32,518+0530","service":"FyersAPIRequest"}
{"level":"DEBUG","location":"[get_call:140] fyersModel","message":{"Status Code":200,"API":"/positions"},"timestamp":"2025-05-16 10:10:35,014+0530","service":"FyersAPIRequest"}
{"level":"DEBUG","location":"[get_call:140] fyersModel","message":{"Status Code":200,"API":"/positions"},"timestamp":"2025-05-16 10:10:38,554+0530","service":"FyersAPIRequest"}
{"level":"DEBUG","location":"[get_call:140] fyersModel","message":{"Status Code":200,"API":"/positions"},"timestamp":"2025-05-16 10:10:41,078+0530","service":"FyersAPIRequest"}
{"level":"DEBUG","location":"[get_call:140] fyersModel","message":{"Status Code":200,"API":"/positions"},"timestamp":"2025-05-16 10:10:43,630+0530","service":"FyersAPIRequest"}
{"level":"DEBUG","location":"[get_call:140] fyersModel","message":{"Status Code":200,"API":"/positions"},"timestamp":"2025-05-16 10:10:46,700+0530","service":"FyersAPIRequest"}
{"level":"DEBUG","location":"[get_call:140] fyersModel","message":{"Status Code":200,"API":"/positions"},"timestamp":"2025-05-16 10:10:49,213+0530","service":"FyersAPIRequest"}
{"level":"DEBUG","location":"[get_call:140] fyersModel","message":{"Status Code":200,"API":"/positions"},"timestamp":"2025-05-16 10:10:52,202+0530","service":"FyersAPIRequest"}
{"level":"DEBUG","location":"[get_call:140] fyersModel","message":{"Status Code":200,"API":"/positions"},"timestamp":"2025-05-16 10:10:54,707+0530","service":"FyersAPIRequest"}
{"level":"DEBUG","location":"[get_call:140] fyersModel","message":{"Status Code":200,"API":"/positions"},"timestamp":"2025-05-16 10:10:57,236+0530","service":"FyersAPIRequest"}
{"level":"DEBUG","location":"[get_call:140] fyersModel","message":{"Status Code":200,"API":"/positions"},"timestamp":"2025-05-16 10:10:59,743+0530","service":"FyersAPIRequest"}
{"level":"DEBUG","location":"[get_call:140] fyersModel","message":{"Status Code":200,"API":"/positions"},"timestamp":"2025-05-16 10:11:02,258+0530","service":"FyersAPIRequest"}
{"level":"DEBUG","location":"[get_call:140] fyersModel","message":{"Status Code":200,"API":"/positions"},"timestamp":"2025-05-16 10:11:04,761+0530","service":"FyersAPIRequest"}
{"level":"DEBUG","location":"[get_call:140] fyersModel","message":{"Status Code":200,"API":"/positions"},"timestamp":"2025-05-16 10:11:07,266+0530","service":"FyersAPIRequest"}
{"level":"DEBUG","location":"[get_call:140] fyersModel","message":{"Status Code":200,"API":"/positions"},"timestamp":"2025-05-16 10:11:09,787+0530","service":"FyersAPIRequest"}
{"level":"DEBUG","location":"[get_call:140] fyersModel","message":{"Status Code":200,"API":"/positions"},"timestamp":"2025-05-16 10:11:12,290+0530","service":"FyersAPIRequest"}
{"level":"DEBUG","location":"[get_call:140] fyersModel","message":{"Status Code":200,"API":"/positions"},"timestamp":"2025-05-16 10:11:14,790+0530","service":"FyersAPIRequest"}
{"level":"DEBUG","location":"[get_call:140] fyersModel","message":{"Status Code":200,"API":"/positions"},"timestamp":"2025-05-16 10:11:17,301+0530","service":"FyersAPIRequest"}
{"level":"DEBUG","location":"[get_call:140] fyersModel","message":{"Status Code":200,"API":"/positions"},"timestamp":"2025-05-16 10:11:19,795+0530","service":"FyersAPIRequest"}
{"level":"DEBUG","location":"[get_call:140] fyersModel","message":{"Status Code":200,"API":"/positions"},"timestamp":"2025-05-16 10:11:22,784+0530","service":"FyersAPIRequest"}
{"level":"DEBUG","location":"[get_call:140] fyersModel","message":{"Status Code":200,"API":"/positions"},"timestamp":"2025-05-16 10:11:25,304+0530","service":"FyersAPIRequest"}
{"level":"DEBUG","location":"[get_call:140] fyersModel","message":{"Status Code":200,"API":"/positions"},"timestamp":"2025-05-16 10:11:27,799+0530","service":"FyersAPIRequest"}
{"level":"DEBUG","location":"[get_call:140] fyersModel","message":{"Status Code":200,"API":"/positions"},"timestamp":"2025-05-16 10:11:30,798+0530","service":"FyersAPIRequest"}
{"level":"DEBUG","location":"[get_call:140] fyersModel","message":{"Status Code":200,"API":"/positions"},"timestamp":"2025-05-16 10:11:33,330+0530","service":"FyersAPIRequest"}
{"level":"DEBUG","location":"[get_call:140] fyersModel","message":{"Status Code":200,"API":"/positions"},"timestamp":"2025-05-16 10:11:35,844+0530","service":"FyersAPIRequest"}
{"level":"DEBUG","location":"[get_call:140] fyersModel","message":{"Status Code":200,"API":"/positions"},"timestamp":"2025-05-16 10:11:38,369+0530","service":"FyersAPIRequest"}
{"level":"DEBUG","location":"[get_call:140] fyersModel","message":{"Status Code":200,"API":"/positions"},"timestamp":"2025-05-16 10:11:40,897+0530","service":"FyersAPIRequest"}
{"level":"DEBUG","location":"[get_call:140] fyersModel","message":{"Status Code":200,"API":"/positions"},"timestamp":"2025-05-16 10:11:43,462+0530","service":"FyersAPIRequest"}
{"level":"DEBUG","location":"[get_call:140] fyersModel","message":{"Status Code":200,"API":"/positions"},"timestamp":"2025-05-16 10:11:45,968+0530","service":"FyersAPIRequest"}
{"level":"DEBUG","location":"[get_call:140] fyersModel","message":{"Status Code":200,"API":"/positions"},"timestamp":"2025-05-16 10:11:48,470+0530","service":"FyersAPIRequest"}
{"level":"DEBUG","location":"[get_call:140] fyersModel","message":{"Status Code":200,"API":"/positions"},"timestamp":"2025-05-16 10:11:50,979+0530","service":"FyersAPIRequest"}
{"level":"DEBUG","location":"[get_call:140] fyersModel","message":{"Status Code":200,"API":"/positions"},"timestamp":"2025-05-16 10:11:53,515+0530","service":"FyersAPIRequest"}
{"level":"DEBUG","location":"[get_call:140] fyersModel","message":{"Status Code":200,"API":"/positions"},"timestamp":"2025-05-16 10:11:56,039+0530","service":"FyersAPIRequest"}
{"level":"DEBUG","location":"[get_call:140] fyersModel","message":{"Status Code":200,"API":"/positions"},"timestamp":"2025-05-16 10:11:58,651+0530","service":"FyersAPIRequest"}
{"level":"DEBUG","location":"[get_call:140] fyersModel","message":{"Status Code":200,"API":"/positions"},"timestamp":"2025-05-16 10:12:01,192+0530","service":"FyersAPIRequest"}
{"level":"DEBUG","location":"[get_call:140] fyersModel","message":{"Status Code":200,"API":"/positions"},"timestamp":"2025-05-16 10:12:03,716+0530","service":"FyersAPIRequest"}
{"level":"DEBUG","location":"[get_call:140] fyersModel","message":{"Status Code":200,"API":"/positions"},"timestamp":"2025-05-16 10:12:06,232+0530","service":"FyersAPIRequest"}
{"level":"DEBUG","location":"[get_call:140] fyersModel","message":{"Status Code":200,"API":"/positions"},"timestamp":"2025-05-16 10:12:08,735+0530","service":"FyersAPIRequest"}
{"level":"DEBUG","location":"[get_call:140] fyersModel","message":{"Status Code":200,"API":"/positions"},"timestamp":"2025-05-16 10:12:11,243+0530","service":"FyersAPIRequest"}
{"level":"DEBUG","location":"[get_call:140] fyersModel","message":{"Status Code":200,"API":"/positions"},"timestamp":"2025-05-16 10:12:13,765+0530","service":"FyersAPIRequest"}
{"level":"DEBUG","location":"[get_call:140] fyersModel","message":{"Status Code":200,"API":"/positions"},"timestamp":"2025-05-16 10:12:16,276+0530","service":"FyersAPIRequest"}
{"level":"DEBUG","location":"[get_call:140] fyersModel","message":{"Status Code":200,"API":"/positions"},"timestamp":"2025-05-16 10:12:18,777+0530","service":"FyersAPIRequest"}
{"level":"DEBUG","location":"[get_call:140] fyersModel","message":{"Status Code":200,"API":"/positions"},"timestamp":"2025-05-16 10:12:21,281+0530","service":"FyersAPIRequest"}
{"level":"DEBUG","location":"[get_call:140] fyersModel","message":{"Status Code":200,"API":"/positions"},"timestamp":"2025-05-16 10:12:23,787+0530","service":"FyersAPIRequest"}
{"level":"DEBUG","location":"[get_call:140] fyersModel","message":{"Status Code":200,"API":"/positions"},"timestamp":"2025-05-16 10:12:26,295+0530","service":"FyersAPIRequest"}
{"level":"DEBUG","location":"[get_call:140] fyersModel","message":{"Status Code":200,"API":"/positions"},"timestamp":"2025-05-16 10:12:28,826+0530","service":"FyersAPIRequest"}
{"level":"DEBUG","location":"[get_call:140] fyersModel","message":{"Status Code":200,"API":"/positions"},"timestamp":"2025-05-16 10:12:31,331+0530","service":"FyersAPIRequest"}
{"level":"DEBUG","location":"[get_call:140] fyersModel","message":{"Status Code":200,"API":"/positions"},"timestamp":"2025-05-16 10:12:33,839+0530","service":"FyersAPIRequest"}
{"level":"DEBUG","location":"[get_call:140] fyersModel","message":{"Status Code":200,"API":"/positions"},"timestamp":"2025-05-16 10:12:36,338+0530","service":"FyersAPIRequest"}
{"level":"DEBUG","location":"[get_call:140] fyersModel","message":{"Status Code":200,"API":"/positions"},"timestamp":"2025-05-16 10:12:38,847+0530","service":"FyersAPIRequest"}
{"level":"DEBUG","location":"[get_call:140] fyersModel","message":{"Status Code":200,"API":"/positions"},"timestamp":"2025-05-16 10:12:41,354+0530","service":"FyersAPIRequest"}
{"level":"DEBUG","location":"[get_call:140] fyersModel","message":{"Status Code":200,"API":"/positions"},"timestamp":"2025-05-16 10:12:43,872+0530","service":"FyersAPIRequest"}
{"level":"DEBUG","location":"[get_call:140] fyersModel","message":{"Status Code":200,"API":"/positions"},"timestamp":"2025-05-16 10:12:46,386+0530","service":"FyersAPIRequest"}
{"level":"DEBUG","location":"[get_call:140] fyersModel","message":{"Status Code":200,"API":"/positions"},"timestamp":"2025-05-16 10:12:48,900+0530","service":"FyersAPIRequest"}
{"level":"DEBUG","location":"[get_call:140] fyersModel","message":{"Status Code":200,"API":"/positions"},"timestamp":"2025-05-16 10:12:51,427+0530","service":"FyersAPIRequest"}
{"level":"DEBUG","location":"[get_call:140] fyersModel","message":{"Status Code":200,"API":"/positions"},"timestamp":"2025-05-16 10:12:53,940+0530","service":"FyersAPIRequest"}
{"level":"DEBUG","location":"[get_call:140] fyersModel","message":{"Status Code":200,"API":"/positions"},"timestamp":"2025-05-16 10:12:56,459+0530","service":"FyersAPIRequest"}
{"level":"DEBUG","location":"[get_call:140] fyersModel","message":{"Status Code":200,"API":"/positions"},"timestamp":"2025-05-16 10:12:58,969+0530","service":"FyersAPIRequest"}
{"level":"DEBUG","location":"[get_call:140] fyersModel","message":{"Status Code":200,"API":"/positions"},"timestamp":"2025-05-16 10:13:01,464+0530","service":"FyersAPIRequest"}
{"level":"DEBUG","location":"[get_call:140] fyersModel","message":{"Status Code":200,"API":"/positions"},"timestamp":"2025-05-16 10:13:03,975+0530","service":"FyersAPIRequest"}
{"level":"DEBUG","location":"[get_call:140] fyersModel","message":{"Status Code":200,"API":"/positions"},"timestamp":"2025-05-16 10:13:06,477+0530","service":"FyersAPIRequest"}
{"level":"DEBUG","location":"[get_call:140] fyersModel","message":{"Status Code":200,"API":"/positions"},"timestamp":"2025-05-16 10:13:08,996+0530","service":"FyersAPIRequest"}
{"level":"DEBUG","location":"[get_call:140] fyersModel","message":{"Status Code":200,"API":"/positions"},"timestamp":"2025-05-16 10:13:11,498+0530","service":"FyersAPIRequest"}
{"level":"DEBUG","location":"[get_call:140] fyersModel","message":{"Status Code":200,"API":"/positions"},"timestamp":"2025-05-16 10:13:13,998+0530","service":"FyersAPIRequest"}
{"level":"DEBUG","location":"[get_call:140] fyersModel","message":{"Status Code":200,"API":"/positions"},"timestamp":"2025-05-16 10:13:16,504+0530","service":"FyersAPIRequest"}
{"level":"DEBUG","location":"[get_call:140] fyersModel","message":{"Status Code":200,"API":"/positions"},"timestamp":"2025-05-16 10:13:19,014+0530","service":"FyersAPIRequest"}
{"level":"DEBUG","location":"[get_call:140] fyersModel","message":{"Status Code":200,"API":"/positions"},"timestamp":"2025-05-16 10:13:21,510+0530","service":"FyersAPIRequest"}
{"level":"DEBUG","location":"[get_call:140] fyersModel","message":{"Status Code":200,"API":"/positions"},"timestamp":"2025-05-16 10:13:24,034+0530","service":"FyersAPIRequest"}
{"level":"DEBUG","location":"[get_call:140] fyersModel","message":{"Status Code":200,"API":"/positions"},"timestamp":"2025-05-16 10:13:26,528+0530","service":"FyersAPIRequest"}
{"level":"DEBUG","location":"[get_call:140] fyersModel","message":{"Status Code":200,"API":"/positions"},"timestamp":"2025-05-16 10:13:29,048+0530","service":"FyersAPIRequest"}
{"level":"DEBUG","location":"[get_call:140] fyersModel","message":{"Status Code":200,"API":"/positions"},"timestamp":"2025-05-16 10:13:32,042+0530","service":"FyersAPIRequest"}
{"level":"DEBUG","location":"[get_call:140] fyersModel","message":{"Status Code":200,"API":"/positions"},"timestamp":"2025-05-16 10:13:34,560+0530","service":"FyersAPIRequest"}
{"level":"DEBUG","location":"[get_call:140] fyersModel","message":{"Status Code":200,"API":"/positions"},"timestamp":"2025-05-16 10:13:37,065+0530","service":"FyersAPIRequest"}
{"level":"DEBUG","location":"[get_call:140] fyersModel","message":{"Status Code":200,"API":"/positions"},"timestamp":"2025-05-16 10:13:39,564+0530","service":"FyersAPIRequest"}
{"level":"DEBUG","location":"[get_call:140] fyersModel","message":{"Status Code":200,"API":"/positions"},"timestamp":"2025-05-16 10:13:42,065+0530","service":"FyersAPIRequest"}
{"level":"DEBUG","location":"[get_call:140] fyersModel","message":{"Status Code":200,"API":"/positions"},"timestamp":"2025-05-16 10:13:44,570+0530","service":"FyersAPIRequest"}
{"level":"DEBUG","location":"[get_call:140] fyersModel","message":{"Status Code":200,"API":"/positions"},"timestamp":"2025-05-16 10:13:47,066+0530","service":"FyersAPIRequest"}
{"level":"DEBUG","location":"[get_call:140] fyersModel","message":{"Status Code":200,"API":"/positions"},"timestamp":"2025-05-16 10:13:49,577+0530","service":"FyersAPIRequest"}
{"level":"DEBUG","location":"[get_call:140] fyersModel","message":{"Status Code":200,"API":"/positions"},"timestamp":"2025-05-16 10:13:52,088+0530","service":"FyersAPIRequest"}
{"level":"DEBUG","location":"[get_call:140] fyersModel","message":{"Status Code":200,"API":"/positions"},"timestamp":"2025-05-16 10:13:54,593+0530","service":"FyersAPIRequest"}
{"level":"DEBUG","location":"[get_call:140] fyersModel","message":{"Status Code":200,"API":"/positions"},"timestamp":"2025-05-16 10:13:57,107+0530","service":"FyersAPIRequest"}
{"level":"DEBUG","location":"[get_call:140] fyersModel","message":{"Status Code":200,"API":"/positions"},"timestamp":"2025-05-16 10:14:00,097+0530","service":"FyersAPIRequest"}
{"level":"DEBUG","location":"[get_call:140] fyersModel","message":{"Status Code":200,"API":"/positions"},"timestamp":"2025-05-16 10:14:02,597+0530","service":"FyersAPIRequest"}
{"level":"DEBUG","location":"[get_call:140] fyersModel","message":{"Status Code":200,"API":"/positions"},"timestamp":"2025-05-16 10:14:05,114+0530","service":"FyersAPIRequest"}
{"level":"DEBUG","location":"[get_call:140] fyersModel","message":{"Status Code":200,"API":"/positions"},"timestamp":"2025-05-16 10:14:07,608+0530","service":"FyersAPIRequest"}
{"level":"DEBUG","location":"[get_call:140] fyersModel","message":{"Status Code":200,"API":"/positions"},"timestamp":"2025-05-16 10:14:10,110+0530","service":"FyersAPIRequest"}
{"level":"DEBUG","location":"[get_call:140] fyersModel","message":{"Status Code":200,"API":"/positions"},"timestamp":"2025-05-16 10:14:13,091+0530","service":"FyersAPIRequest"}
{"level":"DEBUG","location":"[get_call:140] fyersModel","message":{"Status Code":200,"API":"/positions"},"timestamp":"2025-05-16 10:14:15,590+0530","service":"FyersAPIRequest"}
{"level":"DEBUG","location":"[get_call:140] fyersModel","message":{"Status Code":200,"API":"/positions"},"timestamp":"2025-05-16 10:14:18,089+0530","service":"FyersAPIRequest"}
{"level":"DEBUG","location":"[get_call:140] fyersModel","message":{"Status Code":200,"API":"/positions"},"timestamp":"2025-05-16 10:14:20,588+0530","service":"FyersAPIRequest"}
{"level":"DEBUG","location":"[get_call:140] fyersModel","message":{"Status Code":200,"API":"/positions"},"timestamp":"2025-05-16 10:14:23,564+0530","service":"FyersAPIRequest"}
{"level":"DEBUG","location":"[get_call:140] fyersModel","message":{"Status Code":200,"API":"/positions"},"timestamp":"2025-05-16 10:14:26,088+0530","service":"FyersAPIRequest"}
{"level":"DEBUG","location":"[get_call:140] fyersModel","message":{"Status Code":200,"API":"/positions"},"timestamp":"2025-05-16 10:14:28,598+0530","service":"FyersAPIRequest"}
{"level":"DEBUG","location":"[get_call:140] fyersModel","message":{"Status Code":200,"API":"/positions"},"timestamp":"2025-05-16 10:14:31,106+0530","service":"FyersAPIRequest"}
{"level":"DEBUG","location":"[get_call:140] fyersModel","message":{"Status Code":200,"API":"/positions"},"timestamp":"2025-05-16 10:14:33,599+0530","service":"FyersAPIRequest"}
{"level":"DEBUG","location":"[get_call:140] fyersModel","message":{"Status Code":200,"API":"/positions"},"timestamp":"2025-05-16 10:14:36,102+0530","service":"FyersAPIRequest"}
{"level":"DEBUG","location":"[get_call:140] fyersModel","message":{"Status Code":200,"API":"/positions"},"timestamp":"2025-05-16 10:14:38,595+0530","service":"FyersAPIRequest"}
{"level":"DEBUG","location":"[get_call:140] fyersModel","message":{"Status Code":200,"API":"/positions"},"timestamp":"2025-05-16 10:14:41,101+0530","service":"FyersAPIRequest"}
{"level":"DEBUG","location":"[get_call:140] fyersModel","message":{"Status Code":200,"API":"/positions"},"timestamp":"2025-05-16 10:14:43,600+0530","service":"FyersAPIRequest"}
{"level":"DEBUG","location":"[get_call:140] fyersModel","message":{"Status Code":200,"API":"/positions"},"timestamp":"2025-05-16 10:14:46,101+0530","service":"FyersAPIRequest"}
{"level":"DEBUG","location":"[get_call:140] fyersModel","message":{"Status Code":200,"API":"/positions"},"timestamp":"2025-05-16 10:14:48,640+0530","service":"FyersAPIRequest"}
{"level":"DEBUG","location":"[get_call:140] fyersModel","message":{"Status Code":200,"API":"/positions"},"timestamp":"2025-05-16 10:14:51,146+0530","service":"FyersAPIRequest"}
{"level":"DEBUG","location":"[get_call:140] fyersModel","message":{"Status Code":200,"API":"/positions"},"timestamp":"2025-05-16 10:14:53,642+0530","service":"FyersAPIRequest"}
{"level":"DEBUG","location":"[get_call:140] fyersModel","message":{"Status Code":200,"API":"/positions"},"timestamp":"2025-05-16 10:14:56,150+0530","service":"FyersAPIRequest"}
{"level":"DEBUG","location":"[get_call:140] fyersModel","message":{"Status Code":200,"API":"/positions"},"timestamp":"2025-05-16 10:14:58,655+0530","service":"FyersAPIRequest"}
{"level":"DEBUG","location":"[get_call:140] fyersModel","message":{"Status Code":200,"API":"/positions"},"timestamp":"2025-05-16 10:15:01,169+0530","service":"FyersAPIRequest"}
{"level":"DEBUG","location":"[get_call:140] fyersModel","message":{"Status Code":200,"API":"/positions"},"timestamp":"2025-05-16 10:15:03,680+0530","service":"FyersAPIRequest"}
{"level":"DEBUG","location":"[get_call:140] fyersModel","message":{"Status Code":200,"API":"/positions"},"timestamp":"2025-05-16 10:15:06,187+0530","service":"FyersAPIRequest"}
{"level":"DEBUG","location":"[get_call:140] fyersModel","message":{"Status Code":200,"API":"/positions"},"timestamp":"2025-05-16 10:15:08,697+0530","service":"FyersAPIRequest"}
{"level":"DEBUG","location":"[get_call:140] fyersModel","message":{"Status Code":200,"API":"/positions"},"timestamp":"2025-05-16 10:15:11,203+0530","service":"FyersAPIRequest"}
{"level":"DEBUG","location":"[get_call:140] fyersModel","message":{"Status Code":200,"API":"/positions"},"timestamp":"2025-05-16 10:15:13,709+0530","service":"FyersAPIRequest"}
{"level":"DEBUG","location":"[get_call:140] fyersModel","message":{"Status Code":200,"API":"/positions"},"timestamp":"2025-05-16 10:15:16,205+0530","service":"FyersAPIRequest"}
{"level":"DEBUG","location":"[get_call:140] fyersModel","message":{"Status Code":200,"API":"/positions"},"timestamp":"2025-05-16 10:15:18,708+0530","service":"FyersAPIRequest"}
{"level":"DEBUG","location":"[get_call:140] fyersModel","message":{"Status Code":200,"API":"/positions"},"timestamp":"2025-05-16 10:15:21,206+0530","service":"FyersAPIRequest"}
{"level":"DEBUG","location":"[get_call:140] fyersModel","message":{"Status Code":200,"API":"/positions"},"timestamp":"2025-05-16 10:15:23,704+0530","service":"FyersAPIRequest"}
{"level":"DEBUG","location":"[get_call:140] fyersModel","message":{"Status Code":200,"API":"/positions"},"timestamp":"2025-05-16 10:15:26,201+0530","service":"FyersAPIRequest"}
{"level":"DEBUG","location":"[get_call:140] fyersModel","message":{"Status Code":200,"API":"/positions"},"timestamp":"2025-05-16 10:15:28,701+0530","service":"FyersAPIRequest"}
{"level":"DEBUG","location":"[get_call:140] fyersModel","message":{"Status Code":200,"API":"/positions"},"timestamp":"2025-05-16 10:15:31,691+0530","service":"FyersAPIRequest"}
{"level":"DEBUG","location":"[get_call:140] fyersModel","message":{"Status Code":200,"API":"/positions"},"timestamp":"2025-05-16 10:15:34,190+0530","service":"FyersAPIRequest"}
{"level":"DEBUG","location":"[get_call:140] fyersModel","message":{"Status Code":200,"API":"/positions"},"timestamp":"2025-05-16 10:15:36,695+0530","service":"FyersAPIRequest"}
{"level":"DEBUG","location":"[get_call:140] fyersModel","message":{"Status Code":200,"API":"/positions"},"timestamp":"2025-05-16 10:15:39,193+0530","service":"FyersAPIRequest"}
{"level":"DEBUG","location":"[get_call:140] fyersModel","message":{"Status Code":200,"API":"/positions"},"timestamp":"2025-05-16 10:15:41,694+0530","service":"FyersAPIRequest"}
{"level":"DEBUG","location":"[get_call:140] fyersModel","message":{"Status Code":200,"API":"/positions"},"timestamp":"2025-05-16 10:15:44,183+0530","service":"FyersAPIRequest"}
{"level":"DEBUG","location":"[get_call:140] fyersModel","message":{"Status Code":200,"API":"/positions"},"timestamp":"2025-05-16 10:15:46,687+0530","service":"FyersAPIRequest"}
{"level":"DEBUG","location":"[get_call:140] fyersModel","message":{"Status Code":200,"API":"/positions"},"timestamp":"2025-05-16 10:15:49,182+0530","service":"FyersAPIRequest"}
{"level":"DEBUG","location":"[get_call:140] fyersModel","message":{"Status Code":200,"API":"/positions"},"timestamp":"2025-05-16 10:15:51,722+0530","service":"FyersAPIRequest"}
{"level":"DEBUG","location":"[get_call:140] fyersModel","message":{"Status Code":200,"API":"/positions"},"timestamp":"2025-05-16 10:15:54,385+0530","service":"FyersAPIRequest"}
{"level":"DEBUG","location":"[get_call:140] fyersModel","message":{"Status Code":200,"API":"/positions"},"timestamp":"2025-05-16 10:15:56,885+0530","service":"FyersAPIRequest"}
{"level":"DEBUG","location":"[get_call:140] fyersModel","message":{"Status Code":200,"API":"/positions"},"timestamp":"2025-05-16 10:15:59,388+0530","service":"FyersAPIRequest"}
{"level":"DEBUG","location":"[get_call:140] fyersModel","message":{"Status Code":200,"API":"/positions"},"timestamp":"2025-05-16 10:16:01,884+0530","service":"FyersAPIRequest"}
{"level":"DEBUG","location":"[get_call:140] fyersModel","message":{"Status Code":200,"API":"/positions"},"timestamp":"2025-05-16 10:16:04,398+0530","service":"FyersAPIRequest"}
{"level":"DEBUG","location":"[get_call:140] fyersModel","message":{"Status Code":200,"API":"/positions"},"timestamp":"2025-05-16 10:16:06,902+0530","service":"FyersAPIRequest"}
{"level":"DEBUG","location":"[get_call:140] fyersModel","message":{"Status Code":200,"API":"/positions"},"timestamp":"2025-05-16 10:16:09,409+0530","service":"FyersAPIRequest"}
{"level":"DEBUG","location":"[get_call:140] fyersModel","message":{"Status Code":200,"API":"/positions"},"timestamp":"2025-05-16 10:16:11,910+0530","service":"FyersAPIRequest"}
{"level":"DEBUG","location":"[get_call:140] fyersModel","message":{"Status Code":200,"API":"/positions"},"timestamp":"2025-05-16 10:16:14,410+0530","service":"FyersAPIRequest"}
{"level":"DEBUG","location":"[get_call:140] fyersModel","message":{"Status Code":200,"API":"/positions"},"timestamp":"2025-05-16 10:16:16,916+0530","service":"FyersAPIRequest"}
{"level":"DEBUG","location":"[get_call:140] fyersModel","message":{"Status Code":200,"API":"/positions"},"timestamp":"2025-05-16 10:16:19,419+0530","service":"FyersAPIRequest"}
{"level":"DEBUG","location":"[get_call:140] fyersModel","message":{"Status Code":200,"API":"/positions"},"timestamp":"2025-05-16 10:16:21,923+0530","service":"FyersAPIRequest"}
{"level":"DEBUG","location":"[get_call:140] fyersModel","message":{"Status Code":200,"API":"/positions"},"timestamp":"2025-05-16 10:16:24,421+0530","service":"FyersAPIRequest"}
{"level":"DEBUG","location":"[get_call:140] fyersModel","message":{"Status Code":200,"API":"/positions"},"timestamp":"2025-05-16 10:16:26,934+0530","service":"FyersAPIRequest"}
{"level":"DEBUG","location":"[get_call:140] fyersModel","message":{"Status Code":200,"API":"/positions"},"timestamp":"2025-05-16 10:16:29,433+0530","service":"FyersAPIRequest"}
{"level":"DEBUG","location":"[get_call:140] fyersModel","message":{"Status Code":200,"API":"/positions"},"timestamp":"2025-05-16 10:16:32,420+0530","service":"FyersAPIRequest"}
{"level":"DEBUG","location":"[get_call:140] fyersModel","message":{"Status Code":200,"API":"/positions"},"timestamp":"2025-05-16 10:16:34,913+0530","service":"FyersAPIRequest"}
{"level":"DEBUG","location":"[get_call:140] fyersModel","message":{"Status Code":200,"API":"/positions"},"timestamp":"2025-05-16 10:16:37,412+0530","service":"FyersAPIRequest"}
{"level":"DEBUG","location":"[get_call:140] fyersModel","message":{"Status Code":200,"API":"/positions"},"timestamp":"2025-05-16 10:16:39,905+0530","service":"FyersAPIRequest"}
{"level":"DEBUG","location":"[get_call:140] fyersModel","message":{"Status Code":200,"API":"/positions"},"timestamp":"2025-05-16 10:16:42,422+0530","service":"FyersAPIRequest"}
{"level":"DEBUG","location":"[get_call:140] fyersModel","message":{"Status Code":200,"API":"/positions"},"timestamp":"2025-05-16 10:16:44,937+0530","service":"FyersAPIRequest"}
{"level":"DEBUG","location":"[get_call:140] fyersModel","message":{"Status Code":200,"API":"/positions"},"timestamp":"2025-05-16 10:16:47,445+0530","service":"FyersAPIRequest"}
{"level":"DEBUG","location":"[get_call:140] fyersModel","message":{"Status Code":200,"API":"/positions"},"timestamp":"2025-05-16 10:16:50,433+0530","service":"FyersAPIRequest"}
{"level":"DEBUG","location":"[get_call:140] fyersModel","message":{"Status Code":200,"API":"/positions"},"timestamp":"2025-05-16 10:16:52,920+0530","service":"FyersAPIRequest"}
{"level":"DEBUG","location":"[get_call:140] fyersModel","message":{"Status Code":200,"API":"/positions"},"timestamp":"2025-05-16 10:16:55,423+0530","service":"FyersAPIRequest"}
{"level":"DEBUG","location":"[get_call:140] fyersModel","message":{"Status Code":200,"API":"/positions"},"timestamp":"2025-05-16 10:16:57,917+0530","service":"FyersAPIRequest"}
{"level":"DEBUG","location":"[get_call:140] fyersModel","message":{"Status Code":200,"API":"/positions"},"timestamp":"2025-05-16 10:17:00,411+0530","service":"FyersAPIRequest"}
{"level":"DEBUG","location":"[get_call:140] fyersModel","message":{"Status Code":200,"API":"/positions"},"timestamp":"2025-05-16 10:17:02,908+0530","service":"FyersAPIRequest"}
{"level":"DEBUG","location":"[get_call:140] fyersModel","message":{"Status Code":200,"API":"/positions"},"timestamp":"2025-05-16 10:17:05,411+0530","service":"FyersAPIRequest"}
{"level":"DEBUG","location":"[get_call:140] fyersModel","message":{"Status Code":200,"API":"/positions"},"timestamp":"2025-05-16 10:17:07,908+0530","service":"FyersAPIRequest"}
{"level":"DEBUG","location":"[get_call:140] fyersModel","message":{"Status Code":200,"API":"/positions"},"timestamp":"2025-05-16 10:17:10,408+0530","service":"FyersAPIRequest"}
{"level":"DEBUG","location":"[get_call:140] fyersModel","message":{"Status Code":200,"API":"/positions"},"timestamp":"2025-05-16 10:17:13,408+0530","service":"FyersAPIRequest"}
{"level":"DEBUG","location":"[get_call:140] fyersModel","message":{"Status Code":200,"API":"/positions"},"timestamp":"2025-05-16 10:17:15,905+0530","service":"FyersAPIRequest"}
{"level":"DEBUG","location":"[get_call:140] fyersModel","message":{"Status Code":200,"API":"/positions"},"timestamp":"2025-05-16 10:17:18,401+0530","service":"FyersAPIRequest"}
{"level":"DEBUG","location":"[get_call:140] fyersModel","message":{"Status Code":200,"API":"/positions"},"timestamp":"2025-05-16 10:17:20,898+0530","service":"FyersAPIRequest"}
{"level":"DEBUG","location":"[get_call:140] fyersModel","message":{"Status Code":200,"API":"/positions"},"timestamp":"2025-05-16 10:17:23,383+0530","service":"FyersAPIRequest"}
{"level":"DEBUG","location":"[get_call:140] fyersModel","message":{"Status Code":200,"API":"/positions"},"timestamp":"2025-05-16 10:17:25,881+0530","service":"FyersAPIRequest"}
{"level":"DEBUG","location":"[get_call:140] fyersModel","message":{"Status Code":200,"API":"/positions"},"timestamp":"2025-05-16 10:17:28,853+0530","service":"FyersAPIRequest"}
{"level":"DEBUG","location":"[get_call:140] fyersModel","message":{"Status Code":200,"API":"/positions"},"timestamp":"2025-05-16 10:17:31,359+0530","service":"FyersAPIRequest"}
{"level":"DEBUG","location":"[get_call:140] fyersModel","message":{"Status Code":200,"API":"/positions"},"timestamp":"2025-05-16 10:17:33,860+0530","service":"FyersAPIRequest"}
{"level":"DEBUG","location":"[get_call:140] fyersModel","message":{"Status Code":200,"API":"/positions"},"timestamp":"2025-05-16 10:17:36,365+0530","service":"FyersAPIRequest"}
{"level":"DEBUG","location":"[get_call:140] fyersModel","message":{"Status Code":200,"API":"/positions"},"timestamp":"2025-05-16 10:17:38,871+0530","service":"FyersAPIRequest"}
{"level":"DEBUG","location":"[get_call:140] fyersModel","message":{"Status Code":200,"API":"/positions"},"timestamp":"2025-05-16 10:17:41,372+0530","service":"FyersAPIRequest"}
{"level":"DEBUG","location":"[get_call:140] fyersModel","message":{"Status Code":200,"API":"/positions"},"timestamp":"2025-05-16 10:17:43,875+0530","service":"FyersAPIRequest"}
{"level":"DEBUG","location":"[get_call:140] fyersModel","message":{"Status Code":200,"API":"/positions"},"timestamp":"2025-05-16 10:17:46,383+0530","service":"FyersAPIRequest"}
{"level":"DEBUG","location":"[get_call:140] fyersModel","message":{"Status Code":200,"API":"/positions"},"timestamp":"2025-05-16 10:17:48,891+0530","service":"FyersAPIRequest"}
{"level":"DEBUG","location":"[get_call:140] fyersModel","message":{"Status Code":200,"API":"/positions"},"timestamp":"2025-05-16 10:17:51,408+0530","service":"FyersAPIRequest"}
{"level":"DEBUG","location":"[get_call:140] fyersModel","message":{"Status Code":200,"API":"/positions"},"timestamp":"2025-05-16 10:17:53,905+0530","service":"FyersAPIRequest"}
{"level":"DEBUG","location":"[get_call:140] fyersModel","message":{"Status Code":200,"API":"/positions"},"timestamp":"2025-05-16 10:17:56,418+0530","service":"FyersAPIRequest"}
{"level":"DEBUG","location":"[get_call:140] fyersModel","message":{"Status Code":200,"API":"/positions"},"timestamp":"2025-05-16 10:17:58,928+0530","service":"FyersAPIRequest"}
{"level":"DEBUG","location":"[get_call:140] fyersModel","message":{"Status Code":200,"API":"/positions"},"timestamp":"2025-05-16 10:18:01,433+0530","service":"FyersAPIRequest"}
{"level":"DEBUG","location":"[get_call:140] fyersModel","message":{"Status Code":200,"API":"/positions"},"timestamp":"2025-05-16 10:18:03,932+0530","service":"FyersAPIRequest"}
{"level":"DEBUG","location":"[get_call:140] fyersModel","message":{"Status Code":200,"API":"/positions"},"timestamp":"2025-05-16 10:18:06,423+0530","service":"FyersAPIRequest"}
{"level":"DEBUG","location":"[get_call:140] fyersModel","message":{"Status Code":200,"API":"/positions"},"timestamp":"2025-05-16 10:18:08,921+0530","service":"FyersAPIRequest"}
{"level":"DEBUG","location":"[get_call:140] fyersModel","message":{"Status Code":200,"API":"/positions"},"timestamp":"2025-05-16 10:18:11,421+0530","service":"FyersAPIRequest"}
{"level":"DEBUG","location":"[get_call:140] fyersModel","message":{"Status Code":200,"API":"/positions"},"timestamp":"2025-05-16 10:18:13,928+0530","service":"FyersAPIRequest"}
{"level":"DEBUG","location":"[get_call:140] fyersModel","message":{"Status Code":200,"API":"/positions"},"timestamp":"2025-05-16 10:18:16,416+0530","service":"FyersAPIRequest"}
{"level":"DEBUG","location":"[get_call:140] fyersModel","message":{"Status Code":200,"API":"/positions"},"timestamp":"2025-05-16 10:18:18,913+0530","service":"FyersAPIRequest"}
{"level":"DEBUG","location":"[get_call:140] fyersModel","message":{"Status Code":200,"API":"/positions"},"timestamp":"2025-05-16 10:18:21,408+0530","service":"FyersAPIRequest"}
{"level":"DEBUG","location":"[get_call:140] fyersModel","message":{"Status Code":200,"API":"/positions"},"timestamp":"2025-05-16 10:18:23,909+0530","service":"FyersAPIRequest"}
{"level":"DEBUG","location":"[get_call:140] fyersModel","message":{"Status Code":200,"API":"/positions"},"timestamp":"2025-05-16 10:18:26,410+0530","service":"FyersAPIRequest"}
{"level":"DEBUG","location":"[get_call:140] fyersModel","message":{"Status Code":200,"API":"/positions"},"timestamp":"2025-05-16 10:18:28,909+0530","service":"FyersAPIRequest"}
{"level":"DEBUG","location":"[get_call:140] fyersModel","message":{"Status Code":200,"API":"/positions"},"timestamp":"2025-05-16 10:18:31,428+0530","service":"FyersAPIRequest"}
{"level":"DEBUG","location":"[get_call:140] fyersModel","message":{"Status Code":200,"API":"/positions"},"timestamp":"2025-05-16 10:18:33,927+0530","service":"FyersAPIRequest"}
{"level":"DEBUG","location":"[get_call:140] fyersModel","message":{"Status Code":200,"API":"/positions"},"timestamp":"2025-05-16 10:18:36,439+0530","service":"FyersAPIRequest"}
{"level":"DEBUG","location":"[get_call:140] fyersModel","message":{"Status Code":200,"API":"/positions"},"timestamp":"2025-05-16 10:18:38,946+0530","service":"FyersAPIRequest"}
{"level":"DEBUG","location":"[get_call:140] fyersModel","message":{"Status Code":200,"API":"/positions"},"timestamp":"2025-05-16 10:18:41,463+0530","service":"FyersAPIRequest"}
{"level":"DEBUG","location":"[get_call:140] fyersModel","message":{"Status Code":200,"API":"/positions"},"timestamp":"2025-05-16 10:18:43,955+0530","service":"FyersAPIRequest"}
{"level":"DEBUG","location":"[get_call:140] fyersModel","message":{"Status Code":200,"API":"/positions"},"timestamp":"2025-05-16 10:18:46,444+0530","service":"FyersAPIRequest"}
{"level":"DEBUG","location":"[get_call:140] fyersModel","message":{"Status Code":200,"API":"/positions"},"timestamp":"2025-05-16 10:18:48,937+0530","service":"FyersAPIRequest"}
{"level":"DEBUG","location":"[get_call:140] fyersModel","message":{"Status Code":200,"API":"/positions"},"timestamp":"2025-05-16 10:18:51,436+0530","service":"FyersAPIRequest"}
{"level":"DEBUG","location":"[get_call:140] fyersModel","message":{"Status Code":200,"API":"/positions"},"timestamp":"2025-05-16 10:18:53,941+0530","service":"FyersAPIRequest"}
{"level":"DEBUG","location":"[get_call:140] fyersModel","message":{"Status Code":200,"API":"/positions"},"timestamp":"2025-05-16 10:18:56,452+0530","service":"FyersAPIRequest"}
{"level":"DEBUG","location":"[get_call:140] fyersModel","message":{"Status Code":200,"API":"/positions"},"timestamp":"2025-05-16 10:18:58,955+0530","service":"FyersAPIRequest"}
{"level":"DEBUG","location":"[get_call:140] fyersModel","message":{"Status Code":200,"API":"/positions"},"timestamp":"2025-05-16 10:19:01,486+0530","service":"FyersAPIRequest"}
{"level":"DEBUG","location":"[get_call:140] fyersModel","message":{"Status Code":200,"API":"/positions"},"timestamp":"2025-05-16 10:19:03,985+0530","service":"FyersAPIRequest"}
{"level":"DEBUG","location":"[get_call:140] fyersModel","message":{"Status Code":200,"API":"/positions"},"timestamp":"2025-05-16 10:19:06,497+0530","service":"FyersAPIRequest"}
{"level":"DEBUG","location":"[get_call:140] fyersModel","message":{"Status Code":200,"API":"/positions"},"timestamp":"2025-05-16 10:19:09,454+0530","service":"FyersAPIRequest"}
{"level":"DEBUG","location":"[get_call:140] fyersModel","message":{"Status Code":200,"API":"/positions"},"timestamp":"2025-05-16 10:19:11,930+0530","service":"FyersAPIRequest"}
{"level":"DEBUG","location":"[get_call:140] fyersModel","message":{"Status Code":200,"API":"/positions"},"timestamp":"2025-05-16 10:19:14,431+0530","service":"FyersAPIRequest"}
{"level":"DEBUG","location":"[get_call:140] fyersModel","message":{"Status Code":200,"API":"/positions"},"timestamp":"2025-05-16 10:19:17,388+0530","service":"FyersAPIRequest"}
{"level":"DEBUG","location":"[get_call:140] fyersModel","message":{"Status Code":200,"API":"/positions"},"timestamp":"2025-05-16 10:19:19,889+0530","service":"FyersAPIRequest"}
{"level":"DEBUG","location":"[get_call:140] fyersModel","message":{"Status Code":200,"API":"/positions"},"timestamp":"2025-05-16 10:19:22,371+0530","service":"FyersAPIRequest"}
{"level":"DEBUG","location":"[get_call:140] fyersModel","message":{"Status Code":200,"API":"/positions"},"timestamp":"2025-05-16 10:19:24,875+0530","service":"FyersAPIRequest"}
{"level":"DEBUG","location":"[get_call:140] fyersModel","message":{"Status Code":200,"API":"/positions"},"timestamp":"2025-05-16 10:19:27,395+0530","service":"FyersAPIRequest"}
{"level":"DEBUG","location":"[get_call:140] fyersModel","message":{"Status Code":200,"API":"/positions"},"timestamp":"2025-05-16 10:19:29,906+0530","service":"FyersAPIRequest"}
{"level":"DEBUG","location":"[get_call:140] fyersModel","message":{"Status Code":200,"API":"/positions"},"timestamp":"2025-05-16 10:19:32,406+0530","service":"FyersAPIRequest"}
{"level":"DEBUG","location":"[get_call:140] fyersModel","message":{"Status Code":200,"API":"/positions"},"timestamp":"2025-05-16 10:19:34,906+0530","service":"FyersAPIRequest"}
{"level":"DEBUG","location":"[get_call:140] fyersModel","message":{"Status Code":200,"API":"/positions"},"timestamp":"2025-05-16 10:19:37,395+0530","service":"FyersAPIRequest"}
{"level":"DEBUG","location":"[get_call:140] fyersModel","message":{"Status Code":200,"API":"/positions"},"timestamp":"2025-05-16 10:19:39,904+0530","service":"FyersAPIRequest"}
{"level":"DEBUG","location":"[get_call:140] fyersModel","message":{"Status Code":200,"API":"/positions"},"timestamp":"2025-05-16 10:19:42,401+0530","service":"FyersAPIRequest"}
{"level":"DEBUG","location":"[get_call:140] fyersModel","message":{"Status Code":200,"API":"/positions"},"timestamp":"2025-05-16 10:19:45,363+0530","service":"FyersAPIRequest"}
{"level":"DEBUG","location":"[get_call:140] fyersModel","message":{"Status Code":200,"API":"/positions"},"timestamp":"2025-05-16 10:19:47,861+0530","service":"FyersAPIRequest"}
{"level":"DEBUG","location":"[get_call:140] fyersModel","message":{"Status Code":200,"API":"/positions"},"timestamp":"2025-05-16 10:19:50,356+0530","service":"FyersAPIRequest"}
{"level":"DEBUG","location":"[get_call:140] fyersModel","message":{"Status Code":200,"API":"/positions"},"timestamp":"2025-05-16 10:19:52,869+0530","service":"FyersAPIRequest"}
{"level":"DEBUG","location":"[get_call:140] fyersModel","message":{"Status Code":200,"API":"/positions"},"timestamp":"2025-05-16 10:19:55,876+0530","service":"FyersAPIRequest"}
{"level":"DEBUG","location":"[get_call:140] fyersModel","message":{"Status Code":200,"API":"/positions"},"timestamp":"2025-05-16 10:19:58,373+0530","service":"FyersAPIRequest"}
{"level":"DEBUG","location":"[get_call:140] fyersModel","message":{"Status Code":200,"API":"/positions"},"timestamp":"2025-05-16 10:20:00,874+0530","service":"FyersAPIRequest"}
{"level":"DEBUG","location":"[get_call:140] fyersModel","message":{"Status Code":200,"API":"/positions"},"timestamp":"2025-05-16 10:20:03,379+0530","service":"FyersAPIRequest"}
{"level":"DEBUG","location":"[get_call:140] fyersModel","message":{"Status Code":200,"API":"/positions"},"timestamp":"2025-05-16 10:20:06,374+0530","service":"FyersAPIRequest"}
{"level":"DEBUG","location":"[get_call:140] fyersModel","message":{"Status Code":200,"API":"/positions"},"timestamp":"2025-05-16 10:20:08,865+0530","service":"FyersAPIRequest"}
{"level":"DEBUG","location":"[get_call:140] fyersModel","message":{"Status Code":200,"API":"/positions"},"timestamp":"2025-05-16 10:20:11,352+0530","service":"FyersAPIRequest"}
{"level":"DEBUG","location":"[get_call:140] fyersModel","message":{"Status Code":200,"API":"/positions"},"timestamp":"2025-05-16 10:20:13,842+0530","service":"FyersAPIRequest"}
{"level":"DEBUG","location":"[get_call:140] fyersModel","message":{"Status Code":200,"API":"/positions"},"timestamp":"2025-05-16 10:20:16,367+0530","service":"FyersAPIRequest"}
{"level":"DEBUG","location":"[get_call:140] fyersModel","message":{"Status Code":200,"API":"/positions"},"timestamp":"2025-05-16 10:20:19,358+0530","service":"FyersAPIRequest"}
{"level":"DEBUG","location":"[get_call:140] fyersModel","message":{"Status Code":200,"API":"/positions"},"timestamp":"2025-05-16 10:20:22,348+0530","service":"FyersAPIRequest"}
{"level":"DEBUG","location":"[get_call:140] fyersModel","message":{"Status Code":200,"API":"/positions"},"timestamp":"2025-05-16 10:20:24,846+0530","service":"FyersAPIRequest"}
{"level":"DEBUG","location":"[get_call:140] fyersModel","message":{"Status Code":200,"API":"/positions"},"timestamp":"2025-05-16 10:20:27,346+0530","service":"FyersAPIRequest"}
{"level":"DEBUG","location":"[get_call:140] fyersModel","message":{"Status Code":200,"API":"/positions"},"timestamp":"2025-05-16 10:20:29,836+0530","service":"FyersAPIRequest"}
{"level":"DEBUG","location":"[get_call:140] fyersModel","message":{"Status Code":200,"API":"/positions"},"timestamp":"2025-05-16 10:20:32,330+0530","service":"FyersAPIRequest"}
{"level":"DEBUG","location":"[get_call:140] fyersModel","message":{"Status Code":200,"API":"/positions"},"timestamp":"2025-05-16 10:20:34,828+0530","service":"FyersAPIRequest"}
{"level":"DEBUG","location":"[get_call:140] fyersModel","message":{"Status Code":200,"API":"/positions"},"timestamp":"2025-05-16 10:20:37,333+0530","service":"FyersAPIRequest"}
{"level":"DEBUG","location":"[get_call:140] fyersModel","message":{"Status Code":200,"API":"/positions"},"timestamp":"2025-05-16 10:20:39,821+0530","service":"FyersAPIRequest"}
{"level":"DEBUG","location":"[get_call:140] fyersModel","message":{"Status Code":200,"API":"/positions"},"timestamp":"2025-05-16 10:20:42,325+0530","service":"FyersAPIRequest"}
{"level":"DEBUG","location":"[get_call:140] fyersModel","message":{"Status Code":200,"API":"/positions"},"timestamp":"2025-05-16 10:20:44,829+0530","service":"FyersAPIRequest"}
{"level":"DEBUG","location":"[get_call:140] fyersModel","message":{"Status Code":200,"API":"/positions"},"timestamp":"2025-05-16 10:20:47,317+0530","service":"FyersAPIRequest"}
{"level":"DEBUG","location":"[get_call:140] fyersModel","message":{"Status Code":200,"API":"/positions"},"timestamp":"2025-05-16 10:20:49,816+0530","service":"FyersAPIRequest"}
{"level":"DEBUG","location":"[get_call:140] fyersModel","message":{"Status Code":200,"API":"/positions"},"timestamp":"2025-05-16 10:20:52,321+0530","service":"FyersAPIRequest"}
{"level":"DEBUG","location":"[get_call:140] fyersModel","message":{"Status Code":200,"API":"/positions"},"timestamp":"2025-05-16 10:20:55,338+0530","service":"FyersAPIRequest"}
{"level":"DEBUG","location":"[get_call:140] fyersModel","message":{"Status Code":200,"API":"/positions"},"timestamp":"2025-05-16 10:20:58,303+0530","service":"FyersAPIRequest"}
{"level":"DEBUG","location":"[get_call:140] fyersModel","message":{"Status Code":200,"API":"/positions"},"timestamp":"2025-05-16 10:21:00,830+0530","service":"FyersAPIRequest"}
{"level":"DEBUG","location":"[get_call:140] fyersModel","message":{"Status Code":200,"API":"/positions"},"timestamp":"2025-05-16 10:21:03,329+0530","service":"FyersAPIRequest"}
{"level":"DEBUG","location":"[get_call:140] fyersModel","message":{"Status Code":200,"API":"/positions"},"timestamp":"2025-05-16 10:21:05,895+0530","service":"FyersAPIRequest"}
{"level":"DEBUG","location":"[get_call:140] fyersModel","message":{"Status Code":200,"API":"/positions"},"timestamp":"2025-05-16 10:21:08,406+0530","service":"FyersAPIRequest"}
{"level":"DEBUG","location":"[get_call:140] fyersModel","message":{"Status Code":200,"API":"/positions"},"timestamp":"2025-05-16 10:21:10,913+0530","service":"FyersAPIRequest"}
{"level":"DEBUG","location":"[get_call:140] fyersModel","message":{"Status Code":200,"API":"/positions"},"timestamp":"2025-05-16 10:21:13,415+0530","service":"FyersAPIRequest"}
{"level":"DEBUG","location":"[get_call:140] fyersModel","message":{"Status Code":200,"API":"/positions"},"timestamp":"2025-05-16 10:21:15,914+0530","service":"FyersAPIRequest"}
{"level":"DEBUG","location":"[get_call:140] fyersModel","message":{"Status Code":200,"API":"/positions"},"timestamp":"2025-05-16 10:21:18,409+0530","service":"FyersAPIRequest"}
{"level":"DEBUG","location":"[get_call:140] fyersModel","message":{"Status Code":200,"API":"/positions"},"timestamp":"2025-05-16 10:21:20,932+0530","service":"FyersAPIRequest"}
{"level":"DEBUG","location":"[get_call:140] fyersModel","message":{"Status Code":200,"API":"/positions"},"timestamp":"2025-05-16 10:21:23,425+0530","service":"FyersAPIRequest"}
{"level":"DEBUG","location":"[get_call:140] fyersModel","message":{"Status Code":200,"API":"/positions"},"timestamp":"2025-05-16 10:21:26,438+0530","service":"FyersAPIRequest"}
{"level":"DEBUG","location":"[get_call:140] fyersModel","message":{"Status Code":200,"API":"/positions"},"timestamp":"2025-05-16 10:21:28,953+0530","service":"FyersAPIRequest"}
{"level":"DEBUG","location":"[get_call:140] fyersModel","message":{"Status Code":200,"API":"/positions"},"timestamp":"2025-05-16 10:21:31,450+0530","service":"FyersAPIRequest"}
{"level":"DEBUG","location":"[get_call:140] fyersModel","message":{"Status Code":200,"API":"/positions"},"timestamp":"2025-05-16 10:21:33,945+0530","service":"FyersAPIRequest"}
{"level":"DEBUG","location":"[get_call:140] fyersModel","message":{"Status Code":200,"API":"/positions"},"timestamp":"2025-05-16 10:21:36,449+0530","service":"FyersAPIRequest"}
{"level":"DEBUG","location":"[get_call:140] fyersModel","message":{"Status Code":200,"API":"/positions"},"timestamp":"2025-05-16 10:21:38,946+0530","service":"FyersAPIRequest"}
{"level":"DEBUG","location":"[get_call:140] fyersModel","message":{"Status Code":200,"API":"/positions"},"timestamp":"2025-05-16 10:21:41,440+0530","service":"FyersAPIRequest"}
{"level":"DEBUG","location":"[get_call:140] fyersModel","message":{"Status Code":200,"API":"/positions"},"timestamp":"2025-05-16 10:21:43,946+0530","service":"FyersAPIRequest"}
{"level":"DEBUG","location":"[get_call:140] fyersModel","message":{"Status Code":200,"API":"/positions"},"timestamp":"2025-05-16 10:21:47,398+0530","service":"FyersAPIRequest"}
{"level":"DEBUG","location":"[get_call:140] fyersModel","message":{"Status Code":200,"API":"/positions"},"timestamp":"2025-05-16 10:21:49,898+0530","service":"FyersAPIRequest"}
{"level":"DEBUG","location":"[get_call:140] fyersModel","message":{"Status Code":200,"API":"/positions"},"timestamp":"2025-05-16 10:21:52,413+0530","service":"FyersAPIRequest"}
{"level":"DEBUG","location":"[get_call:140] fyersModel","message":{"Status Code":200,"API":"/positions"},"timestamp":"2025-05-16 10:21:54,911+0530","service":"FyersAPIRequest"}
{"level":"DEBUG","location":"[get_call:140] fyersModel","message":{"Status Code":200,"API":"/positions"},"timestamp":"2025-05-16 10:21:57,409+0530","service":"FyersAPIRequest"}
{"level":"DEBUG","location":"[get_call:140] fyersModel","message":{"Status Code":200,"API":"/positions"},"timestamp":"2025-05-16 10:21:59,919+0530","service":"FyersAPIRequest"}
{"level":"DEBUG","location":"[get_call:140] fyersModel","message":{"Status Code":200,"API":"/positions"},"timestamp":"2025-05-16 10:22:02,438+0530","service":"FyersAPIRequest"}
{"level":"DEBUG","location":"[get_call:140] fyersModel","message":{"Status Code":200,"API":"/positions"},"timestamp":"2025-05-16 10:22:05,438+0530","service":"FyersAPIRequest"}
{"level":"DEBUG","location":"[get_call:140] fyersModel","message":{"Status Code":200,"API":"/positions"},"timestamp":"2025-05-16 10:22:07,941+0530","service":"FyersAPIRequest"}
{"level":"DEBUG","location":"[get_call:140] fyersModel","message":{"Status Code":200,"API":"/positions"},"timestamp":"2025-05-16 10:22:10,436+0530","service":"FyersAPIRequest"}
{"level":"DEBUG","location":"[get_call:140] fyersModel","message":{"Status Code":200,"API":"/positions"},"timestamp":"2025-05-16 10:22:12,937+0530","service":"FyersAPIRequest"}
{"level":"DEBUG","location":"[get_call:140] fyersModel","message":{"Status Code":200,"API":"/positions"},"timestamp":"2025-05-16 10:22:15,438+0530","service":"FyersAPIRequest"}
{"level":"DEBUG","location":"[get_call:140] fyersModel","message":{"Status Code":200,"API":"/positions"},"timestamp":"2025-05-16 10:22:17,939+0530","service":"FyersAPIRequest"}
{"level":"DEBUG","location":"[get_call:140] fyersModel","message":{"Status Code":200,"API":"/positions"},"timestamp":"2025-05-16 10:22:20,447+0530","service":"FyersAPIRequest"}
{"level":"DEBUG","location":"[get_call:140] fyersModel","message":{"Status Code":200,"API":"/positions"},"timestamp":"2025-05-16 10:22:22,944+0530","service":"FyersAPIRequest"}
{"level":"DEBUG","location":"[get_call:140] fyersModel","message":{"Status Code":200,"API":"/positions"},"timestamp":"2025-05-16 10:22:25,443+0530","service":"FyersAPIRequest"}
{"level":"DEBUG","location":"[get_call:140] fyersModel","message":{"Status Code":200,"API":"/positions"},"timestamp":"2025-05-16 10:22:28,425+0530","service":"FyersAPIRequest"}
{"level":"DEBUG","location":"[get_call:140] fyersModel","message":{"Status Code":200,"API":"/positions"},"timestamp":"2025-05-16 10:22:30,952+0530","service":"FyersAPIRequest"}
{"level":"DEBUG","location":"[get_call:140] fyersModel","message":{"Status Code":200,"API":"/positions"},"timestamp":"2025-05-16 10:22:33,440+0530","service":"FyersAPIRequest"}
{"level":"DEBUG","location":"[get_call:140] fyersModel","message":{"Status Code":200,"API":"/positions"},"timestamp":"2025-05-16 10:22:35,969+0530","service":"FyersAPIRequest"}
{"level":"DEBUG","location":"[get_call:140] fyersModel","message":{"Status Code":200,"API":"/positions"},"timestamp":"2025-05-16 10:22:38,470+0530","service":"FyersAPIRequest"}
{"level":"DEBUG","location":"[get_call:140] fyersModel","message":{"Status Code":200,"API":"/positions"},"timestamp":"2025-05-16 10:22:41,135+0530","service":"FyersAPIRequest"}
{"level":"DEBUG","location":"[get_call:140] fyersModel","message":{"Status Code":200,"API":"/positions"},"timestamp":"2025-05-16 10:22:43,651+0530","service":"FyersAPIRequest"}
{"level":"DEBUG","location":"[get_call:140] fyersModel","message":{"Status Code":200,"API":"/positions"},"timestamp":"2025-05-16 10:22:46,152+0530","service":"FyersAPIRequest"}
{"level":"DEBUG","location":"[get_call:140] fyersModel","message":{"Status Code":200,"API":"/positions"},"timestamp":"2025-05-16 10:22:48,664+0530","service":"FyersAPIRequest"}
{"level":"DEBUG","location":"[get_call:140] fyersModel","message":{"Status Code":200,"API":"/positions"},"timestamp":"2025-05-16 10:22:51,638+0530","service":"FyersAPIRequest"}
{"level":"DEBUG","location":"[get_call:140] fyersModel","message":{"Status Code":200,"API":"/positions"},"timestamp":"2025-05-16 10:22:54,136+0530","service":"FyersAPIRequest"}
{"level":"DEBUG","location":"[get_call:140] fyersModel","message":{"Status Code":200,"API":"/positions"},"timestamp":"2025-05-16 10:22:57,113+0530","service":"FyersAPIRequest"}
{"level":"DEBUG","location":"[get_call:140] fyersModel","message":{"Status Code":200,"API":"/positions"},"timestamp":"2025-05-16 10:22:59,611+0530","service":"FyersAPIRequest"}
{"level":"DEBUG","location":"[get_call:140] fyersModel","message":{"Status Code":200,"API":"/positions"},"timestamp":"2025-05-16 10:23:02,127+0530","service":"FyersAPIRequest"}
{"level":"DEBUG","location":"[get_call:140] fyersModel","message":{"Status Code":200,"API":"/positions"},"timestamp":"2025-05-16 10:23:04,635+0530","service":"FyersAPIRequest"}
{"level":"DEBUG","location":"[get_call:140] fyersModel","message":{"Status Code":200,"API":"/positions"},"timestamp":"2025-05-16 10:23:07,136+0530","service":"FyersAPIRequest"}
{"level":"DEBUG","location":"[get_call:140] fyersModel","message":{"Status Code":200,"API":"/positions"},"timestamp":"2025-05-16 10:23:09,625+0530","service":"FyersAPIRequest"}
{"level":"DEBUG","location":"[get_call:140] fyersModel","message":{"Status Code":200,"API":"/positions"},"timestamp":"2025-05-16 10:23:12,145+0530","service":"FyersAPIRequest"}
{"level":"DEBUG","location":"[get_call:140] fyersModel","message":{"Status Code":200,"API":"/positions"},"timestamp":"2025-05-16 10:23:14,658+0530","service":"FyersAPIRequest"}
{"level":"DEBUG","location":"[get_call:140] fyersModel","message":{"Status Code":200,"API":"/positions"},"timestamp":"2025-05-16 10:23:17,147+0530","service":"FyersAPIRequest"}
{"level":"DEBUG","location":"[get_call:140] fyersModel","message":{"Status Code":200,"API":"/positions"},"timestamp":"2025-05-16 10:23:19,653+0530","service":"FyersAPIRequest"}
{"level":"DEBUG","location":"[get_call:140] fyersModel","message":{"Status Code":200,"API":"/positions"},"timestamp":"2025-05-16 10:23:22,143+0530","service":"FyersAPIRequest"}
{"level":"DEBUG","location":"[get_call:140] fyersModel","message":{"Status Code":200,"API":"/positions"},"timestamp":"2025-05-16 10:23:24,654+0530","service":"FyersAPIRequest"}
{"level":"DEBUG","location":"[get_call:140] fyersModel","message":{"Status Code":200,"API":"/positions"},"timestamp":"2025-05-16 10:23:27,643+0530","service":"FyersAPIRequest"}
{"level":"DEBUG","location":"[get_call:140] fyersModel","message":{"Status Code":200,"API":"/positions"},"timestamp":"2025-05-16 10:23:30,146+0530","service":"FyersAPIRequest"}
{"level":"DEBUG","location":"[get_call:140] fyersModel","message":{"Status Code":200,"API":"/positions"},"timestamp":"2025-05-16 10:23:32,650+0530","service":"FyersAPIRequest"}
{"level":"DEBUG","location":"[get_call:140] fyersModel","message":{"Status Code":200,"API":"/positions"},"timestamp":"2025-05-16 10:23:35,144+0530","service":"FyersAPIRequest"}
{"level":"DEBUG","location":"[get_call:140] fyersModel","message":{"Status Code":200,"API":"/positions"},"timestamp":"2025-05-16 10:23:37,665+0530","service":"FyersAPIRequest"}
{"level":"DEBUG","location":"[get_call:140] fyersModel","message":{"Status Code":200,"API":"/positions"},"timestamp":"2025-05-16 10:23:40,727+0530","service":"FyersAPIRequest"}
{"level":"DEBUG","location":"[get_call:140] fyersModel","message":{"Status Code":200,"API":"/positions"},"timestamp":"2025-05-16 10:23:43,245+0530","service":"FyersAPIRequest"}
{"level":"DEBUG","location":"[get_call:140] fyersModel","message":{"Status Code":200,"API":"/positions"},"timestamp":"2025-05-16 10:23:45,749+0530","service":"FyersAPIRequest"}
{"level":"DEBUG","location":"[get_call:140] fyersModel","message":{"Status Code":200,"API":"/positions"},"timestamp":"2025-05-16 10:23:48,247+0530","service":"FyersAPIRequest"}
{"level":"DEBUG","location":"[get_call:140] fyersModel","message":{"Status Code":200,"API":"/positions"},"timestamp":"2025-05-16 10:23:50,740+0530","service":"FyersAPIRequest"}
{"level":"DEBUG","location":"[get_call:140] fyersModel","message":{"Status Code":200,"API":"/positions"},"timestamp":"2025-05-16 10:23:53,726+0530","service":"FyersAPIRequest"}
{"level":"DEBUG","location":"[get_call:140] fyersModel","message":{"Status Code":200,"API":"/positions"},"timestamp":"2025-05-16 10:23:56,219+0530","service":"FyersAPIRequest"}
{"level":"DEBUG","location":"[get_call:140] fyersModel","message":{"Status Code":200,"API":"/positions"},"timestamp":"2025-05-16 10:23:58,714+0530","service":"FyersAPIRequest"}
{"level":"DEBUG","location":"[get_call:140] fyersModel","message":{"Status Code":200,"API":"/positions"},"timestamp":"2025-05-16 10:24:01,214+0530","service":"FyersAPIRequest"}
{"level":"DEBUG","location":"[get_call:140] fyersModel","message":{"Status Code":200,"API":"/positions"},"timestamp":"2025-05-16 10:24:03,709+0530","service":"FyersAPIRequest"}
{"level":"DEBUG","location":"[get_call:140] fyersModel","message":{"Status Code":200,"API":"/positions"},"timestamp":"2025-05-16 10:24:06,208+0530","service":"FyersAPIRequest"}
{"level":"DEBUG","location":"[get_call:140] fyersModel","message":{"Status Code":200,"API":"/positions"},"timestamp":"2025-05-16 10:24:08,716+0530","service":"FyersAPIRequest"}
{"level":"DEBUG","location":"[get_call:140] fyersModel","message":{"Status Code":200,"API":"/positions"},"timestamp":"2025-05-16 10:24:11,222+0530","service":"FyersAPIRequest"}
{"level":"DEBUG","location":"[get_call:140] fyersModel","message":{"Status Code":200,"API":"/positions"},"timestamp":"2025-05-16 10:24:13,730+0530","service":"FyersAPIRequest"}
{"level":"DEBUG","location":"[get_call:140] fyersModel","message":{"Status Code":200,"API":"/positions"},"timestamp":"2025-05-16 10:24:16,246+0530","service":"FyersAPIRequest"}
{"level":"DEBUG","location":"[get_call:140] fyersModel","message":{"Status Code":200,"API":"/positions"},"timestamp":"2025-05-16 10:24:18,791+0530","service":"FyersAPIRequest"}
{"level":"DEBUG","location":"[get_call:140] fyersModel","message":{"Status Code":200,"API":"/positions"},"timestamp":"2025-05-16 10:24:21,297+0530","service":"FyersAPIRequest"}
{"level":"DEBUG","location":"[get_call:140] fyersModel","message":{"Status Code":200,"API":"/positions"},"timestamp":"2025-05-16 10:24:23,794+0530","service":"FyersAPIRequest"}
{"level":"DEBUG","location":"[get_call:140] fyersModel","message":{"Status Code":200,"API":"/positions"},"timestamp":"2025-05-16 10:24:26,293+0530","service":"FyersAPIRequest"}
{"level":"DEBUG","location":"[get_call:140] fyersModel","message":{"Status Code":200,"API":"/positions"},"timestamp":"2025-05-16 10:24:28,793+0530","service":"FyersAPIRequest"}
{"level":"DEBUG","location":"[get_call:140] fyersModel","message":{"Status Code":200,"API":"/positions"},"timestamp":"2025-05-16 10:24:31,317+0530","service":"FyersAPIRequest"}
{"level":"DEBUG","location":"[get_call:140] fyersModel","message":{"Status Code":200,"API":"/positions"},"timestamp":"2025-05-16 10:24:33,817+0530","service":"FyersAPIRequest"}
{"level":"DEBUG","location":"[get_call:140] fyersModel","message":{"Status Code":200,"API":"/positions"},"timestamp":"2025-05-16 10:24:36,321+0530","service":"FyersAPIRequest"}
{"level":"DEBUG","location":"[get_call:140] fyersModel","message":{"Status Code":200,"API":"/positions"},"timestamp":"2025-05-16 10:24:39,307+0530","service":"FyersAPIRequest"}
{"level":"DEBUG","location":"[get_call:140] fyersModel","message":{"Status Code":200,"API":"/positions"},"timestamp":"2025-05-16 10:24:41,811+0530","service":"FyersAPIRequest"}
{"level":"DEBUG","location":"[get_call:140] fyersModel","message":{"Status Code":200,"API":"/positions"},"timestamp":"2025-05-16 10:24:44,306+0530","service":"FyersAPIRequest"}
{"level":"DEBUG","location":"[get_call:140] fyersModel","message":{"Status Code":200,"API":"/positions"},"timestamp":"2025-05-16 10:24:46,802+0530","service":"FyersAPIRequest"}
{"level":"DEBUG","location":"[get_call:140] fyersModel","message":{"Status Code":200,"API":"/positions"},"timestamp":"2025-05-16 10:24:49,307+0530","service":"FyersAPIRequest"}
{"level":"DEBUG","location":"[get_call:140] fyersModel","message":{"Status Code":200,"API":"/positions"},"timestamp":"2025-05-16 10:24:51,805+0530","service":"FyersAPIRequest"}
{"level":"DEBUG","location":"[get_call:140] fyersModel","message":{"Status Code":200,"API":"/positions"},"timestamp":"2025-05-16 10:24:54,304+0530","service":"FyersAPIRequest"}
{"level":"DEBUG","location":"[get_call:140] fyersModel","message":{"Status Code":200,"API":"/positions"},"timestamp":"2025-05-16 10:24:56,805+0530","service":"FyersAPIRequest"}
{"level":"DEBUG","location":"[get_call:140] fyersModel","message":{"Status Code":200,"API":"/positions"},"timestamp":"2025-05-16 10:24:59,295+0530","service":"FyersAPIRequest"}
{"level":"DEBUG","location":"[get_call:140] fyersModel","message":{"Status Code":200,"API":"/positions"},"timestamp":"2025-05-16 10:25:01,817+0530","service":"FyersAPIRequest"}
{"level":"DEBUG","location":"[get_call:140] fyersModel","message":{"Status Code":200,"API":"/positions"},"timestamp":"2025-05-16 10:25:04,805+0530","service":"FyersAPIRequest"}
{"level":"DEBUG","location":"[get_call:140] fyersModel","message":{"Status Code":200,"API":"/positions"},"timestamp":"2025-05-16 10:25:07,337+0530","service":"FyersAPIRequest"}
{"level":"DEBUG","location":"[get_call:140] fyersModel","message":{"Status Code":200,"API":"/positions"},"timestamp":"2025-05-16 10:25:09,829+0530","service":"FyersAPIRequest"}
{"level":"DEBUG","location":"[get_call:140] fyersModel","message":{"Status Code":200,"API":"/positions"},"timestamp":"2025-05-16 10:25:12,333+0530","service":"FyersAPIRequest"}
{"level":"DEBUG","location":"[get_call:140] fyersModel","message":{"Status Code":200,"API":"/positions"},"timestamp":"2025-05-16 10:25:14,880+0530","service":"FyersAPIRequest"}
{"level":"DEBUG","location":"[get_call:140] fyersModel","message":{"Status Code":200,"API":"/positions"},"timestamp":"2025-05-16 10:25:17,370+0530","service":"FyersAPIRequest"}
{"level":"DEBUG","location":"[get_call:140] fyersModel","message":{"Status Code":200,"API":"/positions"},"timestamp":"2025-05-16 10:25:19,867+0530","service":"FyersAPIRequest"}
{"level":"DEBUG","location":"[get_call:140] fyersModel","message":{"Status Code":200,"API":"/positions"},"timestamp":"2025-05-16 10:25:22,360+0530","service":"FyersAPIRequest"}
{"level":"DEBUG","location":"[get_call:140] fyersModel","message":{"Status Code":200,"API":"/positions"},"timestamp":"2025-05-16 10:25:24,868+0530","service":"FyersAPIRequest"}
{"level":"DEBUG","location":"[get_call:140] fyersModel","message":{"Status Code":200,"API":"/positions"},"timestamp":"2025-05-16 10:25:27,363+0530","service":"FyersAPIRequest"}
{"level":"DEBUG","location":"[get_call:140] fyersModel","message":{"Status Code":200,"API":"/positions"},"timestamp":"2025-05-16 10:25:29,854+0530","service":"FyersAPIRequest"}
{"level":"DEBUG","location":"[get_call:140] fyersModel","message":{"Status Code":200,"API":"/positions"},"timestamp":"2025-05-16 10:25:32,542+0530","service":"FyersAPIRequest"}
{"level":"DEBUG","location":"[get_call:140] fyersModel","message":{"Status Code":200,"API":"/positions"},"timestamp":"2025-05-16 10:25:35,045+0530","service":"FyersAPIRequest"}
{"level":"DEBUG","location":"[get_call:140] fyersModel","message":{"Status Code":200,"API":"/positions"},"timestamp":"2025-05-16 10:25:37,564+0530","service":"FyersAPIRequest"}
{"level":"DEBUG","location":"[get_call:140] fyersModel","message":{"Status Code":200,"API":"/positions"},"timestamp":"2025-05-16 10:25:40,542+0530","service":"FyersAPIRequest"}
{"level":"DEBUG","location":"[get_call:140] fyersModel","message":{"Status Code":200,"API":"/positions"},"timestamp":"2025-05-16 10:25:43,073+0530","service":"FyersAPIRequest"}
{"level":"DEBUG","location":"[get_call:140] fyersModel","message":{"Status Code":200,"API":"/positions"},"timestamp":"2025-05-16 10:25:45,565+0530","service":"FyersAPIRequest"}
{"level":"DEBUG","location":"[get_call:140] fyersModel","message":{"Status Code":200,"API":"/positions"},"timestamp":"2025-05-16 10:25:48,098+0530","service":"FyersAPIRequest"}
{"level":"DEBUG","location":"[get_call:140] fyersModel","message":{"Status Code":200,"API":"/positions"},"timestamp":"2025-05-16 10:25:51,077+0530","service":"FyersAPIRequest"}
{"level":"DEBUG","location":"[get_call:140] fyersModel","message":{"Status Code":200,"API":"/positions"},"timestamp":"2025-05-16 10:25:53,576+0530","service":"FyersAPIRequest"}
{"level":"DEBUG","location":"[get_call:140] fyersModel","message":{"Status Code":200,"API":"/positions"},"timestamp":"2025-05-16 10:25:56,064+0530","service":"FyersAPIRequest"}
{"level":"DEBUG","location":"[get_call:140] fyersModel","message":{"Status Code":200,"API":"/positions"},"timestamp":"2025-05-16 10:25:58,564+0530","service":"FyersAPIRequest"}
{"level":"DEBUG","location":"[get_call:140] fyersModel","message":{"Status Code":200,"API":"/positions"},"timestamp":"2025-05-16 10:26:01,050+0530","service":"FyersAPIRequest"}
{"level":"DEBUG","location":"[get_call:140] fyersModel","message":{"Status Code":200,"API":"/positions"},"timestamp":"2025-05-16 10:26:03,575+0530","service":"FyersAPIRequest"}
{"level":"DEBUG","location":"[get_call:140] fyersModel","message":{"Status Code":200,"API":"/positions"},"timestamp":"2025-05-16 10:26:06,144+0530","service":"FyersAPIRequest"}
{"level":"DEBUG","location":"[get_call:140] fyersModel","message":{"Status Code":200,"API":"/positions"},"timestamp":"2025-05-16 10:26:09,123+0530","service":"FyersAPIRequest"}
{"level":"DEBUG","location":"[get_call:140] fyersModel","message":{"Status Code":200,"API":"/positions"},"timestamp":"2025-05-16 10:26:11,627+0530","service":"FyersAPIRequest"}
{"level":"DEBUG","location":"[get_call:140] fyersModel","message":{"Status Code":200,"API":"/positions"},"timestamp":"2025-05-16 10:26:14,128+0530","service":"FyersAPIRequest"}
{"level":"DEBUG","location":"[get_call:140] fyersModel","message":{"Status Code":200,"API":"/positions"},"timestamp":"2025-05-16 10:26:16,634+0530","service":"FyersAPIRequest"}
{"level":"DEBUG","location":"[get_call:140] fyersModel","message":{"Status Code":200,"API":"/positions"},"timestamp":"2025-05-16 10:26:19,125+0530","service":"FyersAPIRequest"}
{"level":"DEBUG","location":"[get_call:140] fyersModel","message":{"Status Code":200,"API":"/positions"},"timestamp":"2025-05-16 10:26:21,638+0530","service":"FyersAPIRequest"}
{"level":"DEBUG","location":"[get_call:140] fyersModel","message":{"Status Code":200,"API":"/positions"},"timestamp":"2025-05-16 10:26:24,127+0530","service":"FyersAPIRequest"}
{"level":"DEBUG","location":"[get_call:140] fyersModel","message":{"Status Code":200,"API":"/positions"},"timestamp":"2025-05-16 10:26:26,658+0530","service":"FyersAPIRequest"}
{"level":"DEBUG","location":"[get_call:140] fyersModel","message":{"Status Code":200,"API":"/positions"},"timestamp":"2025-05-16 10:26:29,158+0530","service":"FyersAPIRequest"}
{"level":"DEBUG","location":"[get_call:140] fyersModel","message":{"Status Code":200,"API":"/positions"},"timestamp":"2025-05-16 10:26:31,668+0530","service":"FyersAPIRequest"}
{"level":"DEBUG","location":"[get_call:140] fyersModel","message":{"Status Code":200,"API":"/positions"},"timestamp":"2025-05-16 10:26:34,172+0530","service":"FyersAPIRequest"}
{"level":"DEBUG","location":"[get_call:140] fyersModel","message":{"Status Code":200,"API":"/positions"},"timestamp":"2025-05-16 10:26:36,674+0530","service":"FyersAPIRequest"}
{"level":"DEBUG","location":"[get_call:140] fyersModel","message":{"Status Code":200,"API":"/positions"},"timestamp":"2025-05-16 10:26:39,173+0530","service":"FyersAPIRequest"}
{"level":"DEBUG","location":"[get_call:140] fyersModel","message":{"Status Code":200,"API":"/positions"},"timestamp":"2025-05-16 10:26:41,664+0530","service":"FyersAPIRequest"}
{"level":"DEBUG","location":"[get_call:140] fyersModel","message":{"Status Code":200,"API":"/positions"},"timestamp":"2025-05-16 10:26:44,174+0530","service":"FyersAPIRequest"}
{"level":"DEBUG","location":"[get_call:140] fyersModel","message":{"Status Code":200,"API":"/positions"},"timestamp":"2025-05-16 10:26:46,685+0530","service":"FyersAPIRequest"}
{"level":"DEBUG","location":"[get_call:140] fyersModel","message":{"Status Code":200,"API":"/positions"},"timestamp":"2025-05-16 10:26:49,227+0530","service":"FyersAPIRequest"}
{"level":"DEBUG","location":"[get_call:140] fyersModel","message":{"Status Code":200,"API":"/positions"},"timestamp":"2025-05-16 10:26:51,729+0530","service":"FyersAPIRequest"}
{"level":"DEBUG","location":"[get_call:140] fyersModel","message":{"Status Code":200,"API":"/positions"},"timestamp":"2025-05-16 10:26:54,266+0530","service":"FyersAPIRequest"}
{"level":"DEBUG","location":"[get_call:140] fyersModel","message":{"Status Code":200,"API":"/positions"},"timestamp":"2025-05-16 10:26:56,764+0530","service":"FyersAPIRequest"}
{"level":"DEBUG","location":"[get_call:140] fyersModel","message":{"Status Code":200,"API":"/positions"},"timestamp":"2025-05-16 10:26:59,260+0530","service":"FyersAPIRequest"}
{"level":"DEBUG","location":"[get_call:140] fyersModel","message":{"Status Code":200,"API":"/positions"},"timestamp":"2025-05-16 10:27:02,241+0530","service":"FyersAPIRequest"}
{"level":"DEBUG","location":"[get_call:140] fyersModel","message":{"Status Code":200,"API":"/positions"},"timestamp":"2025-05-16 10:27:04,736+0530","service":"FyersAPIRequest"}
{"level":"DEBUG","location":"[get_call:140] fyersModel","message":{"Status Code":200,"API":"/positions"},"timestamp":"2025-05-16 10:27:07,770+0530","service":"FyersAPIRequest"}
{"level":"DEBUG","location":"[get_call:140] fyersModel","message":{"Status Code":200,"API":"/positions"},"timestamp":"2025-05-16 10:27:10,291+0530","service":"FyersAPIRequest"}
{"level":"DEBUG","location":"[get_call:140] fyersModel","message":{"Status Code":200,"API":"/positions"},"timestamp":"2025-05-16 10:27:12,794+0530","service":"FyersAPIRequest"}
{"level":"DEBUG","location":"[get_call:140] fyersModel","message":{"Status Code":200,"API":"/positions"},"timestamp":"2025-05-16 10:27:15,781+0530","service":"FyersAPIRequest"}
{"level":"DEBUG","location":"[get_call:140] fyersModel","message":{"Status Code":200,"API":"/positions"},"timestamp":"2025-05-16 10:27:18,287+0530","service":"FyersAPIRequest"}
{"level":"DEBUG","location":"[get_call:140] fyersModel","message":{"Status Code":200,"API":"/positions"},"timestamp":"2025-05-16 10:27:21,235+0530","service":"FyersAPIRequest"}
{"level":"DEBUG","location":"[get_call:140] fyersModel","message":{"Status Code":200,"API":"/positions"},"timestamp":"2025-05-16 10:27:23,751+0530","service":"FyersAPIRequest"}
{"level":"DEBUG","location":"[get_call:140] fyersModel","message":{"Status Code":200,"API":"/positions"},"timestamp":"2025-05-16 10:27:26,249+0530","service":"FyersAPIRequest"}
{"level":"DEBUG","location":"[get_call:140] fyersModel","message":{"Status Code":200,"API":"/positions"},"timestamp":"2025-05-16 10:27:28,742+0530","service":"FyersAPIRequest"}
{"level":"DEBUG","location":"[get_call:140] fyersModel","message":{"Status Code":200,"API":"/positions"},"timestamp":"2025-05-16 10:27:31,267+0530","service":"FyersAPIRequest"}
{"level":"DEBUG","location":"[get_call:140] fyersModel","message":{"Status Code":200,"API":"/positions"},"timestamp":"2025-05-16 10:27:33,756+0530","service":"FyersAPIRequest"}
{"level":"DEBUG","location":"[get_call:140] fyersModel","message":{"Status Code":200,"API":"/positions"},"timestamp":"2025-05-16 10:27:36,253+0530","service":"FyersAPIRequest"}
{"level":"DEBUG","location":"[get_call:140] fyersModel","message":{"Status Code":200,"API":"/positions"},"timestamp":"2025-05-16 10:27:38,773+0530","service":"FyersAPIRequest"}
{"level":"DEBUG","location":"[get_call:140] fyersModel","message":{"Status Code":200,"API":"/positions"},"timestamp":"2025-05-16 10:27:41,764+0530","service":"FyersAPIRequest"}
{"level":"DEBUG","location":"[get_call:140] fyersModel","message":{"Status Code":200,"API":"/positions"},"timestamp":"2025-05-16 10:27:44,268+0530","service":"FyersAPIRequest"}
{"level":"DEBUG","location":"[get_call:140] fyersModel","message":{"Status Code":200,"API":"/positions"},"timestamp":"2025-05-16 10:27:46,761+0530","service":"FyersAPIRequest"}
{"level":"DEBUG","location":"[get_call:140] fyersModel","message":{"Status Code":200,"API":"/positions"},"timestamp":"2025-05-16 10:27:49,274+0530","service":"FyersAPIRequest"}
{"level":"DEBUG","location":"[get_call:140] fyersModel","message":{"Status Code":200,"API":"/positions"},"timestamp":"2025-05-16 10:27:51,771+0530","service":"FyersAPIRequest"}
{"level":"DEBUG","location":"[get_call:140] fyersModel","message":{"Status Code":200,"API":"/positions"},"timestamp":"2025-05-16 10:27:54,302+0530","service":"FyersAPIRequest"}
{"level":"DEBUG","location":"[get_call:140] fyersModel","message":{"Status Code":200,"API":"/positions"},"timestamp":"2025-05-16 10:27:56,816+0530","service":"FyersAPIRequest"}
{"level":"DEBUG","location":"[get_call:140] fyersModel","message":{"Status Code":200,"API":"/positions"},"timestamp":"2025-05-16 10:27:59,327+0530","service":"FyersAPIRequest"}
{"level":"DEBUG","location":"[get_call:140] fyersModel","message":{"Status Code":200,"API":"/positions"},"timestamp":"2025-05-16 10:28:01,838+0530","service":"FyersAPIRequest"}
{"level":"DEBUG","location":"[get_call:140] fyersModel","message":{"Status Code":200,"API":"/positions"},"timestamp":"2025-05-16 10:28:04,833+0530","service":"FyersAPIRequest"}
{"level":"DEBUG","location":"[get_call:140] fyersModel","message":{"Status Code":200,"API":"/positions"},"timestamp":"2025-05-16 10:28:07,338+0530","service":"FyersAPIRequest"}
{"level":"DEBUG","location":"[get_call:140] fyersModel","message":{"Status Code":200,"API":"/positions"},"timestamp":"2025-05-16 10:28:09,835+0530","service":"FyersAPIRequest"}
{"level":"DEBUG","location":"[get_call:140] fyersModel","message":{"Status Code":200,"API":"/positions"},"timestamp":"2025-05-16 10:28:12,335+0530","service":"FyersAPIRequest"}
{"level":"DEBUG","location":"[get_call:140] fyersModel","message":{"Status Code":200,"API":"/positions"},"timestamp":"2025-05-16 10:28:14,833+0530","service":"FyersAPIRequest"}
{"level":"DEBUG","location":"[get_call:140] fyersModel","message":{"Status Code":200,"API":"/positions"},"timestamp":"2025-05-16 10:28:17,356+0530","service":"FyersAPIRequest"}
{"level":"DEBUG","location":"[get_call:140] fyersModel","message":{"Status Code":200,"API":"/positions"},"timestamp":"2025-05-16 10:28:19,863+0530","service":"FyersAPIRequest"}
{"level":"DEBUG","location":"[get_call:140] fyersModel","message":{"Status Code":200,"API":"/positions"},"timestamp":"2025-05-16 10:28:22,845+0530","service":"FyersAPIRequest"}
{"level":"DEBUG","location":"[get_call:140] fyersModel","message":{"Status Code":200,"API":"/positions"},"timestamp":"2025-05-16 10:28:25,843+0530","service":"FyersAPIRequest"}
{"level":"DEBUG","location":"[get_call:140] fyersModel","message":{"Status Code":200,"API":"/positions"},"timestamp":"2025-05-16 10:28:28,374+0530","service":"FyersAPIRequest"}
{"level":"DEBUG","location":"[get_call:140] fyersModel","message":{"Status Code":200,"API":"/positions"},"timestamp":"2025-05-16 10:28:30,872+0530","service":"FyersAPIRequest"}
{"level":"DEBUG","location":"[get_call:140] fyersModel","message":{"Status Code":200,"API":"/positions"},"timestamp":"2025-05-16 10:28:33,372+0530","service":"FyersAPIRequest"}
{"level":"DEBUG","location":"[get_call:140] fyersModel","message":{"Status Code":200,"API":"/positions"},"timestamp":"2025-05-16 10:28:35,867+0530","service":"FyersAPIRequest"}
{"level":"DEBUG","location":"[get_call:140] fyersModel","message":{"Status Code":200,"API":"/positions"},"timestamp":"2025-05-16 10:28:38,365+0530","service":"FyersAPIRequest"}
{"level":"DEBUG","location":"[get_call:140] fyersModel","message":{"Status Code":200,"API":"/positions"},"timestamp":"2025-05-16 10:28:40,863+0530","service":"FyersAPIRequest"}
{"level":"DEBUG","location":"[get_call:140] fyersModel","message":{"Status Code":200,"API":"/positions"},"timestamp":"2025-05-16 10:28:43,367+0530","service":"FyersAPIRequest"}
{"level":"DEBUG","location":"[get_call:140] fyersModel","message":{"Status Code":200,"API":"/positions"},"timestamp":"2025-05-16 10:28:45,860+0530","service":"FyersAPIRequest"}
{"level":"DEBUG","location":"[get_call:140] fyersModel","message":{"Status Code":200,"API":"/positions"},"timestamp":"2025-05-16 10:28:48,386+0530","service":"FyersAPIRequest"}
{"level":"DEBUG","location":"[get_call:140] fyersModel","message":{"Status Code":200,"API":"/positions"},"timestamp":"2025-05-16 10:28:50,879+0530","service":"FyersAPIRequest"}
{"level":"DEBUG","location":"[get_call:140] fyersModel","message":{"Status Code":200,"API":"/positions"},"timestamp":"2025-05-16 10:28:53,390+0530","service":"FyersAPIRequest"}
{"level":"DEBUG","location":"[get_call:140] fyersModel","message":{"Status Code":200,"API":"/positions"},"timestamp":"2025-05-16 10:28:55,897+0530","service":"FyersAPIRequest"}
{"level":"DEBUG","location":"[get_call:140] fyersModel","message":{"Status Code":200,"API":"/positions"},"timestamp":"2025-05-16 10:28:58,398+0530","service":"FyersAPIRequest"}
{"level":"DEBUG","location":"[get_call:140] fyersModel","message":{"Status Code":200,"API":"/positions"},"timestamp":"2025-05-16 10:29:00,894+0530","service":"FyersAPIRequest"}
{"level":"DEBUG","location":"[get_call:140] fyersModel","message":{"Status Code":200,"API":"/positions"},"timestamp":"2025-05-16 10:29:03,408+0530","service":"FyersAPIRequest"}
{"level":"DEBUG","location":"[get_call:140] fyersModel","message":{"Status Code":200,"API":"/positions"},"timestamp":"2025-05-16 10:29:05,915+0530","service":"FyersAPIRequest"}
{"level":"DEBUG","location":"[get_call:140] fyersModel","message":{"Status Code":200,"API":"/positions"},"timestamp":"2025-05-16 10:29:08,435+0530","service":"FyersAPIRequest"}
{"level":"DEBUG","location":"[get_call:140] fyersModel","message":{"Status Code":200,"API":"/positions"},"timestamp":"2025-05-16 10:29:11,398+0530","service":"FyersAPIRequest"}
{"level":"DEBUG","location":"[get_call:140] fyersModel","message":{"Status Code":200,"API":"/positions"},"timestamp":"2025-05-16 10:29:13,913+0530","service":"FyersAPIRequest"}
{"level":"DEBUG","location":"[get_call:140] fyersModel","message":{"Status Code":200,"API":"/positions"},"timestamp":"2025-05-16 10:29:16,410+0530","service":"FyersAPIRequest"}
{"level":"DEBUG","location":"[get_call:140] fyersModel","message":{"Status Code":200,"API":"/positions"},"timestamp":"2025-05-16 10:29:18,938+0530","service":"FyersAPIRequest"}
{"level":"DEBUG","location":"[get_call:140] fyersModel","message":{"Status Code":200,"API":"/positions"},"timestamp":"2025-05-16 10:29:21,449+0530","service":"FyersAPIRequest"}
{"level":"DEBUG","location":"[get_call:140] fyersModel","message":{"Status Code":200,"API":"/positions"},"timestamp":"2025-05-16 10:29:23,959+0530","service":"FyersAPIRequest"}
{"level":"DEBUG","location":"[get_call:140] fyersModel","message":{"Status Code":200,"API":"/positions"},"timestamp":"2025-05-16 10:29:26,455+0530","service":"FyersAPIRequest"}
{"level":"DEBUG","location":"[get_call:140] fyersModel","message":{"Status Code":200,"API":"/positions"},"timestamp":"2025-05-16 10:29:28,979+0530","service":"FyersAPIRequest"}
{"level":"DEBUG","location":"[get_call:140] fyersModel","message":{"Status Code":200,"API":"/positions"},"timestamp":"2025-05-16 10:29:31,471+0530","service":"FyersAPIRequest"}
{"level":"DEBUG","location":"[get_call:140] fyersModel","message":{"Status Code":200,"API":"/positions"},"timestamp":"2025-05-16 10:29:34,001+0530","service":"FyersAPIRequest"}
{"level":"DEBUG","location":"[get_call:140] fyersModel","message":{"Status Code":200,"API":"/positions"},"timestamp":"2025-05-16 10:29:36,503+0530","service":"FyersAPIRequest"}
{"level":"DEBUG","location":"[get_call:140] fyersModel","message":{"Status Code":200,"API":"/positions"},"timestamp":"2025-05-16 10:29:39,013+0530","service":"FyersAPIRequest"}
{"level":"DEBUG","location":"[get_call:140] fyersModel","message":{"Status Code":200,"API":"/positions"},"timestamp":"2025-05-16 10:29:41,515+0530","service":"FyersAPIRequest"}
{"level":"DEBUG","location":"[get_call:140] fyersModel","message":{"Status Code":200,"API":"/positions"},"timestamp":"2025-05-16 10:29:44,043+0530","service":"FyersAPIRequest"}
{"level":"DEBUG","location":"[get_call:140] fyersModel","message":{"Status Code":200,"API":"/positions"},"timestamp":"2025-05-16 10:29:46,554+0530","service":"FyersAPIRequest"}
{"level":"DEBUG","location":"[get_call:140] fyersModel","message":{"Status Code":200,"API":"/positions"},"timestamp":"2025-05-16 10:29:49,074+0530","service":"FyersAPIRequest"}
{"level":"DEBUG","location":"[get_call:140] fyersModel","message":{"Status Code":200,"API":"/positions"},"timestamp":"2025-05-16 10:29:52,067+0530","service":"FyersAPIRequest"}
{"level":"DEBUG","location":"[get_call:140] fyersModel","message":{"Status Code":200,"API":"/positions"},"timestamp":"2025-05-16 10:29:54,573+0530","service":"FyersAPIRequest"}
{"level":"DEBUG","location":"[get_call:140] fyersModel","message":{"Status Code":200,"API":"/positions"},"timestamp":"2025-05-16 10:29:57,070+0530","service":"FyersAPIRequest"}
{"level":"DEBUG","location":"[get_call:140] fyersModel","message":{"Status Code":200,"API":"/positions"},"timestamp":"2025-05-16 10:29:59,591+0530","service":"FyersAPIRequest"}
{"level":"DEBUG","location":"[get_call:140] fyersModel","message":{"Status Code":200,"API":"/positions"},"timestamp":"2025-05-16 10:30:02,115+0530","service":"FyersAPIRequest"}
{"level":"DEBUG","location":"[get_call:140] fyersModel","message":{"Status Code":200,"API":"/positions"},"timestamp":"2025-05-16 10:30:04,630+0530","service":"FyersAPIRequest"}
{"level":"DEBUG","location":"[get_call:140] fyersModel","message":{"Status Code":200,"API":"/positions"},"timestamp":"2025-05-16 10:30:07,125+0530","service":"FyersAPIRequest"}
{"level":"DEBUG","location":"[get_call:140] fyersModel","message":{"Status Code":200,"API":"/positions"},"timestamp":"2025-05-16 10:30:09,615+0530","service":"FyersAPIRequest"}
{"level":"DEBUG","location":"[get_call:140] fyersModel","message":{"Status Code":200,"API":"/positions"},"timestamp":"2025-05-16 10:30:12,122+0530","service":"FyersAPIRequest"}
{"level":"DEBUG","location":"[get_call:140] fyersModel","message":{"Status Code":200,"API":"/positions"},"timestamp":"2025-05-16 10:30:14,612+0530","service":"FyersAPIRequest"}
{"level":"DEBUG","location":"[get_call:140] fyersModel","message":{"Status Code":200,"API":"/positions"},"timestamp":"2025-05-16 10:30:17,592+0530","service":"FyersAPIRequest"}
{"level":"DEBUG","location":"[get_call:140] fyersModel","message":{"Status Code":200,"API":"/positions"},"timestamp":"2025-05-16 10:30:20,113+0530","service":"FyersAPIRequest"}
{"level":"DEBUG","location":"[get_call:140] fyersModel","message":{"Status Code":200,"API":"/positions"},"timestamp":"2025-05-16 10:30:22,617+0530","service":"FyersAPIRequest"}
{"level":"DEBUG","location":"[get_call:140] fyersModel","message":{"Status Code":200,"API":"/positions"},"timestamp":"2025-05-16 10:30:25,120+0530","service":"FyersAPIRequest"}
{"level":"DEBUG","location":"[get_call:140] fyersModel","message":{"Status Code":200,"API":"/positions"},"timestamp":"2025-05-16 10:30:27,633+0530","service":"FyersAPIRequest"}
{"level":"DEBUG","location":"[get_call:140] fyersModel","message":{"Status Code":200,"API":"/positions"},"timestamp":"2025-05-16 10:30:30,602+0530","service":"FyersAPIRequest"}
{"level":"DEBUG","location":"[get_call:140] fyersModel","message":{"Status Code":200,"API":"/positions"},"timestamp":"2025-05-16 10:30:33,101+0530","service":"FyersAPIRequest"}
{"level":"DEBUG","location":"[get_call:140] fyersModel","message":{"Status Code":200,"API":"/positions"},"timestamp":"2025-05-16 10:30:35,610+0530","service":"FyersAPIRequest"}
{"level":"DEBUG","location":"[get_call:140] fyersModel","message":{"Status Code":200,"API":"/positions"},"timestamp":"2025-05-16 10:30:38,143+0530","service":"FyersAPIRequest"}
{"level":"DEBUG","location":"[get_call:140] fyersModel","message":{"Status Code":200,"API":"/positions"},"timestamp":"2025-05-16 10:30:40,640+0530","service":"FyersAPIRequest"}
{"level":"DEBUG","location":"[get_call:140] fyersModel","message":{"Status Code":200,"API":"/positions"},"timestamp":"2025-05-16 10:30:43,174+0530","service":"FyersAPIRequest"}
{"level":"DEBUG","location":"[get_call:140] fyersModel","message":{"Status Code":200,"API":"/positions"},"timestamp":"2025-05-16 10:30:45,677+0530","service":"FyersAPIRequest"}
{"level":"DEBUG","location":"[get_call:140] fyersModel","message":{"Status Code":200,"API":"/positions"},"timestamp":"2025-05-16 10:30:48,211+0530","service":"FyersAPIRequest"}
{"level":"DEBUG","location":"[get_call:140] fyersModel","message":{"Status Code":200,"API":"/positions"},"timestamp":"2025-05-16 10:30:51,216+0530","service":"FyersAPIRequest"}
{"level":"DEBUG","location":"[get_call:140] fyersModel","message":{"Status Code":200,"API":"/positions"},"timestamp":"2025-05-16 10:30:53,720+0530","service":"FyersAPIRequest"}
{"level":"DEBUG","location":"[get_call:140] fyersModel","message":{"Status Code":200,"API":"/positions"},"timestamp":"2025-05-16 10:30:56,226+0530","service":"FyersAPIRequest"}
{"level":"DEBUG","location":"[get_call:140] fyersModel","message":{"Status Code":200,"API":"/positions"},"timestamp":"2025-05-16 10:30:58,737+0530","service":"FyersAPIRequest"}
{"level":"DEBUG","location":"[get_call:140] fyersModel","message":{"Status Code":200,"API":"/positions"},"timestamp":"2025-05-16 10:31:01,243+0530","service":"FyersAPIRequest"}
{"level":"DEBUG","location":"[get_call:140] fyersModel","message":{"Status Code":200,"API":"/positions"},"timestamp":"2025-05-16 10:31:03,760+0530","service":"FyersAPIRequest"}
{"level":"DEBUG","location":"[get_call:140] fyersModel","message":{"Status Code":200,"API":"/positions"},"timestamp":"2025-05-16 10:31:06,281+0530","service":"FyersAPIRequest"}
{"level":"DEBUG","location":"[get_call:140] fyersModel","message":{"Status Code":200,"API":"/positions"},"timestamp":"2025-05-16 10:31:08,867+0530","service":"FyersAPIRequest"}
{"level":"DEBUG","location":"[get_call:140] fyersModel","message":{"Status Code":200,"API":"/positions"},"timestamp":"2025-05-16 10:31:11,387+0530","service":"FyersAPIRequest"}
{"level":"DEBUG","location":"[get_call:140] fyersModel","message":{"Status Code":200,"API":"/positions"},"timestamp":"2025-05-16 10:31:13,893+0530","service":"FyersAPIRequest"}
{"level":"DEBUG","location":"[get_call:140] fyersModel","message":{"Status Code":200,"API":"/positions"},"timestamp":"2025-05-16 10:31:16,414+0530","service":"FyersAPIRequest"}
{"level":"DEBUG","location":"[get_call:140] fyersModel","message":{"Status Code":200,"API":"/positions"},"timestamp":"2025-05-16 10:31:18,922+0530","service":"FyersAPIRequest"}
{"level":"DEBUG","location":"[get_call:140] fyersModel","message":{"Status Code":200,"API":"/positions"},"timestamp":"2025-05-16 10:31:21,422+0530","service":"FyersAPIRequest"}
{"level":"DEBUG","location":"[get_call:140] fyersModel","message":{"Status Code":200,"API":"/positions"},"timestamp":"2025-05-16 10:31:23,922+0530","service":"FyersAPIRequest"}
{"level":"DEBUG","location":"[get_call:140] fyersModel","message":{"Status Code":200,"API":"/positions"},"timestamp":"2025-05-16 10:31:26,429+0530","service":"FyersAPIRequest"}
{"level":"DEBUG","location":"[get_call:140] fyersModel","message":{"Status Code":200,"API":"/positions"},"timestamp":"2025-05-16 10:31:28,932+0530","service":"FyersAPIRequest"}
{"level":"DEBUG","location":"[get_call:140] fyersModel","message":{"Status Code":200,"API":"/positions"},"timestamp":"2025-05-16 10:31:31,439+0530","service":"FyersAPIRequest"}
{"level":"DEBUG","location":"[get_call:140] fyersModel","message":{"Status Code":200,"API":"/positions"},"timestamp":"2025-05-16 10:31:34,435+0530","service":"FyersAPIRequest"}
{"level":"DEBUG","location":"[get_call:140] fyersModel","message":{"Status Code":200,"API":"/positions"},"timestamp":"2025-05-16 10:31:36,931+0530","service":"FyersAPIRequest"}
{"level":"DEBUG","location":"[get_call:140] fyersModel","message":{"Status Code":200,"API":"/positions"},"timestamp":"2025-05-16 10:31:39,432+0530","service":"FyersAPIRequest"}
{"level":"DEBUG","location":"[get_call:140] fyersModel","message":{"Status Code":200,"API":"/positions"},"timestamp":"2025-05-16 10:31:41,946+0530","service":"FyersAPIRequest"}
{"level":"DEBUG","location":"[get_call:140] fyersModel","message":{"Status Code":200,"API":"/positions"},"timestamp":"2025-05-16 10:31:44,455+0530","service":"FyersAPIRequest"}
{"level":"DEBUG","location":"[get_call:140] fyersModel","message":{"Status Code":200,"API":"/positions"},"timestamp":"2025-05-16 10:31:47,449+0530","service":"FyersAPIRequest"}
{"level":"DEBUG","location":"[get_call:140] fyersModel","message":{"Status Code":200,"API":"/positions"},"timestamp":"2025-05-16 10:31:49,974+0530","service":"FyersAPIRequest"}
{"level":"DEBUG","location":"[get_call:140] fyersModel","message":{"Status Code":200,"API":"/positions"},"timestamp":"2025-05-16 10:31:52,474+0530","service":"FyersAPIRequest"}
{"level":"DEBUG","location":"[get_call:140] fyersModel","message":{"Status Code":200,"API":"/positions"},"timestamp":"2025-05-16 10:31:54,977+0530","service":"FyersAPIRequest"}
{"level":"DEBUG","location":"[get_call:140] fyersModel","message":{"Status Code":200,"API":"/positions"},"timestamp":"2025-05-16 10:31:57,479+0530","service":"FyersAPIRequest"}
{"level":"DEBUG","location":"[get_call:140] fyersModel","message":{"Status Code":200,"API":"/positions"},"timestamp":"2025-05-16 10:32:00,063+0530","service":"FyersAPIRequest"}
{"level":"DEBUG","location":"[get_call:140] fyersModel","message":{"Status Code":200,"API":"/positions"},"timestamp":"2025-05-16 10:32:02,577+0530","service":"FyersAPIRequest"}
{"level":"DEBUG","location":"[get_call:140] fyersModel","message":{"Status Code":200,"API":"/positions"},"timestamp":"2025-05-16 10:32:05,080+0530","service":"FyersAPIRequest"}
{"level":"DEBUG","location":"[get_call:140] fyersModel","message":{"Status Code":200,"API":"/positions"},"timestamp":"2025-05-16 10:32:07,614+0530","service":"FyersAPIRequest"}
{"level":"DEBUG","location":"[get_call:140] fyersModel","message":{"Status Code":200,"API":"/positions"},"timestamp":"2025-05-16 10:32:10,120+0530","service":"FyersAPIRequest"}
{"level":"DEBUG","location":"[get_call:140] fyersModel","message":{"Status Code":200,"API":"/positions"},"timestamp":"2025-05-16 10:32:12,621+0530","service":"FyersAPIRequest"}
{"level":"DEBUG","location":"[get_call:140] fyersModel","message":{"Status Code":200,"API":"/positions"},"timestamp":"2025-05-16 10:32:15,126+0530","service":"FyersAPIRequest"}
{"level":"DEBUG","location":"[get_call:140] fyersModel","message":{"Status Code":200,"API":"/positions"},"timestamp":"2025-05-16 10:32:17,635+0530","service":"FyersAPIRequest"}
{"level":"DEBUG","location":"[get_call:140] fyersModel","message":{"Status Code":200,"API":"/positions"},"timestamp":"2025-05-16 10:32:20,623+0530","service":"FyersAPIRequest"}
{"level":"DEBUG","location":"[get_call:140] fyersModel","message":{"Status Code":200,"API":"/positions"},"timestamp":"2025-05-16 10:32:23,128+0530","service":"FyersAPIRequest"}
{"level":"DEBUG","location":"[get_call:140] fyersModel","message":{"Status Code":200,"API":"/positions"},"timestamp":"2025-05-16 10:32:25,645+0530","service":"FyersAPIRequest"}
{"level":"DEBUG","location":"[get_call:140] fyersModel","message":{"Status Code":200,"API":"/positions"},"timestamp":"2025-05-16 10:32:28,621+0530","service":"FyersAPIRequest"}
{"level":"DEBUG","location":"[get_call:140] fyersModel","message":{"Status Code":200,"API":"/positions"},"timestamp":"2025-05-16 10:32:31,133+0530","service":"FyersAPIRequest"}
{"level":"DEBUG","location":"[get_call:140] fyersModel","message":{"Status Code":200,"API":"/positions"},"timestamp":"2025-05-16 10:32:33,641+0530","service":"FyersAPIRequest"}
{"level":"DEBUG","location":"[get_call:140] fyersModel","message":{"Status Code":200,"API":"/positions"},"timestamp":"2025-05-16 10:32:36,159+0530","service":"FyersAPIRequest"}
{"level":"DEBUG","location":"[get_call:140] fyersModel","message":{"Status Code":200,"API":"/positions"},"timestamp":"2025-05-16 10:32:38,666+0530","service":"FyersAPIRequest"}
{"level":"DEBUG","location":"[get_call:140] fyersModel","message":{"Status Code":200,"API":"/positions"},"timestamp":"2025-05-16 10:32:41,198+0530","service":"FyersAPIRequest"}
{"level":"DEBUG","location":"[get_call:140] fyersModel","message":{"Status Code":200,"API":"/positions"},"timestamp":"2025-05-16 10:32:43,704+0530","service":"FyersAPIRequest"}
{"level":"DEBUG","location":"[get_call:140] fyersModel","message":{"Status Code":200,"API":"/positions"},"timestamp":"2025-05-16 10:32:46,221+0530","service":"FyersAPIRequest"}
{"level":"DEBUG","location":"[get_call:140] fyersModel","message":{"Status Code":200,"API":"/positions"},"timestamp":"2025-05-16 10:32:48,762+0530","service":"FyersAPIRequest"}
{"level":"DEBUG","location":"[get_call:140] fyersModel","message":{"Status Code":200,"API":"/positions"},"timestamp":"2025-05-16 10:32:51,280+0530","service":"FyersAPIRequest"}
{"level":"DEBUG","location":"[get_call:140] fyersModel","message":{"Status Code":200,"API":"/positions"},"timestamp":"2025-05-16 10:32:53,805+0530","service":"FyersAPIRequest"}
{"level":"DEBUG","location":"[get_call:140] fyersModel","message":{"Status Code":200,"API":"/positions"},"timestamp":"2025-05-16 10:32:56,325+0530","service":"FyersAPIRequest"}
{"level":"DEBUG","location":"[get_call:140] fyersModel","message":{"Status Code":200,"API":"/positions"},"timestamp":"2025-05-16 10:32:58,821+0530","service":"FyersAPIRequest"}
{"level":"DEBUG","location":"[get_call:140] fyersModel","message":{"Status Code":200,"API":"/positions"},"timestamp":"2025-05-16 10:33:01,803+0530","service":"FyersAPIRequest"}
{"level":"DEBUG","location":"[get_call:140] fyersModel","message":{"Status Code":200,"API":"/positions"},"timestamp":"2025-05-16 10:33:04,342+0530","service":"FyersAPIRequest"}
{"level":"DEBUG","location":"[get_call:140] fyersModel","message":{"Status Code":200,"API":"/positions"},"timestamp":"2025-05-16 10:33:06,845+0530","service":"FyersAPIRequest"}
{"level":"DEBUG","location":"[get_call:140] fyersModel","message":{"Status Code":200,"API":"/positions"},"timestamp":"2025-05-16 10:33:09,370+0530","service":"FyersAPIRequest"}
{"level":"DEBUG","location":"[get_call:140] fyersModel","message":{"Status Code":200,"API":"/positions"},"timestamp":"2025-05-16 10:33:11,871+0530","service":"FyersAPIRequest"}
{"level":"DEBUG","location":"[get_call:140] fyersModel","message":{"Status Code":200,"API":"/positions"},"timestamp":"2025-05-16 10:33:14,390+0530","service":"FyersAPIRequest"}
{"level":"DEBUG","location":"[get_call:140] fyersModel","message":{"Status Code":200,"API":"/positions"},"timestamp":"2025-05-16 10:33:16,887+0530","service":"FyersAPIRequest"}
{"level":"DEBUG","location":"[get_call:140] fyersModel","message":{"Status Code":200,"API":"/positions"},"timestamp":"2025-05-16 10:33:19,552+0530","service":"FyersAPIRequest"}
{"level":"DEBUG","location":"[get_call:140] fyersModel","message":{"Status Code":200,"API":"/positions"},"timestamp":"2025-05-16 10:33:22,044+0530","service":"FyersAPIRequest"}
{"level":"DEBUG","location":"[get_call:140] fyersModel","message":{"Status Code":200,"API":"/positions"},"timestamp":"2025-05-16 10:33:24,539+0530","service":"FyersAPIRequest"}
{"level":"DEBUG","location":"[get_call:140] fyersModel","message":{"Status Code":200,"API":"/positions"},"timestamp":"2025-05-16 10:33:27,044+0530","service":"FyersAPIRequest"}
{"level":"DEBUG","location":"[get_call:140] fyersModel","message":{"Status Code":200,"API":"/positions"},"timestamp":"2025-05-16 10:33:29,548+0530","service":"FyersAPIRequest"}
{"level":"DEBUG","location":"[get_call:140] fyersModel","message":{"Status Code":200,"API":"/positions"},"timestamp":"2025-05-16 10:33:32,048+0530","service":"FyersAPIRequest"}
{"level":"DEBUG","location":"[get_call:140] fyersModel","message":{"Status Code":200,"API":"/positions"},"timestamp":"2025-05-16 10:33:34,551+0530","service":"FyersAPIRequest"}
{"level":"DEBUG","location":"[get_call:140] fyersModel","message":{"Status Code":200,"API":"/positions"},"timestamp":"2025-05-16 10:33:37,054+0530","service":"FyersAPIRequest"}
{"level":"DEBUG","location":"[get_call:140] fyersModel","message":{"Status Code":200,"API":"/positions"},"timestamp":"2025-05-16 10:33:39,562+0530","service":"FyersAPIRequest"}
{"level":"DEBUG","location":"[get_call:140] fyersModel","message":{"Status Code":200,"API":"/positions"},"timestamp":"2025-05-16 10:33:42,055+0530","service":"FyersAPIRequest"}
{"level":"DEBUG","location":"[get_call:140] fyersModel","message":{"Status Code":200,"API":"/positions"},"timestamp":"2025-05-16 10:33:44,555+0530","service":"FyersAPIRequest"}
{"level":"DEBUG","location":"[get_call:140] fyersModel","message":{"Status Code":200,"API":"/positions"},"timestamp":"2025-05-16 10:33:47,067+0530","service":"FyersAPIRequest"}
{"level":"DEBUG","location":"[get_call:140] fyersModel","message":{"Status Code":200,"API":"/positions"},"timestamp":"2025-05-16 10:33:50,044+0530","service":"FyersAPIRequest"}
{"level":"DEBUG","location":"[get_call:140] fyersModel","message":{"Status Code":200,"API":"/positions"},"timestamp":"2025-05-16 10:33:52,711+0530","service":"FyersAPIRequest"}
{"level":"DEBUG","location":"[get_call:140] fyersModel","message":{"Status Code":200,"API":"/positions"},"timestamp":"2025-05-16 10:33:55,704+0530","service":"FyersAPIRequest"}
{"level":"DEBUG","location":"[get_call:140] fyersModel","message":{"Status Code":200,"API":"/positions"},"timestamp":"2025-05-16 10:33:58,222+0530","service":"FyersAPIRequest"}
{"level":"DEBUG","location":"[get_call:140] fyersModel","message":{"Status Code":200,"API":"/positions"},"timestamp":"2025-05-16 10:34:00,749+0530","service":"FyersAPIRequest"}
{"level":"DEBUG","location":"[get_call:140] fyersModel","message":{"Status Code":200,"API":"/positions"},"timestamp":"2025-05-16 10:34:03,259+0530","service":"FyersAPIRequest"}
{"level":"DEBUG","location":"[get_call:140] fyersModel","message":{"Status Code":200,"API":"/positions"},"timestamp":"2025-05-16 10:34:05,767+0530","service":"FyersAPIRequest"}
{"level":"DEBUG","location":"[get_call:140] fyersModel","message":{"Status Code":200,"API":"/positions"},"timestamp":"2025-05-16 10:34:08,338+0530","service":"FyersAPIRequest"}
{"level":"DEBUG","location":"[get_call:140] fyersModel","message":{"Status Code":200,"API":"/positions"},"timestamp":"2025-05-16 10:34:10,884+0530","service":"FyersAPIRequest"}
{"level":"DEBUG","location":"[get_call:140] fyersModel","message":{"Status Code":200,"API":"/positions"},"timestamp":"2025-05-16 10:34:13,391+0530","service":"FyersAPIRequest"}
{"level":"DEBUG","location":"[get_call:140] fyersModel","message":{"Status Code":200,"API":"/positions"},"timestamp":"2025-05-16 10:34:15,902+0530","service":"FyersAPIRequest"}
{"level":"DEBUG","location":"[get_call:140] fyersModel","message":{"Status Code":200,"API":"/positions"},"timestamp":"2025-05-16 10:34:18,409+0530","service":"FyersAPIRequest"}
{"level":"DEBUG","location":"[get_call:140] fyersModel","message":{"Status Code":200,"API":"/positions"},"timestamp":"2025-05-16 10:34:20,914+0530","service":"FyersAPIRequest"}
{"level":"DEBUG","location":"[get_call:140] fyersModel","message":{"Status Code":200,"API":"/positions"},"timestamp":"2025-05-16 10:34:23,411+0530","service":"FyersAPIRequest"}
{"level":"DEBUG","location":"[get_call:140] fyersModel","message":{"Status Code":200,"API":"/positions"},"timestamp":"2025-05-16 10:34:25,914+0530","service":"FyersAPIRequest"}
{"level":"DEBUG","location":"[get_call:140] fyersModel","message":{"Status Code":200,"API":"/positions"},"timestamp":"2025-05-16 10:34:28,418+0530","service":"FyersAPIRequest"}
{"level":"DEBUG","location":"[get_call:140] fyersModel","message":{"Status Code":200,"API":"/positions"},"timestamp":"2025-05-16 10:34:30,913+0530","service":"FyersAPIRequest"}
{"level":"DEBUG","location":"[get_call:140] fyersModel","message":{"Status Code":200,"API":"/positions"},"timestamp":"2025-05-16 10:34:33,417+0530","service":"FyersAPIRequest"}
{"level":"DEBUG","location":"[get_call:140] fyersModel","message":{"Status Code":200,"API":"/positions"},"timestamp":"2025-05-16 10:34:35,939+0530","service":"FyersAPIRequest"}
{"level":"DEBUG","location":"[get_call:140] fyersModel","message":{"Status Code":200,"API":"/positions"},"timestamp":"2025-05-16 10:34:38,448+0530","service":"FyersAPIRequest"}
{"level":"DEBUG","location":"[get_call:140] fyersModel","message":{"Status Code":200,"API":"/positions"},"timestamp":"2025-05-16 10:34:40,961+0530","service":"FyersAPIRequest"}
{"level":"DEBUG","location":"[get_call:140] fyersModel","message":{"Status Code":200,"API":"/positions"},"timestamp":"2025-05-16 10:34:43,467+0530","service":"FyersAPIRequest"}
{"level":"DEBUG","location":"[get_call:140] fyersModel","message":{"Status Code":200,"API":"/positions"},"timestamp":"2025-05-16 10:34:45,963+0530","service":"FyersAPIRequest"}
{"level":"DEBUG","location":"[get_call:140] fyersModel","message":{"Status Code":200,"API":"/positions"},"timestamp":"2025-05-16 10:34:48,458+0530","service":"FyersAPIRequest"}
{"level":"DEBUG","location":"[get_call:140] fyersModel","message":{"Status Code":200,"API":"/positions"},"timestamp":"2025-05-16 10:34:51,434+0530","service":"FyersAPIRequest"}
{"level":"DEBUG","location":"[get_call:140] fyersModel","message":{"Status Code":200,"API":"/positions"},"timestamp":"2025-05-16 10:34:53,934+0530","service":"FyersAPIRequest"}
{"level":"DEBUG","location":"[get_call:140] fyersModel","message":{"Status Code":200,"API":"/positions"},"timestamp":"2025-05-16 10:34:56,434+0530","service":"FyersAPIRequest"}
{"level":"DEBUG","location":"[get_call:140] fyersModel","message":{"Status Code":200,"API":"/positions"},"timestamp":"2025-05-16 10:34:58,937+0530","service":"FyersAPIRequest"}
{"level":"DEBUG","location":"[get_call:140] fyersModel","message":{"Status Code":200,"API":"/positions"},"timestamp":"2025-05-16 10:35:01,435+0530","service":"FyersAPIRequest"}
{"level":"DEBUG","location":"[get_call:140] fyersModel","message":{"Status Code":200,"API":"/positions"},"timestamp":"2025-05-16 10:35:03,968+0530","service":"FyersAPIRequest"}
{"level":"DEBUG","location":"[get_call:140] fyersModel","message":{"Status Code":200,"API":"/positions"},"timestamp":"2025-05-16 10:35:06,634+0530","service":"FyersAPIRequest"}
{"level":"DEBUG","location":"[get_call:140] fyersModel","message":{"Status Code":200,"API":"/positions"},"timestamp":"2025-05-16 10:35:09,138+0530","service":"FyersAPIRequest"}
{"level":"DEBUG","location":"[get_call:140] fyersModel","message":{"Status Code":200,"API":"/positions"},"timestamp":"2025-05-16 10:35:11,651+0530","service":"FyersAPIRequest"}
{"level":"DEBUG","location":"[get_call:140] fyersModel","message":{"Status Code":200,"API":"/positions"},"timestamp":"2025-05-16 10:35:14,146+0530","service":"FyersAPIRequest"}
{"level":"DEBUG","location":"[get_call:140] fyersModel","message":{"Status Code":200,"API":"/positions"},"timestamp":"2025-05-16 10:35:16,641+0530","service":"FyersAPIRequest"}
{"level":"DEBUG","location":"[get_call:140] fyersModel","message":{"Status Code":200,"API":"/positions"},"timestamp":"2025-05-16 10:35:19,145+0530","service":"FyersAPIRequest"}
{"level":"DEBUG","location":"[get_call:140] fyersModel","message":{"Status Code":200,"API":"/positions"},"timestamp":"2025-05-16 10:35:21,647+0530","service":"FyersAPIRequest"}
{"level":"DEBUG","location":"[get_call:140] fyersModel","message":{"Status Code":200,"API":"/positions"},"timestamp":"2025-05-16 10:35:24,168+0530","service":"FyersAPIRequest"}
{"level":"DEBUG","location":"[get_call:140] fyersModel","message":{"Status Code":200,"API":"/positions"},"timestamp":"2025-05-16 10:35:26,665+0530","service":"FyersAPIRequest"}
{"level":"DEBUG","location":"[get_call:140] fyersModel","message":{"Status Code":200,"API":"/positions"},"timestamp":"2025-05-16 10:35:29,160+0530","service":"FyersAPIRequest"}
{"level":"DEBUG","location":"[get_call:140] fyersModel","message":{"Status Code":200,"API":"/positions"},"timestamp":"2025-05-16 10:35:31,660+0530","service":"FyersAPIRequest"}
{"level":"DEBUG","location":"[get_call:140] fyersModel","message":{"Status Code":200,"API":"/positions"},"timestamp":"2025-05-16 10:35:34,143+0530","service":"FyersAPIRequest"}
{"level":"DEBUG","location":"[get_call:140] fyersModel","message":{"Status Code":200,"API":"/positions"},"timestamp":"2025-05-16 10:35:36,646+0530","service":"FyersAPIRequest"}
{"level":"DEBUG","location":"[get_call:140] fyersModel","message":{"Status Code":200,"API":"/positions"},"timestamp":"2025-05-16 10:35:39,146+0530","service":"FyersAPIRequest"}
{"level":"DEBUG","location":"[get_call:140] fyersModel","message":{"Status Code":200,"API":"/positions"},"timestamp":"2025-05-16 10:35:41,650+0530","service":"FyersAPIRequest"}
{"level":"DEBUG","location":"[get_call:140] fyersModel","message":{"Status Code":200,"API":"/positions"},"timestamp":"2025-05-16 10:35:44,149+0530","service":"FyersAPIRequest"}
{"level":"DEBUG","location":"[get_call:140] fyersModel","message":{"Status Code":200,"API":"/positions"},"timestamp":"2025-05-16 10:35:46,636+0530","service":"FyersAPIRequest"}
{"level":"DEBUG","location":"[get_call:140] fyersModel","message":{"Status Code":200,"API":"/positions"},"timestamp":"2025-05-16 10:35:49,143+0530","service":"FyersAPIRequest"}
{"level":"DEBUG","location":"[get_call:140] fyersModel","message":{"Status Code":200,"API":"/positions"},"timestamp":"2025-05-16 10:35:51,651+0530","service":"FyersAPIRequest"}
{"level":"DEBUG","location":"[get_call:140] fyersModel","message":{"Status Code":200,"API":"/positions"},"timestamp":"2025-05-16 10:35:54,173+0530","service":"FyersAPIRequest"}
{"level":"DEBUG","location":"[get_call:140] fyersModel","message":{"Status Code":200,"API":"/positions"},"timestamp":"2025-05-16 10:35:57,138+0530","service":"FyersAPIRequest"}
{"level":"DEBUG","location":"[get_call:140] fyersModel","message":{"Status Code":200,"API":"/positions"},"timestamp":"2025-05-16 10:35:59,646+0530","service":"FyersAPIRequest"}
{"level":"DEBUG","location":"[get_call:140] fyersModel","message":{"Status Code":200,"API":"/positions"},"timestamp":"2025-05-16 10:36:02,150+0530","service":"FyersAPIRequest"}
{"level":"DEBUG","location":"[get_call:140] fyersModel","message":{"Status Code":200,"API":"/positions"},"timestamp":"2025-05-16 10:36:04,673+0530","service":"FyersAPIRequest"}
{"level":"DEBUG","location":"[get_call:140] fyersModel","message":{"Status Code":200,"API":"/positions"},"timestamp":"2025-05-16 10:36:07,672+0530","service":"FyersAPIRequest"}
{"level":"DEBUG","location":"[get_call:140] fyersModel","message":{"Status Code":200,"API":"/positions"},"timestamp":"2025-05-16 10:36:10,183+0530","service":"FyersAPIRequest"}
{"level":"DEBUG","location":"[get_call:140] fyersModel","message":{"Status Code":200,"API":"/positions"},"timestamp":"2025-05-16 10:36:12,690+0530","service":"FyersAPIRequest"}
{"level":"DEBUG","location":"[get_call:140] fyersModel","message":{"Status Code":200,"API":"/positions"},"timestamp":"2025-05-16 10:36:15,191+0530","service":"FyersAPIRequest"}
{"level":"DEBUG","location":"[get_call:140] fyersModel","message":{"Status Code":200,"API":"/positions"},"timestamp":"2025-05-16 10:36:17,689+0530","service":"FyersAPIRequest"}
{"level":"DEBUG","location":"[get_call:140] fyersModel","message":{"Status Code":200,"API":"/positions"},"timestamp":"2025-05-16 10:36:20,186+0530","service":"FyersAPIRequest"}
{"level":"DEBUG","location":"[get_call:140] fyersModel","message":{"Status Code":200,"API":"/positions"},"timestamp":"2025-05-16 10:36:22,692+0530","service":"FyersAPIRequest"}
{"level":"DEBUG","location":"[get_call:140] fyersModel","message":{"Status Code":200,"API":"/positions"},"timestamp":"2025-05-16 10:36:25,683+0530","service":"FyersAPIRequest"}
{"level":"DEBUG","location":"[get_call:140] fyersModel","message":{"Status Code":200,"API":"/positions"},"timestamp":"2025-05-16 10:36:28,175+0530","service":"FyersAPIRequest"}
{"level":"DEBUG","location":"[get_call:140] fyersModel","message":{"Status Code":200,"API":"/positions"},"timestamp":"2025-05-16 10:36:30,667+0530","service":"FyersAPIRequest"}
{"level":"DEBUG","location":"[get_call:140] fyersModel","message":{"Status Code":200,"API":"/positions"},"timestamp":"2025-05-16 10:44:24,220+0530","service":"FyersAPIRequest"}
{"level":"DEBUG","location":"[get_call:140] fyersModel","message":{"Status Code":200,"API":"/positions"},"timestamp":"2025-05-16 10:44:26,728+0530","service":"FyersAPIRequest"}
{"level":"DEBUG","location":"[get_call:140] fyersModel","message":{"Status Code":200,"API":"/positions"},"timestamp":"2025-05-16 10:44:29,235+0530","service":"FyersAPIRequest"}
{"level":"DEBUG","location":"[get_call:140] fyersModel","message":{"Status Code":200,"API":"/positions"},"timestamp":"2025-05-16 10:44:32,213+0530","service":"FyersAPIRequest"}
{"level":"DEBUG","location":"[get_call:140] fyersModel","message":{"Status Code":200,"API":"/positions"},"timestamp":"2025-05-16 10:44:34,698+0530","service":"FyersAPIRequest"}
{"level":"DEBUG","location":"[get_call:140] fyersModel","message":{"Status Code":200,"API":"/positions"},"timestamp":"2025-05-16 10:44:37,729+0530","service":"FyersAPIRequest"}
{"level":"DEBUG","location":"[get_call:140] fyersModel","message":{"Status Code":200,"API":"/positions"},"timestamp":"2025-05-16 10:44:41,458+0530","service":"FyersAPIRequest"}
{"level":"DEBUG","location":"[get_call:140] fyersModel","message":{"Status Code":200,"API":"/positions"},"timestamp":"2025-05-16 10:44:44,640+0530","service":"FyersAPIRequest"}
{"level":"DEBUG","location":"[get_call:140] fyersModel","message":{"Status Code":200,"API":"/positions"},"timestamp":"2025-05-16 10:44:47,591+0530","service":"FyersAPIRequest"}
{"level":"DEBUG","location":"[get_call:140] fyersModel","message":{"Status Code":200,"API":"/positions"},"timestamp":"2025-05-16 10:44:50,609+0530","service":"FyersAPIRequest"}
{"level":"DEBUG","location":"[get_call:140] fyersModel","message":{"Status Code":200,"API":"/positions"},"timestamp":"2025-05-16 10:44:53,615+0530","service":"FyersAPIRequest"}
{"level":"DEBUG","location":"[get_call:140] fyersModel","message":{"Status Code":200,"API":"/positions"},"timestamp":"2025-05-16 10:44:56,684+0530","service":"FyersAPIRequest"}
{"level":"DEBUG","location":"[get_call:140] fyersModel","message":{"Status Code":200,"API":"/positions"},"timestamp":"2025-05-16 10:44:59,702+0530","service":"FyersAPIRequest"}
{"level":"DEBUG","location":"[get_call:140] fyersModel","message":{"Status Code":200,"API":"/positions"},"timestamp":"2025-05-16 10:45:02,758+0530","service":"FyersAPIRequest"}
{"level":"DEBUG","location":"[get_call:140] fyersModel","message":{"Status Code":200,"API":"/positions"},"timestamp":"2025-05-16 10:45:06,256+0530","service":"FyersAPIRequest"}
{"level":"DEBUG","location":"[get_call:140] fyersModel","message":{"Status Code":200,"API":"/positions"},"timestamp":"2025-05-16 10:45:09,303+0530","service":"FyersAPIRequest"}
{"level":"DEBUG","location":"[get_call:140] fyersModel","message":{"Status Code":200,"API":"/positions"},"timestamp":"2025-05-16 10:45:12,322+0530","service":"FyersAPIRequest"}
{"level":"DEBUG","location":"[get_call:140] fyersModel","message":{"Status Code":200,"API":"/positions"},"timestamp":"2025-05-16 10:45:15,311+0530","service":"FyersAPIRequest"}
{"level":"DEBUG","location":"[get_call:140] fyersModel","message":{"Status Code":200,"API":"/positions"},"timestamp":"2025-05-16 10:45:18,227+0530","service":"FyersAPIRequest"}
{"level":"DEBUG","location":"[get_call:140] fyersModel","message":{"Status Code":200,"API":"/positions"},"timestamp":"2025-05-16 10:45:21,212+0530","service":"FyersAPIRequest"}
{"level":"DEBUG","location":"[get_call:140] fyersModel","message":{"Status Code":200,"API":"/positions"},"timestamp":"2025-05-16 10:45:24,225+0530","service":"FyersAPIRequest"}
{"level":"DEBUG","location":"[get_call:140] fyersModel","message":{"Status Code":200,"API":"/positions"},"timestamp":"2025-05-16 10:45:27,253+0530","service":"FyersAPIRequest"}
{"level":"DEBUG","location":"[get_call:140] fyersModel","message":{"Status Code":200,"API":"/positions"},"timestamp":"2025-05-16 10:45:30,279+0530","service":"FyersAPIRequest"}
{"level":"DEBUG","location":"[get_call:140] fyersModel","message":{"Status Code":200,"API":"/positions"},"timestamp":"2025-05-16 10:45:33,333+0530","service":"FyersAPIRequest"}
{"level":"DEBUG","location":"[get_call:140] fyersModel","message":{"Status Code":200,"API":"/positions"},"timestamp":"2025-05-16 10:45:36,408+0530","service":"FyersAPIRequest"}
{"level":"DEBUG","location":"[get_call:140] fyersModel","message":{"Status Code":200,"API":"/positions"},"timestamp":"2025-05-16 10:45:39,446+0530","service":"FyersAPIRequest"}
{"level":"DEBUG","location":"[get_call:140] fyersModel","message":{"Status Code":200,"API":"/positions"},"timestamp":"2025-05-16 10:45:42,478+0530","service":"FyersAPIRequest"}
{"level":"DEBUG","location":"[get_call:140] fyersModel","message":{"Status Code":200,"API":"/positions"},"timestamp":"2025-05-16 10:45:45,480+0530","service":"FyersAPIRequest"}
{"level":"DEBUG","location":"[get_call:140] fyersModel","message":{"Status Code":200,"API":"/positions"},"timestamp":"2025-05-16 10:45:48,540+0530","service":"FyersAPIRequest"}
{"level":"DEBUG","location":"[get_call:140] fyersModel","message":{"Status Code":200,"API":"/positions"},"timestamp":"2025-05-16 10:45:51,568+0530","service":"FyersAPIRequest"}
{"level":"DEBUG","location":"[get_call:140] fyersModel","message":{"Status Code":200,"API":"/positions"},"timestamp":"2025-05-16 10:45:54,626+0530","service":"FyersAPIRequest"}
{"level":"DEBUG","location":"[get_call:140] fyersModel","message":{"Status Code":200,"API":"/positions"},"timestamp":"2025-05-16 10:45:57,683+0530","service":"FyersAPIRequest"}
{"level":"DEBUG","location":"[get_call:140] fyersModel","message":{"Status Code":200,"API":"/positions"},"timestamp":"2025-05-16 10:46:00,675+0530","service":"FyersAPIRequest"}
{"level":"DEBUG","location":"[get_call:140] fyersModel","message":{"Status Code":200,"API":"/positions"},"timestamp":"2025-05-16 10:46:03,748+0530","service":"FyersAPIRequest"}
{"level":"DEBUG","location":"[get_call:140] fyersModel","message":{"Status Code":200,"API":"/positions"},"timestamp":"2025-05-16 10:46:06,817+0530","service":"FyersAPIRequest"}
{"level":"DEBUG","location":"[get_call:140] fyersModel","message":{"Status Code":200,"API":"/positions"},"timestamp":"2025-05-16 10:46:09,845+0530","service":"FyersAPIRequest"}
{"level":"DEBUG","location":"[get_call:140] fyersModel","message":{"Status Code":200,"API":"/positions"},"timestamp":"2025-05-16 10:46:12,857+0530","service":"FyersAPIRequest"}
{"level":"DEBUG","location":"[get_call:140] fyersModel","message":{"Status Code":200,"API":"/positions"},"timestamp":"2025-05-16 10:46:15,881+0530","service":"FyersAPIRequest"}
{"level":"DEBUG","location":"[get_call:140] fyersModel","message":{"Status Code":200,"API":"/positions"},"timestamp":"2025-05-16 10:46:18,931+0530","service":"FyersAPIRequest"}
{"level":"DEBUG","location":"[get_call:140] fyersModel","message":{"Status Code":200,"API":"/positions"},"timestamp":"2025-05-16 10:46:21,920+0530","service":"FyersAPIRequest"}
{"level":"DEBUG","location":"[get_call:140] fyersModel","message":{"Status Code":200,"API":"/positions"},"timestamp":"2025-05-16 10:46:24,946+0530","service":"FyersAPIRequest"}
{"level":"DEBUG","location":"[get_call:140] fyersModel","message":{"Status Code":200,"API":"/positions"},"timestamp":"2025-05-16 10:46:27,982+0530","service":"FyersAPIRequest"}
{"level":"DEBUG","location":"[get_call:140] fyersModel","message":{"Status Code":200,"API":"/positions"},"timestamp":"2025-05-16 10:46:30,974+0530","service":"FyersAPIRequest"}
{"level":"DEBUG","location":"[get_call:140] fyersModel","message":{"Status Code":200,"API":"/positions"},"timestamp":"2025-05-16 10:46:33,987+0530","service":"FyersAPIRequest"}
{"level":"DEBUG","location":"[get_call:140] fyersModel","message":{"Status Code":200,"API":"/positions"},"timestamp":"2025-05-16 10:46:36,998+0530","service":"FyersAPIRequest"}
{"level":"DEBUG","location":"[get_call:140] fyersModel","message":{"Status Code":200,"API":"/positions"},"timestamp":"2025-05-16 10:46:40,009+0530","service":"FyersAPIRequest"}
{"level":"DEBUG","location":"[get_call:140] fyersModel","message":{"Status Code":200,"API":"/positions"},"timestamp":"2025-05-16 10:46:43,516+0530","service":"FyersAPIRequest"}
{"level":"DEBUG","location":"[get_call:140] fyersModel","message":{"Status Code":200,"API":"/positions"},"timestamp":"2025-05-16 10:46:47,095+0530","service":"FyersAPIRequest"}
{"level":"DEBUG","location":"[get_call:140] fyersModel","message":{"Status Code":200,"API":"/positions"},"timestamp":"2025-05-16 10:46:50,318+0530","service":"FyersAPIRequest"}
{"level":"DEBUG","location":"[get_call:140] fyersModel","message":{"Status Code":200,"API":"/positions"},"timestamp":"2025-05-16 10:46:53,386+0530","service":"FyersAPIRequest"}
{"level":"DEBUG","location":"[get_call:140] fyersModel","message":{"Status Code":200,"API":"/positions"},"timestamp":"2025-05-16 10:46:56,446+0530","service":"FyersAPIRequest"}
{"level":"DEBUG","location":"[get_call:140] fyersModel","message":{"Status Code":200,"API":"/positions"},"timestamp":"2025-05-16 10:46:59,544+0530","service":"FyersAPIRequest"}
{"level":"DEBUG","location":"[get_call:140] fyersModel","message":{"Status Code":200,"API":"/positions"},"timestamp":"2025-05-16 10:47:02,621+0530","service":"FyersAPIRequest"}
{"level":"DEBUG","location":"[get_call:140] fyersModel","message":{"Status Code":200,"API":"/positions"},"timestamp":"2025-05-16 10:47:05,663+0530","service":"FyersAPIRequest"}
{"level":"DEBUG","location":"[get_call:140] fyersModel","message":{"Status Code":200,"API":"/positions"},"timestamp":"2025-05-16 10:47:08,754+0530","service":"FyersAPIRequest"}
{"level":"DEBUG","location":"[get_call:140] fyersModel","message":{"Status Code":200,"API":"/positions"},"timestamp":"2025-05-16 10:47:11,838+0530","service":"FyersAPIRequest"}
{"level":"DEBUG","location":"[get_call:140] fyersModel","message":{"Status Code":200,"API":"/positions"},"timestamp":"2025-05-16 10:47:14,873+0530","service":"FyersAPIRequest"}
{"level":"DEBUG","location":"[get_call:140] fyersModel","message":{"Status Code":200,"API":"/positions"},"timestamp":"2025-05-16 10:47:17,981+0530","service":"FyersAPIRequest"}
{"level":"DEBUG","location":"[get_call:140] fyersModel","message":{"Status Code":200,"API":"/positions"},"timestamp":"2025-05-16 10:47:21,516+0530","service":"FyersAPIRequest"}
{"level":"DEBUG","location":"[get_call:140] fyersModel","message":{"Status Code":200,"API":"/positions"},"timestamp":"2025-05-16 10:47:24,596+0530","service":"FyersAPIRequest"}
{"level":"DEBUG","location":"[get_call:140] fyersModel","message":{"Status Code":200,"API":"/positions"},"timestamp":"2025-05-16 10:47:27,651+0530","service":"FyersAPIRequest"}
{"level":"DEBUG","location":"[get_call:140] fyersModel","message":{"Status Code":200,"API":"/positions"},"timestamp":"2025-05-16 10:47:30,669+0530","service":"FyersAPIRequest"}
{"level":"DEBUG","location":"[get_call:140] fyersModel","message":{"Status Code":200,"API":"/positions"},"timestamp":"2025-05-16 10:47:33,727+0530","service":"FyersAPIRequest"}
{"level":"DEBUG","location":"[get_call:140] fyersModel","message":{"Status Code":200,"API":"/positions"},"timestamp":"2025-05-16 10:47:37,272+0530","service":"FyersAPIRequest"}
{"level":"DEBUG","location":"[get_call:140] fyersModel","message":{"Status Code":200,"API":"/positions"},"timestamp":"2025-05-16 10:47:40,313+0530","service":"FyersAPIRequest"}
{"level":"DEBUG","location":"[get_call:140] fyersModel","message":{"Status Code":200,"API":"/positions"},"timestamp":"2025-05-16 10:47:43,367+0530","service":"FyersAPIRequest"}
{"level":"DEBUG","location":"[get_call:140] fyersModel","message":{"Status Code":200,"API":"/positions"},"timestamp":"2025-05-16 10:47:46,427+0530","service":"FyersAPIRequest"}
{"level":"DEBUG","location":"[get_call:140] fyersModel","message":{"Status Code":200,"API":"/positions"},"timestamp":"2025-05-16 10:47:49,471+0530","service":"FyersAPIRequest"}
{"level":"DEBUG","location":"[get_call:140] fyersModel","message":{"Status Code":200,"API":"/positions"},"timestamp":"2025-05-16 10:47:52,529+0530","service":"FyersAPIRequest"}
{"level":"DEBUG","location":"[get_call:140] fyersModel","message":{"Status Code":200,"API":"/positions"},"timestamp":"2025-05-16 10:47:56,048+0530","service":"FyersAPIRequest"}
{"level":"DEBUG","location":"[get_call:140] fyersModel","message":{"Status Code":200,"API":"/positions"},"timestamp":"2025-05-16 10:47:59,578+0530","service":"FyersAPIRequest"}
{"level":"DEBUG","location":"[get_call:140] fyersModel","message":{"Status Code":200,"API":"/positions"},"timestamp":"2025-05-16 10:48:02,591+0530","service":"FyersAPIRequest"}
{"level":"DEBUG","location":"[get_call:140] fyersModel","message":{"Status Code":200,"API":"/positions"},"timestamp":"2025-05-16 10:48:05,580+0530","service":"FyersAPIRequest"}
{"level":"DEBUG","location":"[get_call:140] fyersModel","message":{"Status Code":200,"API":"/positions"},"timestamp":"2025-05-16 10:48:08,598+0530","service":"FyersAPIRequest"}
{"level":"DEBUG","location":"[get_call:140] fyersModel","message":{"Status Code":200,"API":"/positions"},"timestamp":"2025-05-16 10:48:11,615+0530","service":"FyersAPIRequest"}
{"level":"DEBUG","location":"[get_call:140] fyersModel","message":{"Status Code":200,"API":"/positions"},"timestamp":"2025-05-16 10:48:14,646+0530","service":"FyersAPIRequest"}
{"level":"DEBUG","location":"[get_call:140] fyersModel","message":{"Status Code":200,"API":"/positions"},"timestamp":"2025-05-16 10:48:17,684+0530","service":"FyersAPIRequest"}
{"level":"DEBUG","location":"[get_call:140] fyersModel","message":{"Status Code":200,"API":"/positions"},"timestamp":"2025-05-16 10:48:20,723+0530","service":"FyersAPIRequest"}
{"level":"DEBUG","location":"[get_call:140] fyersModel","message":{"Status Code":200,"API":"/positions"},"timestamp":"2025-05-16 10:48:24,210+0530","service":"FyersAPIRequest"}
{"level":"DEBUG","location":"[get_call:140] fyersModel","message":{"Status Code":200,"API":"/positions"},"timestamp":"2025-05-16 10:48:27,243+0530","service":"FyersAPIRequest"}
{"level":"DEBUG","location":"[get_call:140] fyersModel","message":{"Status Code":200,"API":"/positions"},"timestamp":"2025-05-16 10:48:30,238+0530","service":"FyersAPIRequest"}
{"level":"DEBUG","location":"[get_call:140] fyersModel","message":{"Status Code":200,"API":"/positions"},"timestamp":"2025-05-16 10:48:33,295+0530","service":"FyersAPIRequest"}
{"level":"DEBUG","location":"[get_call:140] fyersModel","message":{"Status Code":200,"API":"/positions"},"timestamp":"2025-05-16 10:48:36,315+0530","service":"FyersAPIRequest"}
{"level":"DEBUG","location":"[get_call:140] fyersModel","message":{"Status Code":200,"API":"/positions"},"timestamp":"2025-05-16 10:48:39,355+0530","service":"FyersAPIRequest"}
{"level":"DEBUG","location":"[get_call:140] fyersModel","message":{"Status Code":200,"API":"/positions"},"timestamp":"2025-05-16 10:48:42,362+0530","service":"FyersAPIRequest"}
{"level":"DEBUG","location":"[get_call:140] fyersModel","message":{"Status Code":200,"API":"/positions"},"timestamp":"2025-05-16 10:48:45,363+0530","service":"FyersAPIRequest"}
{"level":"DEBUG","location":"[get_call:140] fyersModel","message":{"Status Code":200,"API":"/positions"},"timestamp":"2025-05-16 10:48:48,394+0530","service":"FyersAPIRequest"}
{"level":"DEBUG","location":"[get_call:140] fyersModel","message":{"Status Code":200,"API":"/positions"},"timestamp":"2025-05-16 10:48:51,375+0530","service":"FyersAPIRequest"}
{"level":"DEBUG","location":"[get_call:140] fyersModel","message":{"Status Code":200,"API":"/positions"},"timestamp":"2025-05-16 10:48:54,387+0530","service":"FyersAPIRequest"}
{"level":"DEBUG","location":"[get_call:140] fyersModel","message":{"Status Code":200,"API":"/positions"},"timestamp":"2025-05-16 10:48:57,398+0530","service":"FyersAPIRequest"}
{"level":"DEBUG","location":"[get_call:140] fyersModel","message":{"Status Code":200,"API":"/positions"},"timestamp":"2025-05-16 10:49:00,883+0530","service":"FyersAPIRequest"}
{"level":"DEBUG","location":"[get_call:140] fyersModel","message":{"Status Code":200,"API":"/positions"},"timestamp":"2025-05-16 10:49:03,900+0530","service":"FyersAPIRequest"}
{"level":"DEBUG","location":"[get_call:140] fyersModel","message":{"Status Code":200,"API":"/positions"},"timestamp":"2025-05-16 10:49:06,936+0530","service":"FyersAPIRequest"}
{"level":"DEBUG","location":"[get_call:140] fyersModel","message":{"Status Code":200,"API":"/positions"},"timestamp":"2025-05-16 10:49:09,941+0530","service":"FyersAPIRequest"}
{"level":"DEBUG","location":"[get_call:140] fyersModel","message":{"Status Code":200,"API":"/positions"},"timestamp":"2025-05-16 10:49:12,988+0530","service":"FyersAPIRequest"}
{"level":"DEBUG","location":"[get_call:140] fyersModel","message":{"Status Code":200,"API":"/positions"},"timestamp":"2025-05-16 10:49:16,019+0530","service":"FyersAPIRequest"}
{"level":"DEBUG","location":"[get_call:140] fyersModel","message":{"Status Code":200,"API":"/positions"},"timestamp":"2025-05-16 10:49:19,021+0530","service":"FyersAPIRequest"}
{"level":"DEBUG","location":"[get_call:140] fyersModel","message":{"Status Code":200,"API":"/positions"},"timestamp":"2025-05-16 10:49:22,577+0530","service":"FyersAPIRequest"}
{"level":"DEBUG","location":"[get_call:140] fyersModel","message":{"Status Code":200,"API":"/positions"},"timestamp":"2025-05-16 10:49:25,597+0530","service":"FyersAPIRequest"}
{"level":"DEBUG","location":"[get_call:140] fyersModel","message":{"Status Code":200,"API":"/positions"},"timestamp":"2025-05-16 10:49:29,174+0530","service":"FyersAPIRequest"}
{"level":"DEBUG","location":"[get_call:140] fyersModel","message":{"Status Code":200,"API":"/positions"},"timestamp":"2025-05-16 10:49:32,221+0530","service":"FyersAPIRequest"}
{"level":"DEBUG","location":"[get_call:140] fyersModel","message":{"Status Code":200,"API":"/positions"},"timestamp":"2025-05-16 10:49:35,766+0530","service":"FyersAPIRequest"}
{"level":"DEBUG","location":"[get_call:140] fyersModel","message":{"Status Code":200,"API":"/positions"},"timestamp":"2025-05-16 10:49:39,340+0530","service":"FyersAPIRequest"}
{"level":"DEBUG","location":"[get_call:140] fyersModel","message":{"Status Code":200,"API":"/positions"},"timestamp":"2025-05-16 10:49:42,436+0530","service":"FyersAPIRequest"}
{"level":"DEBUG","location":"[get_call:140] fyersModel","message":{"Status Code":200,"API":"/positions"},"timestamp":"2025-05-16 10:49:45,507+0530","service":"FyersAPIRequest"}
{"level":"DEBUG","location":"[get_call:140] fyersModel","message":{"Status Code":200,"API":"/positions"},"timestamp":"2025-05-16 10:49:48,515+0530","service":"FyersAPIRequest"}
{"level":"DEBUG","location":"[get_call:140] fyersModel","message":{"Status Code":200,"API":"/positions"},"timestamp":"2025-05-16 10:49:51,577+0530","service":"FyersAPIRequest"}
{"level":"DEBUG","location":"[get_call:140] fyersModel","message":{"Status Code":200,"API":"/positions"},"timestamp":"2025-05-16 10:49:54,626+0530","service":"FyersAPIRequest"}
{"level":"DEBUG","location":"[get_call:140] fyersModel","message":{"Status Code":200,"API":"/positions"},"timestamp":"2025-05-16 10:49:57,717+0530","service":"FyersAPIRequest"}
{"level":"DEBUG","location":"[get_call:140] fyersModel","message":{"Status Code":200,"API":"/positions"},"timestamp":"2025-05-16 10:50:00,740+0530","service":"FyersAPIRequest"}
{"level":"DEBUG","location":"[get_call:140] fyersModel","message":{"Status Code":200,"API":"/positions"},"timestamp":"2025-05-16 10:50:04,286+0530","service":"FyersAPIRequest"}
{"level":"DEBUG","location":"[get_call:140] fyersModel","message":{"Status Code":200,"API":"/positions"},"timestamp":"2025-05-16 10:50:07,316+0530","service":"FyersAPIRequest"}
{"level":"DEBUG","location":"[get_call:140] fyersModel","message":{"Status Code":200,"API":"/positions"},"timestamp":"2025-05-16 10:50:10,414+0530","service":"FyersAPIRequest"}
{"level":"DEBUG","location":"[get_call:140] fyersModel","message":{"Status Code":200,"API":"/positions"},"timestamp":"2025-05-16 10:50:13,455+0530","service":"FyersAPIRequest"}
{"level":"DEBUG","location":"[get_call:140] fyersModel","message":{"Status Code":200,"API":"/positions"},"timestamp":"2025-05-16 10:50:16,485+0530","service":"FyersAPIRequest"}
{"level":"DEBUG","location":"[get_call:140] fyersModel","message":{"Status Code":200,"API":"/positions"},"timestamp":"2025-05-16 10:50:19,552+0530","service":"FyersAPIRequest"}
{"level":"DEBUG","location":"[get_call:140] fyersModel","message":{"Status Code":200,"API":"/positions"},"timestamp":"2025-05-16 10:50:22,604+0530","service":"FyersAPIRequest"}
{"level":"DEBUG","location":"[get_call:140] fyersModel","message":{"Status Code":200,"API":"/positions"},"timestamp":"2025-05-16 10:50:25,621+0530","service":"FyersAPIRequest"}
{"level":"DEBUG","location":"[get_call:140] fyersModel","message":{"Status Code":200,"API":"/positions"},"timestamp":"2025-05-16 10:50:28,712+0530","service":"FyersAPIRequest"}
{"level":"DEBUG","location":"[get_call:140] fyersModel","message":{"Status Code":200,"API":"/positions"},"timestamp":"2025-05-16 10:50:31,754+0530","service":"FyersAPIRequest"}
{"level":"DEBUG","location":"[get_call:140] fyersModel","message":{"Status Code":200,"API":"/positions"},"timestamp":"2025-05-16 10:50:34,709+0530","service":"FyersAPIRequest"}
{"level":"DEBUG","location":"[get_call:140] fyersModel","message":{"Status Code":200,"API":"/positions"},"timestamp":"2025-05-16 10:50:37,760+0530","service":"FyersAPIRequest"}
{"level":"DEBUG","location":"[get_call:140] fyersModel","message":{"Status Code":200,"API":"/positions"},"timestamp":"2025-05-16 10:50:40,786+0530","service":"FyersAPIRequest"}
{"level":"DEBUG","location":"[get_call:140] fyersModel","message":{"Status Code":200,"API":"/positions"},"timestamp":"2025-05-16 10:50:44,230+0530","service":"FyersAPIRequest"}
{"level":"DEBUG","location":"[get_call:140] fyersModel","message":{"Status Code":200,"API":"/positions"},"timestamp":"2025-05-16 10:50:47,232+0530","service":"FyersAPIRequest"}
{"level":"DEBUG","location":"[get_call:140] fyersModel","message":{"Status Code":200,"API":"/positions"},"timestamp":"2025-05-16 10:50:50,280+0530","service":"FyersAPIRequest"}
{"level":"DEBUG","location":"[get_call:140] fyersModel","message":{"Status Code":200,"API":"/positions"},"timestamp":"2025-05-16 10:50:53,324+0530","service":"FyersAPIRequest"}
{"level":"DEBUG","location":"[get_call:140] fyersModel","message":{"Status Code":200,"API":"/positions"},"timestamp":"2025-05-16 10:50:56,346+0530","service":"FyersAPIRequest"}
{"level":"DEBUG","location":"[get_call:140] fyersModel","message":{"Status Code":200,"API":"/positions"},"timestamp":"2025-05-16 10:50:59,370+0530","service":"FyersAPIRequest"}
{"level":"DEBUG","location":"[get_call:140] fyersModel","message":{"Status Code":200,"API":"/positions"},"timestamp":"2025-05-16 10:51:02,350+0530","service":"FyersAPIRequest"}
{"level":"DEBUG","location":"[get_call:140] fyersModel","message":{"Status Code":200,"API":"/positions"},"timestamp":"2025-05-16 10:51:05,843+0530","service":"FyersAPIRequest"}
{"level":"DEBUG","location":"[get_call:140] fyersModel","message":{"Status Code":200,"API":"/positions"},"timestamp":"2025-05-16 10:51:08,893+0530","service":"FyersAPIRequest"}
{"level":"DEBUG","location":"[get_call:140] fyersModel","message":{"Status Code":200,"API":"/positions"},"timestamp":"2025-05-16 10:51:11,924+0530","service":"FyersAPIRequest"}
{"level":"DEBUG","location":"[get_call:140] fyersModel","message":{"Status Code":200,"API":"/positions"},"timestamp":"2025-05-16 10:51:14,916+0530","service":"FyersAPIRequest"}
{"level":"DEBUG","location":"[get_call:140] fyersModel","message":{"Status Code":200,"API":"/positions"},"timestamp":"2025-05-16 10:51:17,887+0530","service":"FyersAPIRequest"}
{"level":"DEBUG","location":"[get_call:140] fyersModel","message":{"Status Code":200,"API":"/positions"},"timestamp":"2025-05-16 10:51:20,911+0530","service":"FyersAPIRequest"}
{"level":"DEBUG","location":"[get_call:140] fyersModel","message":{"Status Code":200,"API":"/positions"},"timestamp":"2025-05-16 10:51:24,049+0530","service":"FyersAPIRequest"}
{"level":"DEBUG","location":"[get_call:140] fyersModel","message":{"Status Code":200,"API":"/positions"},"timestamp":"2025-05-16 10:51:27,085+0530","service":"FyersAPIRequest"}
{"level":"DEBUG","location":"[get_call:140] fyersModel","message":{"Status Code":200,"API":"/positions"},"timestamp":"2025-05-16 10:51:30,089+0530","service":"FyersAPIRequest"}
{"level":"DEBUG","location":"[get_call:140] fyersModel","message":{"Status Code":200,"API":"/positions"},"timestamp":"2025-05-16 10:51:33,155+0530","service":"FyersAPIRequest"}
{"level":"DEBUG","location":"[get_call:140] fyersModel","message":{"Status Code":200,"API":"/positions"},"timestamp":"2025-05-16 10:51:36,188+0530","service":"FyersAPIRequest"}
{"level":"DEBUG","location":"[get_call:140] fyersModel","message":{"Status Code":200,"API":"/positions"},"timestamp":"2025-05-16 10:51:39,201+0530","service":"FyersAPIRequest"}
{"level":"DEBUG","location":"[get_call:140] fyersModel","message":{"Status Code":200,"API":"/positions"},"timestamp":"2025-05-16 10:51:42,122+0530","service":"FyersAPIRequest"}
{"level":"DEBUG","location":"[get_call:140] fyersModel","message":{"Status Code":200,"API":"/positions"},"timestamp":"2025-05-16 10:51:45,168+0530","service":"FyersAPIRequest"}
{"level":"DEBUG","location":"[get_call:140] fyersModel","message":{"Status Code":200,"API":"/positions"},"timestamp":"2025-05-16 10:51:48,185+0530","service":"FyersAPIRequest"}
{"level":"DEBUG","location":"[get_call:140] fyersModel","message":{"Status Code":200,"API":"/positions"},"timestamp":"2025-05-16 10:51:51,181+0530","service":"FyersAPIRequest"}
{"level":"DEBUG","location":"[get_call:140] fyersModel","message":{"Status Code":200,"API":"/positions"},"timestamp":"2025-05-16 10:51:54,198+0530","service":"FyersAPIRequest"}
{"level":"DEBUG","location":"[get_call:140] fyersModel","message":{"Status Code":200,"API":"/positions"},"timestamp":"2025-05-16 10:51:57,188+0530","service":"FyersAPIRequest"}
{"level":"DEBUG","location":"[get_call:140] fyersModel","message":{"Status Code":200,"API":"/positions"},"timestamp":"2025-05-16 10:52:00,212+0530","service":"FyersAPIRequest"}
{"level":"DEBUG","location":"[get_call:140] fyersModel","message":{"Status Code":200,"API":"/positions"},"timestamp":"2025-05-16 10:52:03,147+0530","service":"FyersAPIRequest"}
{"level":"DEBUG","location":"[get_call:140] fyersModel","message":{"Status Code":200,"API":"/positions"},"timestamp":"2025-05-16 10:52:06,189+0530","service":"FyersAPIRequest"}
{"level":"DEBUG","location":"[get_call:140] fyersModel","message":{"Status Code":200,"API":"/positions"},"timestamp":"2025-05-16 10:52:09,253+0530","service":"FyersAPIRequest"}
{"level":"DEBUG","location":"[get_call:140] fyersModel","message":{"Status Code":200,"API":"/positions"},"timestamp":"2025-05-16 10:52:12,285+0530","service":"FyersAPIRequest"}
{"level":"DEBUG","location":"[get_call:140] fyersModel","message":{"Status Code":200,"API":"/positions"},"timestamp":"2025-05-16 10:52:15,334+0530","service":"FyersAPIRequest"}
{"level":"DEBUG","location":"[get_call:140] fyersModel","message":{"Status Code":200,"API":"/positions"},"timestamp":"2025-05-16 10:52:18,377+0530","service":"FyersAPIRequest"}
{"level":"DEBUG","location":"[get_call:140] fyersModel","message":{"Status Code":200,"API":"/positions"},"timestamp":"2025-05-16 10:52:21,408+0530","service":"FyersAPIRequest"}
{"level":"DEBUG","location":"[get_call:140] fyersModel","message":{"Status Code":200,"API":"/positions"},"timestamp":"2025-05-16 10:52:24,454+0530","service":"FyersAPIRequest"}
{"level":"DEBUG","location":"[get_call:140] fyersModel","message":{"Status Code":200,"API":"/positions"},"timestamp":"2025-05-16 10:52:27,495+0530","service":"FyersAPIRequest"}
{"level":"DEBUG","location":"[get_call:140] fyersModel","message":{"Status Code":200,"API":"/positions"},"timestamp":"2025-05-16 10:52:30,503+0530","service":"FyersAPIRequest"}
{"level":"DEBUG","location":"[get_call:140] fyersModel","message":{"Status Code":200,"API":"/positions"},"timestamp":"2025-05-16 10:52:33,579+0530","service":"FyersAPIRequest"}
{"level":"DEBUG","location":"[get_call:140] fyersModel","message":{"Status Code":200,"API":"/positions"},"timestamp":"2025-05-16 10:52:36,579+0530","service":"FyersAPIRequest"}
{"level":"DEBUG","location":"[get_call:140] fyersModel","message":{"Status Code":200,"API":"/positions"},"timestamp":"2025-05-16 10:52:39,631+0530","service":"FyersAPIRequest"}
{"level":"DEBUG","location":"[get_call:140] fyersModel","message":{"Status Code":200,"API":"/positions"},"timestamp":"2025-05-16 10:52:42,591+0530","service":"FyersAPIRequest"}
{"level":"DEBUG","location":"[get_call:140] fyersModel","message":{"Status Code":200,"API":"/positions"},"timestamp":"2025-05-16 10:52:45,656+0530","service":"FyersAPIRequest"}
{"level":"DEBUG","location":"[get_call:140] fyersModel","message":{"Status Code":200,"API":"/positions"},"timestamp":"2025-05-16 10:52:48,716+0530","service":"FyersAPIRequest"}
{"level":"DEBUG","location":"[get_call:140] fyersModel","message":{"Status Code":200,"API":"/positions"},"timestamp":"2025-05-16 10:52:51,761+0530","service":"FyersAPIRequest"}
{"level":"DEBUG","location":"[get_call:140] fyersModel","message":{"Status Code":200,"API":"/positions"},"timestamp":"2025-05-16 10:52:54,797+0530","service":"FyersAPIRequest"}
{"level":"DEBUG","location":"[get_call:140] fyersModel","message":{"Status Code":200,"API":"/positions"},"timestamp":"2025-05-16 10:52:57,850+0530","service":"FyersAPIRequest"}
{"level":"DEBUG","location":"[get_call:140] fyersModel","message":{"Status Code":200,"API":"/positions"},"timestamp":"2025-05-16 10:53:00,876+0530","service":"FyersAPIRequest"}
{"level":"DEBUG","location":"[get_call:140] fyersModel","message":{"Status Code":200,"API":"/positions"},"timestamp":"2025-05-16 10:53:03,938+0530","service":"FyersAPIRequest"}
{"level":"DEBUG","location":"[get_call:140] fyersModel","message":{"Status Code":200,"API":"/positions"},"timestamp":"2025-05-16 10:53:06,948+0530","service":"FyersAPIRequest"}
{"level":"DEBUG","location":"[get_call:140] fyersModel","message":{"Status Code":200,"API":"/positions"},"timestamp":"2025-05-16 10:53:10,017+0530","service":"FyersAPIRequest"}
{"level":"DEBUG","location":"[get_call:140] fyersModel","message":{"Status Code":200,"API":"/positions"},"timestamp":"2025-05-16 10:53:13,055+0530","service":"FyersAPIRequest"}
{"level":"DEBUG","location":"[get_call:140] fyersModel","message":{"Status Code":200,"API":"/positions"},"timestamp":"2025-05-16 10:53:16,115+0530","service":"FyersAPIRequest"}
{"level":"DEBUG","location":"[get_call:140] fyersModel","message":{"Status Code":200,"API":"/positions"},"timestamp":"2025-05-16 10:53:19,212+0530","service":"FyersAPIRequest"}
{"level":"DEBUG","location":"[get_call:140] fyersModel","message":{"Status Code":200,"API":"/positions"},"timestamp":"2025-05-16 10:53:22,287+0530","service":"FyersAPIRequest"}
{"level":"DEBUG","location":"[get_call:140] fyersModel","message":{"Status Code":200,"API":"/positions"},"timestamp":"2025-05-16 10:53:25,325+0530","service":"FyersAPIRequest"}
{"level":"DEBUG","location":"[get_call:140] fyersModel","message":{"Status Code":200,"API":"/positions"},"timestamp":"2025-05-16 10:53:28,886+0530","service":"FyersAPIRequest"}
{"level":"DEBUG","location":"[get_call:140] fyersModel","message":{"Status Code":200,"API":"/positions"},"timestamp":"2025-05-16 10:53:32,417+0530","service":"FyersAPIRequest"}
{"level":"DEBUG","location":"[get_call:140] fyersModel","message":{"Status Code":200,"API":"/positions"},"timestamp":"2025-05-16 10:53:35,496+0530","service":"FyersAPIRequest"}
{"level":"DEBUG","location":"[get_call:140] fyersModel","message":{"Status Code":200,"API":"/positions"},"timestamp":"2025-05-16 10:53:38,541+0530","service":"FyersAPIRequest"}
{"level":"DEBUG","location":"[get_call:140] fyersModel","message":{"Status Code":200,"API":"/positions"},"timestamp":"2025-05-16 10:53:41,589+0530","service":"FyersAPIRequest"}
{"level":"DEBUG","location":"[get_call:140] fyersModel","message":{"Status Code":200,"API":"/positions"},"timestamp":"2025-05-16 10:53:44,645+0530","service":"FyersAPIRequest"}
{"level":"DEBUG","location":"[get_call:140] fyersModel","message":{"Status Code":200,"API":"/positions"},"timestamp":"2025-05-16 10:53:47,646+0530","service":"FyersAPIRequest"}
{"level":"DEBUG","location":"[get_call:140] fyersModel","message":{"Status Code":200,"API":"/positions"},"timestamp":"2025-05-16 10:53:51,139+0530","service":"FyersAPIRequest"}
{"level":"DEBUG","location":"[get_call:140] fyersModel","message":{"Status Code":200,"API":"/positions"},"timestamp":"2025-05-16 10:53:54,191+0530","service":"FyersAPIRequest"}
{"level":"DEBUG","location":"[get_call:140] fyersModel","message":{"Status Code":200,"API":"/positions"},"timestamp":"2025-05-16 10:53:57,195+0530","service":"FyersAPIRequest"}
{"level":"DEBUG","location":"[get_call:140] fyersModel","message":{"Status Code":200,"API":"/positions"},"timestamp":"2025-05-16 10:54:00,190+0530","service":"FyersAPIRequest"}
{"level":"DEBUG","location":"[get_call:140] fyersModel","message":{"Status Code":200,"API":"/positions"},"timestamp":"2025-05-16 10:54:03,171+0530","service":"FyersAPIRequest"}
{"level":"DEBUG","location":"[get_call:140] fyersModel","message":{"Status Code":200,"API":"/positions"},"timestamp":"2025-05-16 10:54:06,194+0530","service":"FyersAPIRequest"}
{"level":"DEBUG","location":"[get_call:140] fyersModel","message":{"Status Code":200,"API":"/positions"},"timestamp":"2025-05-16 10:54:09,196+0530","service":"FyersAPIRequest"}
{"level":"DEBUG","location":"[get_call:140] fyersModel","message":{"Status Code":200,"API":"/positions"},"timestamp":"2025-05-16 10:54:12,200+0530","service":"FyersAPIRequest"}
{"level":"DEBUG","location":"[get_call:140] fyersModel","message":{"Status Code":200,"API":"/positions"},"timestamp":"2025-05-16 10:54:15,214+0530","service":"FyersAPIRequest"}
{"level":"DEBUG","location":"[get_call:140] fyersModel","message":{"Status Code":200,"API":"/positions"},"timestamp":"2025-05-16 10:54:18,220+0530","service":"FyersAPIRequest"}
{"level":"DEBUG","location":"[get_call:140] fyersModel","message":{"Status Code":200,"API":"/positions"},"timestamp":"2025-05-16 10:54:21,271+0530","service":"FyersAPIRequest"}
{"level":"DEBUG","location":"[get_call:140] fyersModel","message":{"Status Code":200,"API":"/positions"},"timestamp":"2025-05-16 10:54:24,345+0530","service":"FyersAPIRequest"}
{"level":"DEBUG","location":"[get_call:140] fyersModel","message":{"Status Code":200,"API":"/positions"},"timestamp":"2025-05-16 10:54:27,867+0530","service":"FyersAPIRequest"}
{"level":"DEBUG","location":"[get_call:140] fyersModel","message":{"Status Code":200,"API":"/positions"},"timestamp":"2025-05-16 10:54:30,835+0530","service":"FyersAPIRequest"}
{"level":"DEBUG","location":"[get_call:140] fyersModel","message":{"Status Code":200,"API":"/positions"},"timestamp":"2025-05-16 10:54:33,786+0530","service":"FyersAPIRequest"}
{"level":"DEBUG","location":"[get_call:140] fyersModel","message":{"Status Code":200,"API":"/positions"},"timestamp":"2025-05-16 10:54:36,772+0530","service":"FyersAPIRequest"}
{"level":"DEBUG","location":"[get_call:140] fyersModel","message":{"Status Code":200,"API":"/positions"},"timestamp":"2025-05-16 10:54:39,792+0530","service":"FyersAPIRequest"}
{"level":"DEBUG","location":"[get_call:140] fyersModel","message":{"Status Code":200,"API":"/positions"},"timestamp":"2025-05-16 10:54:42,303+0530","service":"FyersAPIRequest"}
{"level":"DEBUG","location":"[get_call:140] fyersModel","message":{"Status Code":200,"API":"/positions"},"timestamp":"2025-05-16 10:54:44,818+0530","service":"FyersAPIRequest"}
{"level":"DEBUG","location":"[get_call:140] fyersModel","message":{"Status Code":200,"API":"/positions"},"timestamp":"2025-05-16 10:54:47,829+0530","service":"FyersAPIRequest"}
{"level":"DEBUG","location":"[get_call:140] fyersModel","message":{"Status Code":200,"API":"/positions"},"timestamp":"2025-05-16 10:54:51,367+0530","service":"FyersAPIRequest"}
{"level":"DEBUG","location":"[get_call:140] fyersModel","message":{"Status Code":200,"API":"/positions"},"timestamp":"2025-05-16 10:54:54,418+0530","service":"FyersAPIRequest"}
{"level":"DEBUG","location":"[get_call:140] fyersModel","message":{"Status Code":200,"API":"/positions"},"timestamp":"2025-05-16 10:54:57,438+0530","service":"FyersAPIRequest"}
{"level":"DEBUG","location":"[get_call:140] fyersModel","message":{"Status Code":200,"API":"/positions"},"timestamp":"2025-05-16 10:55:00,526+0530","service":"FyersAPIRequest"}
{"level":"DEBUG","location":"[get_call:140] fyersModel","message":{"Status Code":200,"API":"/positions"},"timestamp":"2025-05-16 10:55:03,692+0530","service":"FyersAPIRequest"}
{"level":"DEBUG","location":"[get_call:140] fyersModel","message":{"Status Code":200,"API":"/positions"},"timestamp":"2025-05-16 10:55:06,704+0530","service":"FyersAPIRequest"}
{"level":"DEBUG","location":"[get_call:140] fyersModel","message":{"Status Code":200,"API":"/positions"},"timestamp":"2025-05-16 10:55:10,219+0530","service":"FyersAPIRequest"}
{"level":"DEBUG","location":"[get_call:140] fyersModel","message":{"Status Code":200,"API":"/positions"},"timestamp":"2025-05-16 10:55:13,214+0530","service":"FyersAPIRequest"}
{"level":"DEBUG","location":"[get_call:140] fyersModel","message":{"Status Code":200,"API":"/positions"},"timestamp":"2025-05-16 10:55:16,683+0530","service":"FyersAPIRequest"}
{"level":"DEBUG","location":"[get_call:140] fyersModel","message":{"Status Code":200,"API":"/positions"},"timestamp":"2025-05-16 10:55:20,168+0530","service":"FyersAPIRequest"}
{"level":"DEBUG","location":"[get_call:140] fyersModel","message":{"Status Code":200,"API":"/positions"},"timestamp":"2025-05-16 10:55:23,721+0530","service":"FyersAPIRequest"}
{"level":"DEBUG","location":"[get_call:140] fyersModel","message":{"Status Code":200,"API":"/positions"},"timestamp":"2025-05-16 10:55:26,226+0530","service":"FyersAPIRequest"}
{"level":"DEBUG","location":"[get_call:140] fyersModel","message":{"Status Code":200,"API":"/positions"},"timestamp":"2025-05-16 10:55:28,757+0530","service":"FyersAPIRequest"}
{"level":"DEBUG","location":"[get_call:140] fyersModel","message":{"Status Code":200,"API":"/positions"},"timestamp":"2025-05-16 10:55:31,735+0530","service":"FyersAPIRequest"}
{"level":"DEBUG","location":"[get_call:140] fyersModel","message":{"Status Code":200,"API":"/positions"},"timestamp":"2025-05-16 10:55:35,271+0530","service":"FyersAPIRequest"}
{"level":"DEBUG","location":"[get_call:140] fyersModel","message":{"Status Code":200,"API":"/positions"},"timestamp":"2025-05-16 10:55:38,289+0530","service":"FyersAPIRequest"}
{"level":"DEBUG","location":"[get_call:140] fyersModel","message":{"Status Code":200,"API":"/positions"},"timestamp":"2025-05-16 10:55:41,353+0530","service":"FyersAPIRequest"}
{"level":"DEBUG","location":"[get_call:140] fyersModel","message":{"Status Code":200,"API":"/positions"},"timestamp":"2025-05-16 10:55:44,363+0530","service":"FyersAPIRequest"}
{"level":"DEBUG","location":"[get_call:140] fyersModel","message":{"Status Code":200,"API":"/positions"},"timestamp":"2025-05-16 10:55:47,442+0530","service":"FyersAPIRequest"}
{"level":"DEBUG","location":"[get_call:140] fyersModel","message":{"Status Code":200,"API":"/positions"},"timestamp":"2025-05-16 10:55:50,959+0530","service":"FyersAPIRequest"}
{"level":"DEBUG","location":"[get_call:140] fyersModel","message":{"Status Code":200,"API":"/positions"},"timestamp":"2025-05-16 10:55:53,991+0530","service":"FyersAPIRequest"}
{"level":"DEBUG","location":"[get_call:140] fyersModel","message":{"Status Code":200,"API":"/positions"},"timestamp":"2025-05-16 10:55:57,040+0530","service":"FyersAPIRequest"}
{"level":"DEBUG","location":"[get_call:140] fyersModel","message":{"Status Code":200,"API":"/positions"},"timestamp":"2025-05-16 10:56:00,115+0530","service":"FyersAPIRequest"}
{"level":"DEBUG","location":"[get_call:140] fyersModel","message":{"Status Code":200,"API":"/positions"},"timestamp":"2025-05-16 10:56:03,205+0530","service":"FyersAPIRequest"}
{"level":"DEBUG","location":"[get_call:140] fyersModel","message":{"Status Code":200,"API":"/positions"},"timestamp":"2025-05-16 10:56:06,257+0530","service":"FyersAPIRequest"}
{"level":"DEBUG","location":"[get_call:140] fyersModel","message":{"Status Code":200,"API":"/positions"},"timestamp":"2025-05-16 10:56:09,288+0530","service":"FyersAPIRequest"}
{"level":"DEBUG","location":"[get_call:140] fyersModel","message":{"Status Code":200,"API":"/positions"},"timestamp":"2025-05-16 10:56:12,831+0530","service":"FyersAPIRequest"}
{"level":"DEBUG","location":"[get_call:140] fyersModel","message":{"Status Code":200,"API":"/positions"},"timestamp":"2025-05-16 10:56:15,859+0530","service":"FyersAPIRequest"}
{"level":"DEBUG","location":"[get_call:140] fyersModel","message":{"Status Code":200,"API":"/positions"},"timestamp":"2025-05-16 10:56:18,907+0530","service":"FyersAPIRequest"}
{"level":"DEBUG","location":"[get_call:140] fyersModel","message":{"Status Code":200,"API":"/positions"},"timestamp":"2025-05-16 10:56:21,980+0530","service":"FyersAPIRequest"}
{"level":"DEBUG","location":"[get_call:140] fyersModel","message":{"Status Code":200,"API":"/positions"},"timestamp":"2025-05-16 10:56:25,053+0530","service":"FyersAPIRequest"}
{"level":"DEBUG","location":"[get_call:140] fyersModel","message":{"Status Code":200,"API":"/positions"},"timestamp":"2025-05-16 10:56:28,095+0530","service":"FyersAPIRequest"}
{"level":"DEBUG","location":"[get_call:140] fyersModel","message":{"Status Code":200,"API":"/positions"},"timestamp":"2025-05-16 10:56:31,192+0530","service":"FyersAPIRequest"}
{"level":"DEBUG","location":"[get_call:140] fyersModel","message":{"Status Code":200,"API":"/positions"},"timestamp":"2025-05-16 10:56:34,296+0530","service":"FyersAPIRequest"}
{"level":"DEBUG","location":"[get_call:140] fyersModel","message":{"Status Code":200,"API":"/positions"},"timestamp":"2025-05-16 10:56:36,796+0530","service":"FyersAPIRequest"}
{"level":"DEBUG","location":"[get_call:140] fyersModel","message":{"Status Code":200,"API":"/positions"},"timestamp":"2025-05-16 10:56:39,316+0530","service":"FyersAPIRequest"}
{"level":"DEBUG","location":"[get_call:140] fyersModel","message":{"Status Code":200,"API":"/positions"},"timestamp":"2025-05-16 10:56:41,822+0530","service":"FyersAPIRequest"}
{"level":"DEBUG","location":"[get_call:140] fyersModel","message":{"Status Code":200,"API":"/positions"},"timestamp":"2025-05-16 10:56:44,838+0530","service":"FyersAPIRequest"}
{"level":"DEBUG","location":"[get_call:140] fyersModel","message":{"Status Code":200,"API":"/positions"},"timestamp":"2025-05-16 10:56:47,341+0530","service":"FyersAPIRequest"}
{"level":"DEBUG","location":"[get_call:140] fyersModel","message":{"Status Code":200,"API":"/positions"},"timestamp":"2025-05-16 10:56:49,857+0530","service":"FyersAPIRequest"}
{"level":"DEBUG","location":"[get_call:140] fyersModel","message":{"Status Code":200,"API":"/positions"},"timestamp":"2025-05-16 10:56:52,372+0530","service":"FyersAPIRequest"}
{"level":"DEBUG","location":"[get_call:140] fyersModel","message":{"Status Code":200,"API":"/positions"},"timestamp":"2025-05-16 10:56:54,889+0530","service":"FyersAPIRequest"}
{"level":"DEBUG","location":"[get_call:140] fyersModel","message":{"Status Code":200,"API":"/positions"},"timestamp":"2025-05-16 10:56:57,391+0530","service":"FyersAPIRequest"}
{"level":"DEBUG","location":"[get_call:140] fyersModel","message":{"Status Code":200,"API":"/positions"},"timestamp":"2025-05-16 10:56:59,883+0530","service":"FyersAPIRequest"}
{"level":"DEBUG","location":"[get_call:140] fyersModel","message":{"Status Code":200,"API":"/positions"},"timestamp":"2025-05-16 10:57:02,383+0530","service":"FyersAPIRequest"}
{"level":"DEBUG","location":"[get_call:140] fyersModel","message":{"Status Code":200,"API":"/positions"},"timestamp":"2025-05-16 10:57:04,924+0530","service":"FyersAPIRequest"}
{"level":"DEBUG","location":"[get_call:140] fyersModel","message":{"Status Code":200,"API":"/positions"},"timestamp":"2025-05-16 10:57:07,882+0530","service":"FyersAPIRequest"}
{"level":"DEBUG","location":"[get_call:140] fyersModel","message":{"Status Code":200,"API":"/positions"},"timestamp":"2025-05-16 10:57:10,385+0530","service":"FyersAPIRequest"}
{"level":"DEBUG","location":"[get_call:140] fyersModel","message":{"Status Code":200,"API":"/positions"},"timestamp":"2025-05-16 10:57:12,880+0530","service":"FyersAPIRequest"}
{"level":"DEBUG","location":"[get_call:140] fyersModel","message":{"Status Code":200,"API":"/positions"},"timestamp":"2025-05-16 10:57:15,855+0530","service":"FyersAPIRequest"}
{"level":"DEBUG","location":"[get_call:140] fyersModel","message":{"Status Code":200,"API":"/positions"},"timestamp":"2025-05-16 10:57:18,359+0530","service":"FyersAPIRequest"}
{"level":"DEBUG","location":"[get_call:140] fyersModel","message":{"Status Code":200,"API":"/positions"},"timestamp":"2025-05-16 10:57:20,849+0530","service":"FyersAPIRequest"}
{"level":"DEBUG","location":"[get_call:140] fyersModel","message":{"Status Code":200,"API":"/positions"},"timestamp":"2025-05-16 10:57:23,345+0530","service":"FyersAPIRequest"}
{"level":"DEBUG","location":"[get_call:140] fyersModel","message":{"Status Code":200,"API":"/positions"},"timestamp":"2025-05-16 10:57:25,831+0530","service":"FyersAPIRequest"}
{"level":"DEBUG","location":"[get_call:140] fyersModel","message":{"Status Code":200,"API":"/positions"},"timestamp":"2025-05-16 10:57:28,336+0530","service":"FyersAPIRequest"}
{"level":"DEBUG","location":"[get_call:140] fyersModel","message":{"Status Code":200,"API":"/positions"},"timestamp":"2025-05-16 10:57:30,825+0530","service":"FyersAPIRequest"}
{"level":"DEBUG","location":"[get_call:140] fyersModel","message":{"Status Code":200,"API":"/positions"},"timestamp":"2025-05-16 10:57:33,816+0530","service":"FyersAPIRequest"}
{"level":"DEBUG","location":"[get_call:140] fyersModel","message":{"Status Code":200,"API":"/positions"},"timestamp":"2025-05-16 10:57:36,298+0530","service":"FyersAPIRequest"}
{"level":"DEBUG","location":"[get_call:140] fyersModel","message":{"Status Code":200,"API":"/positions"},"timestamp":"2025-05-16 10:57:38,801+0530","service":"FyersAPIRequest"}
{"level":"DEBUG","location":"[get_call:140] fyersModel","message":{"Status Code":200,"API":"/positions"},"timestamp":"2025-05-16 10:57:41,290+0530","service":"FyersAPIRequest"}
{"level":"DEBUG","location":"[get_call:140] fyersModel","message":{"Status Code":200,"API":"/positions"},"timestamp":"2025-05-16 10:57:43,787+0530","service":"FyersAPIRequest"}
{"level":"DEBUG","location":"[get_call:140] fyersModel","message":{"Status Code":200,"API":"/positions"},"timestamp":"2025-05-16 10:57:46,284+0530","service":"FyersAPIRequest"}
{"level":"DEBUG","location":"[get_call:140] fyersModel","message":{"Status Code":200,"API":"/positions"},"timestamp":"2025-05-16 10:57:48,781+0530","service":"FyersAPIRequest"}
{"level":"DEBUG","location":"[get_call:140] fyersModel","message":{"Status Code":200,"API":"/positions"},"timestamp":"2025-05-16 10:57:51,285+0530","service":"FyersAPIRequest"}
{"level":"DEBUG","location":"[get_call:140] fyersModel","message":{"Status Code":200,"API":"/positions"},"timestamp":"2025-05-16 10:57:53,785+0530","service":"FyersAPIRequest"}
{"level":"DEBUG","location":"[get_call:140] fyersModel","message":{"Status Code":200,"API":"/positions"},"timestamp":"2025-05-16 10:57:56,285+0530","service":"FyersAPIRequest"}
{"level":"DEBUG","location":"[get_call:140] fyersModel","message":{"Status Code":200,"API":"/positions"},"timestamp":"2025-05-16 10:57:58,795+0530","service":"FyersAPIRequest"}
{"level":"DEBUG","location":"[get_call:140] fyersModel","message":{"Status Code":200,"API":"/positions"},"timestamp":"2025-05-16 10:58:01,775+0530","service":"FyersAPIRequest"}
{"level":"DEBUG","location":"[get_call:140] fyersModel","message":{"Status Code":200,"API":"/positions"},"timestamp":"2025-05-16 10:58:04,279+0530","service":"FyersAPIRequest"}
{"level":"DEBUG","location":"[get_call:140] fyersModel","message":{"Status Code":200,"API":"/positions"},"timestamp":"2025-05-16 10:58:07,254+0530","service":"FyersAPIRequest"}
{"level":"DEBUG","location":"[get_call:140] fyersModel","message":{"Status Code":200,"API":"/positions"},"timestamp":"2025-05-16 10:58:09,763+0530","service":"FyersAPIRequest"}
{"level":"DEBUG","location":"[get_call:140] fyersModel","message":{"Status Code":200,"API":"/positions"},"timestamp":"2025-05-16 10:58:12,740+0530","service":"FyersAPIRequest"}
{"level":"DEBUG","location":"[get_call:140] fyersModel","message":{"Status Code":200,"API":"/positions"},"timestamp":"2025-05-16 10:58:15,234+0530","service":"FyersAPIRequest"}
{"level":"DEBUG","location":"[get_call:140] fyersModel","message":{"Status Code":200,"API":"/positions"},"timestamp":"2025-05-16 10:58:17,733+0530","service":"FyersAPIRequest"}
{"level":"DEBUG","location":"[get_call:140] fyersModel","message":{"Status Code":200,"API":"/positions"},"timestamp":"2025-05-16 10:58:20,245+0530","service":"FyersAPIRequest"}
{"level":"DEBUG","location":"[get_call:140] fyersModel","message":{"Status Code":200,"API":"/positions"},"timestamp":"2025-05-16 10:58:22,740+0530","service":"FyersAPIRequest"}
{"level":"DEBUG","location":"[get_call:140] fyersModel","message":{"Status Code":200,"API":"/positions"},"timestamp":"2025-05-16 10:58:25,227+0530","service":"FyersAPIRequest"}
{"level":"DEBUG","location":"[get_call:140] fyersModel","message":{"Status Code":200,"API":"/positions"},"timestamp":"2025-05-16 10:58:27,722+0530","service":"FyersAPIRequest"}
{"level":"DEBUG","location":"[get_call:140] fyersModel","message":{"Status Code":200,"API":"/positions"},"timestamp":"2025-05-16 10:58:30,218+0530","service":"FyersAPIRequest"}
{"level":"DEBUG","location":"[get_call:140] fyersModel","message":{"Status Code":200,"API":"/positions"},"timestamp":"2025-05-16 10:58:32,731+0530","service":"FyersAPIRequest"}
{"level":"DEBUG","location":"[get_call:140] fyersModel","message":{"Status Code":200,"API":"/positions"},"timestamp":"2025-05-16 10:58:35,272+0530","service":"FyersAPIRequest"}
{"level":"DEBUG","location":"[get_call:140] fyersModel","message":{"Status Code":200,"API":"/positions"},"timestamp":"2025-05-16 10:58:37,762+0530","service":"FyersAPIRequest"}
{"level":"DEBUG","location":"[get_call:140] fyersModel","message":{"Status Code":200,"API":"/positions"},"timestamp":"2025-05-16 10:58:40,766+0530","service":"FyersAPIRequest"}
{"level":"DEBUG","location":"[get_call:140] fyersModel","message":{"Status Code":200,"API":"/positions"},"timestamp":"2025-05-16 10:58:43,259+0530","service":"FyersAPIRequest"}
{"level":"DEBUG","location":"[get_call:140] fyersModel","message":{"Status Code":200,"API":"/positions"},"timestamp":"2025-05-16 10:58:45,770+0530","service":"FyersAPIRequest"}
{"level":"DEBUG","location":"[get_call:140] fyersModel","message":{"Status Code":200,"API":"/positions"},"timestamp":"2025-05-16 10:58:48,279+0530","service":"FyersAPIRequest"}
{"level":"DEBUG","location":"[get_call:140] fyersModel","message":{"Status Code":200,"API":"/positions"},"timestamp":"2025-05-16 10:58:50,786+0530","service":"FyersAPIRequest"}
{"level":"DEBUG","location":"[get_call:140] fyersModel","message":{"Status Code":200,"API":"/positions"},"timestamp":"2025-05-16 10:58:53,288+0530","service":"FyersAPIRequest"}
{"level":"DEBUG","location":"[get_call:140] fyersModel","message":{"Status Code":200,"API":"/positions"},"timestamp":"2025-05-16 10:58:56,281+0530","service":"FyersAPIRequest"}
{"level":"DEBUG","location":"[get_call:140] fyersModel","message":{"Status Code":200,"API":"/positions"},"timestamp":"2025-05-16 10:58:58,776+0530","service":"FyersAPIRequest"}
{"level":"DEBUG","location":"[get_call:140] fyersModel","message":{"Status Code":200,"API":"/positions"},"timestamp":"2025-05-16 10:59:01,275+0530","service":"FyersAPIRequest"}
{"level":"DEBUG","location":"[get_call:140] fyersModel","message":{"Status Code":200,"API":"/positions"},"timestamp":"2025-05-16 10:59:03,781+0530","service":"FyersAPIRequest"}
{"level":"DEBUG","location":"[get_call:140] fyersModel","message":{"Status Code":200,"API":"/positions"},"timestamp":"2025-05-16 10:59:06,278+0530","service":"FyersAPIRequest"}
{"level":"DEBUG","location":"[get_call:140] fyersModel","message":{"Status Code":200,"API":"/positions"},"timestamp":"2025-05-16 10:59:08,763+0530","service":"FyersAPIRequest"}
{"level":"DEBUG","location":"[get_call:140] fyersModel","message":{"Status Code":200,"API":"/positions"},"timestamp":"2025-05-16 10:59:11,264+0530","service":"FyersAPIRequest"}
{"level":"DEBUG","location":"[get_call:140] fyersModel","message":{"Status Code":200,"API":"/positions"},"timestamp":"2025-05-16 10:59:13,768+0530","service":"FyersAPIRequest"}
{"level":"DEBUG","location":"[get_call:140] fyersModel","message":{"Status Code":200,"API":"/positions"},"timestamp":"2025-05-16 10:59:16,751+0530","service":"FyersAPIRequest"}
{"level":"DEBUG","location":"[get_call:140] fyersModel","message":{"Status Code":200,"API":"/positions"},"timestamp":"2025-05-16 10:59:19,256+0530","service":"FyersAPIRequest"}
{"level":"DEBUG","location":"[get_call:140] fyersModel","message":{"Status Code":200,"API":"/positions"},"timestamp":"2025-05-16 10:59:21,762+0530","service":"FyersAPIRequest"}
{"level":"DEBUG","location":"[get_call:140] fyersModel","message":{"Status Code":200,"API":"/positions"},"timestamp":"2025-05-16 10:59:24,245+0530","service":"FyersAPIRequest"}
{"level":"DEBUG","location":"[get_call:140] fyersModel","message":{"Status Code":200,"API":"/positions"},"timestamp":"2025-05-16 10:59:26,739+0530","service":"FyersAPIRequest"}
{"level":"DEBUG","location":"[get_call:140] fyersModel","message":{"Status Code":200,"API":"/positions"},"timestamp":"2025-05-16 10:59:29,243+0530","service":"FyersAPIRequest"}
{"level":"DEBUG","location":"[get_call:140] fyersModel","message":{"Status Code":200,"API":"/positions"},"timestamp":"2025-05-16 10:59:31,744+0530","service":"FyersAPIRequest"}
{"level":"DEBUG","location":"[get_call:140] fyersModel","message":{"Status Code":200,"API":"/positions"},"timestamp":"2025-05-16 10:59:34,723+0530","service":"FyersAPIRequest"}
{"level":"DEBUG","location":"[get_call:140] fyersModel","message":{"Status Code":200,"API":"/positions"},"timestamp":"2025-05-16 10:59:37,210+0530","service":"FyersAPIRequest"}
{"level":"DEBUG","location":"[get_call:140] fyersModel","message":{"Status Code":200,"API":"/positions"},"timestamp":"2025-05-16 10:59:39,709+0530","service":"FyersAPIRequest"}
{"level":"DEBUG","location":"[get_call:140] fyersModel","message":{"Status Code":200,"API":"/positions"},"timestamp":"2025-05-16 10:59:42,205+0530","service":"FyersAPIRequest"}
{"level":"DEBUG","location":"[get_call:140] fyersModel","message":{"Status Code":200,"API":"/positions"},"timestamp":"2025-05-16 10:59:44,691+0530","service":"FyersAPIRequest"}
{"level":"DEBUG","location":"[get_call:140] fyersModel","message":{"Status Code":200,"API":"/positions"},"timestamp":"2025-05-16 10:59:47,188+0530","service":"FyersAPIRequest"}
{"level":"DEBUG","location":"[get_call:140] fyersModel","message":{"Status Code":200,"API":"/positions"},"timestamp":"2025-05-16 10:59:49,674+0530","service":"FyersAPIRequest"}
{"level":"DEBUG","location":"[get_call:140] fyersModel","message":{"Status Code":200,"API":"/positions"},"timestamp":"2025-05-16 10:59:52,173+0530","service":"FyersAPIRequest"}
{"level":"DEBUG","location":"[get_call:140] fyersModel","message":{"Status Code":200,"API":"/positions"},"timestamp":"2025-05-16 10:59:54,661+0530","service":"FyersAPIRequest"}
{"level":"DEBUG","location":"[get_call:140] fyersModel","message":{"Status Code":200,"API":"/positions"},"timestamp":"2025-05-16 10:59:57,639+0530","service":"FyersAPIRequest"}
{"level":"DEBUG","location":"[get_call:140] fyersModel","message":{"Status Code":200,"API":"/positions"},"timestamp":"2025-05-16 11:00:00,156+0530","service":"FyersAPIRequest"}
{"level":"DEBUG","location":"[get_call:140] fyersModel","message":{"Status Code":200,"API":"/positions"},"timestamp":"2025-05-16 11:00:02,659+0530","service":"FyersAPIRequest"}
{"level":"DEBUG","location":"[get_call:140] fyersModel","message":{"Status Code":200,"API":"/positions"},"timestamp":"2025-05-16 11:00:05,173+0530","service":"FyersAPIRequest"}
{"level":"DEBUG","location":"[get_call:140] fyersModel","message":{"Status Code":200,"API":"/positions"},"timestamp":"2025-05-16 11:00:07,667+0530","service":"FyersAPIRequest"}
{"level":"DEBUG","location":"[get_call:140] fyersModel","message":{"Status Code":200,"API":"/positions"},"timestamp":"2025-05-16 11:00:10,193+0530","service":"FyersAPIRequest"}
{"level":"DEBUG","location":"[get_call:140] fyersModel","message":{"Status Code":200,"API":"/positions"},"timestamp":"2025-05-16 11:00:12,737+0530","service":"FyersAPIRequest"}
{"level":"DEBUG","location":"[get_call:140] fyersModel","message":{"Status Code":200,"API":"/positions"},"timestamp":"2025-05-16 11:00:15,348+0530","service":"FyersAPIRequest"}
{"level":"DEBUG","location":"[get_call:140] fyersModel","message":{"Status Code":200,"API":"/positions"},"timestamp":"2025-05-16 11:00:17,846+0530","service":"FyersAPIRequest"}
{"level":"DEBUG","location":"[get_call:140] fyersModel","message":{"Status Code":200,"API":"/positions"},"timestamp":"2025-05-16 11:00:20,334+0530","service":"FyersAPIRequest"}
{"level":"DEBUG","location":"[get_call:140] fyersModel","message":{"Status Code":200,"API":"/positions"},"timestamp":"2025-05-16 11:00:22,829+0530","service":"FyersAPIRequest"}
{"level":"DEBUG","location":"[get_call:140] fyersModel","message":{"Status Code":200,"API":"/positions"},"timestamp":"2025-05-16 11:00:25,322+0530","service":"FyersAPIRequest"}
{"level":"DEBUG","location":"[get_call:140] fyersModel","message":{"Status Code":200,"API":"/positions"},"timestamp":"2025-05-16 11:00:27,827+0530","service":"FyersAPIRequest"}
{"level":"DEBUG","location":"[get_call:140] fyersModel","message":{"Status Code":200,"API":"/positions"},"timestamp":"2025-05-16 11:00:30,327+0530","service":"FyersAPIRequest"}
{"level":"DEBUG","location":"[get_call:140] fyersModel","message":{"Status Code":200,"API":"/positions"},"timestamp":"2025-05-16 11:00:32,848+0530","service":"FyersAPIRequest"}
{"level":"DEBUG","location":"[get_call:140] fyersModel","message":{"Status Code":200,"API":"/positions"},"timestamp":"2025-05-16 11:00:35,356+0530","service":"FyersAPIRequest"}
{"level":"DEBUG","location":"[get_call:140] fyersModel","message":{"Status Code":200,"API":"/positions"},"timestamp":"2025-05-16 11:00:37,901+0530","service":"FyersAPIRequest"}
{"level":"DEBUG","location":"[get_call:140] fyersModel","message":{"Status Code":200,"API":"/positions"},"timestamp":"2025-05-16 11:00:40,427+0530","service":"FyersAPIRequest"}
{"level":"DEBUG","location":"[get_call:140] fyersModel","message":{"Status Code":200,"API":"/positions"},"timestamp":"2025-05-16 11:00:42,934+0530","service":"FyersAPIRequest"}
{"level":"DEBUG","location":"[get_call:140] fyersModel","message":{"Status Code":200,"API":"/positions"},"timestamp":"2025-05-16 11:00:45,432+0530","service":"FyersAPIRequest"}
{"level":"DEBUG","location":"[get_call:140] fyersModel","message":{"Status Code":200,"API":"/positions"},"timestamp":"2025-05-16 11:00:47,944+0530","service":"FyersAPIRequest"}
{"level":"DEBUG","location":"[get_call:140] fyersModel","message":{"Status Code":200,"API":"/positions"},"timestamp":"2025-05-16 11:00:50,447+0530","service":"FyersAPIRequest"}
{"level":"DEBUG","location":"[get_call:140] fyersModel","message":{"Status Code":200,"API":"/positions"},"timestamp":"2025-05-16 11:00:52,948+0530","service":"FyersAPIRequest"}
{"level":"DEBUG","location":"[get_call:140] fyersModel","message":{"Status Code":200,"API":"/positions"},"timestamp":"2025-05-16 11:00:55,438+0530","service":"FyersAPIRequest"}
{"level":"DEBUG","location":"[get_call:140] fyersModel","message":{"Status Code":200,"API":"/positions"},"timestamp":"2025-05-16 11:00:57,926+0530","service":"FyersAPIRequest"}
{"level":"DEBUG","location":"[get_call:140] fyersModel","message":{"Status Code":200,"API":"/positions"},"timestamp":"2025-05-16 11:01:00,426+0530","service":"FyersAPIRequest"}
{"level":"DEBUG","location":"[get_call:140] fyersModel","message":{"Status Code":200,"API":"/positions"},"timestamp":"2025-05-16 11:01:03,421+0530","service":"FyersAPIRequest"}
{"level":"DEBUG","location":"[get_call:140] fyersModel","message":{"Status Code":200,"API":"/positions"},"timestamp":"2025-05-16 11:01:05,933+0530","service":"FyersAPIRequest"}
{"level":"DEBUG","location":"[get_call:140] fyersModel","message":{"Status Code":200,"API":"/positions"},"timestamp":"2025-05-16 11:01:08,600+0530","service":"FyersAPIRequest"}
{"level":"DEBUG","location":"[get_call:140] fyersModel","message":{"Status Code":200,"API":"/positions"},"timestamp":"2025-05-16 11:01:11,097+0530","service":"FyersAPIRequest"}
{"level":"DEBUG","location":"[get_call:140] fyersModel","message":{"Status Code":200,"API":"/positions"},"timestamp":"2025-05-16 11:01:13,617+0530","service":"FyersAPIRequest"}
{"level":"DEBUG","location":"[get_call:140] fyersModel","message":{"Status Code":200,"API":"/positions"},"timestamp":"2025-05-16 11:01:16,612+0530","service":"FyersAPIRequest"}
{"level":"DEBUG","location":"[get_call:140] fyersModel","message":{"Status Code":200,"API":"/positions"},"timestamp":"2025-05-16 11:01:19,103+0530","service":"FyersAPIRequest"}
{"level":"DEBUG","location":"[get_call:140] fyersModel","message":{"Status Code":200,"API":"/positions"},"timestamp":"2025-05-16 11:01:21,598+0530","service":"FyersAPIRequest"}
{"level":"DEBUG","location":"[get_call:140] fyersModel","message":{"Status Code":200,"API":"/positions"},"timestamp":"2025-05-16 11:01:24,095+0530","service":"FyersAPIRequest"}
{"level":"DEBUG","location":"[get_call:140] fyersModel","message":{"Status Code":200,"API":"/positions"},"timestamp":"2025-05-16 11:01:26,605+0530","service":"FyersAPIRequest"}
{"level":"DEBUG","location":"[get_call:140] fyersModel","message":{"Status Code":200,"API":"/positions"},"timestamp":"2025-05-16 11:01:29,102+0530","service":"FyersAPIRequest"}
{"level":"DEBUG","location":"[get_call:140] fyersModel","message":{"Status Code":200,"API":"/positions"},"timestamp":"2025-05-16 11:01:31,640+0530","service":"FyersAPIRequest"}
{"level":"DEBUG","location":"[get_call:140] fyersModel","message":{"Status Code":200,"API":"/positions"},"timestamp":"2025-05-16 11:01:34,135+0530","service":"FyersAPIRequest"}
{"level":"DEBUG","location":"[get_call:140] fyersModel","message":{"Status Code":200,"API":"/positions"},"timestamp":"2025-05-16 11:01:36,648+0530","service":"FyersAPIRequest"}
{"level":"DEBUG","location":"[get_call:140] fyersModel","message":{"Status Code":200,"API":"/positions"},"timestamp":"2025-05-16 11:01:39,155+0530","service":"FyersAPIRequest"}
{"level":"DEBUG","location":"[get_call:140] fyersModel","message":{"Status Code":200,"API":"/positions"},"timestamp":"2025-05-16 11:01:41,683+0530","service":"FyersAPIRequest"}
{"level":"DEBUG","location":"[get_call:140] fyersModel","message":{"Status Code":200,"API":"/positions"},"timestamp":"2025-05-16 11:01:44,171+0530","service":"FyersAPIRequest"}
{"level":"DEBUG","location":"[get_call:140] fyersModel","message":{"Status Code":200,"API":"/positions"},"timestamp":"2025-05-16 11:01:46,677+0530","service":"FyersAPIRequest"}
{"level":"DEBUG","location":"[get_call:140] fyersModel","message":{"Status Code":200,"API":"/positions"},"timestamp":"2025-05-16 11:01:49,173+0530","service":"FyersAPIRequest"}
{"level":"DEBUG","location":"[get_call:140] fyersModel","message":{"Status Code":200,"API":"/positions"},"timestamp":"2025-05-16 11:01:51,686+0530","service":"FyersAPIRequest"}
{"level":"DEBUG","location":"[get_call:140] fyersModel","message":{"Status Code":200,"API":"/positions"},"timestamp":"2025-05-16 11:01:54,656+0530","service":"FyersAPIRequest"}
{"level":"DEBUG","location":"[get_call:140] fyersModel","message":{"Status Code":200,"API":"/positions"},"timestamp":"2025-05-16 11:01:57,150+0530","service":"FyersAPIRequest"}
{"level":"DEBUG","location":"[get_call:140] fyersModel","message":{"Status Code":200,"API":"/positions"},"timestamp":"2025-05-16 11:01:59,647+0530","service":"FyersAPIRequest"}
{"level":"DEBUG","location":"[get_call:140] fyersModel","message":{"Status Code":200,"API":"/positions"},"timestamp":"2025-05-16 11:02:02,155+0530","service":"FyersAPIRequest"}
{"level":"DEBUG","location":"[get_call:140] fyersModel","message":{"Status Code":200,"API":"/positions"},"timestamp":"2025-05-16 11:02:04,656+0530","service":"FyersAPIRequest"}
{"level":"DEBUG","location":"[get_call:140] fyersModel","message":{"Status Code":200,"API":"/positions"},"timestamp":"2025-05-16 11:02:07,160+0530","service":"FyersAPIRequest"}
{"level":"DEBUG","location":"[get_call:140] fyersModel","message":{"Status Code":200,"API":"/positions"},"timestamp":"2025-05-16 11:02:09,658+0530","service":"FyersAPIRequest"}
{"level":"DEBUG","location":"[get_call:140] fyersModel","message":{"Status Code":200,"API":"/positions"},"timestamp":"2025-05-16 11:02:12,215+0530","service":"FyersAPIRequest"}
{"level":"DEBUG","location":"[get_call:140] fyersModel","message":{"Status Code":200,"API":"/positions"},"timestamp":"2025-05-16 11:02:14,715+0530","service":"FyersAPIRequest"}
{"level":"DEBUG","location":"[get_call:140] fyersModel","message":{"Status Code":200,"API":"/positions"},"timestamp":"2025-05-16 11:02:17,224+0530","service":"FyersAPIRequest"}
{"level":"DEBUG","location":"[get_call:140] fyersModel","message":{"Status Code":200,"API":"/positions"},"timestamp":"2025-05-16 11:02:19,715+0530","service":"FyersAPIRequest"}
{"level":"DEBUG","location":"[get_call:140] fyersModel","message":{"Status Code":200,"API":"/positions"},"timestamp":"2025-05-16 11:02:22,204+0530","service":"FyersAPIRequest"}
{"level":"DEBUG","location":"[get_call:140] fyersModel","message":{"Status Code":200,"API":"/positions"},"timestamp":"2025-05-16 11:02:24,704+0530","service":"FyersAPIRequest"}
{"level":"DEBUG","location":"[get_call:140] fyersModel","message":{"Status Code":200,"API":"/positions"},"timestamp":"2025-05-16 11:02:27,198+0530","service":"FyersAPIRequest"}
{"level":"DEBUG","location":"[get_call:140] fyersModel","message":{"Status Code":200,"API":"/positions"},"timestamp":"2025-05-16 11:02:29,690+0530","service":"FyersAPIRequest"}
{"level":"DEBUG","location":"[get_call:140] fyersModel","message":{"Status Code":200,"API":"/positions"},"timestamp":"2025-05-16 11:02:32,183+0530","service":"FyersAPIRequest"}
{"level":"DEBUG","location":"[get_call:140] fyersModel","message":{"Status Code":200,"API":"/positions"},"timestamp":"2025-05-16 11:02:34,670+0530","service":"FyersAPIRequest"}
{"level":"DEBUG","location":"[get_call:140] fyersModel","message":{"Status Code":200,"API":"/positions"},"timestamp":"2025-05-16 11:02:37,634+0530","service":"FyersAPIRequest"}
{"level":"DEBUG","location":"[get_call:140] fyersModel","message":{"Status Code":200,"API":"/positions"},"timestamp":"2025-05-16 11:02:40,123+0530","service":"FyersAPIRequest"}
{"level":"DEBUG","location":"[get_call:140] fyersModel","message":{"Status Code":200,"API":"/positions"},"timestamp":"2025-05-16 11:02:42,619+0530","service":"FyersAPIRequest"}
{"level":"DEBUG","location":"[get_call:140] fyersModel","message":{"Status Code":200,"API":"/positions"},"timestamp":"2025-05-16 11:02:45,120+0530","service":"FyersAPIRequest"}
{"level":"DEBUG","location":"[get_call:140] fyersModel","message":{"Status Code":200,"API":"/positions"},"timestamp":"2025-05-16 11:02:47,617+0530","service":"FyersAPIRequest"}
{"level":"DEBUG","location":"[get_call:140] fyersModel","message":{"Status Code":200,"API":"/positions"},"timestamp":"2025-05-16 11:02:50,116+0530","service":"FyersAPIRequest"}
{"level":"DEBUG","location":"[get_call:140] fyersModel","message":{"Status Code":200,"API":"/positions"},"timestamp":"2025-05-16 11:02:52,609+0530","service":"FyersAPIRequest"}
{"level":"DEBUG","location":"[get_call:140] fyersModel","message":{"Status Code":200,"API":"/positions"},"timestamp":"2025-05-16 11:02:55,102+0530","service":"FyersAPIRequest"}
{"level":"DEBUG","location":"[get_call:140] fyersModel","message":{"Status Code":200,"API":"/positions"},"timestamp":"2025-05-16 11:02:57,601+0530","service":"FyersAPIRequest"}
{"level":"DEBUG","location":"[get_call:140] fyersModel","message":{"Status Code":200,"API":"/positions"},"timestamp":"2025-05-16 11:03:00,091+0530","service":"FyersAPIRequest"}
{"level":"DEBUG","location":"[get_call:140] fyersModel","message":{"Status Code":200,"API":"/positions"},"timestamp":"2025-05-16 11:03:02,649+0530","service":"FyersAPIRequest"}
{"level":"DEBUG","location":"[get_call:140] fyersModel","message":{"Status Code":200,"API":"/positions"},"timestamp":"2025-05-16 11:03:05,323+0530","service":"FyersAPIRequest"}
{"level":"DEBUG","location":"[get_call:140] fyersModel","message":{"Status Code":200,"API":"/positions"},"timestamp":"2025-05-16 11:03:07,814+0530","service":"FyersAPIRequest"}
{"level":"DEBUG","location":"[get_call:140] fyersModel","message":{"Status Code":200,"API":"/positions"},"timestamp":"2025-05-16 11:03:10,319+0530","service":"FyersAPIRequest"}
{"level":"DEBUG","location":"[get_call:140] fyersModel","message":{"Status Code":200,"API":"/positions"},"timestamp":"2025-05-16 11:03:13,293+0530","service":"FyersAPIRequest"}
{"level":"DEBUG","location":"[get_call:140] fyersModel","message":{"Status Code":200,"API":"/positions"},"timestamp":"2025-05-16 11:03:15,787+0530","service":"FyersAPIRequest"}
{"level":"DEBUG","location":"[get_call:140] fyersModel","message":{"Status Code":200,"API":"/positions"},"timestamp":"2025-05-16 11:03:18,285+0530","service":"FyersAPIRequest"}
{"level":"DEBUG","location":"[get_call:140] fyersModel","message":{"Status Code":200,"API":"/positions"},"timestamp":"2025-05-16 11:03:20,786+0530","service":"FyersAPIRequest"}
{"level":"DEBUG","location":"[get_call:140] fyersModel","message":{"Status Code":200,"API":"/positions"},"timestamp":"2025-05-16 11:03:23,285+0530","service":"FyersAPIRequest"}
{"level":"DEBUG","location":"[get_call:140] fyersModel","message":{"Status Code":200,"API":"/positions"},"timestamp":"2025-05-16 11:03:25,771+0530","service":"FyersAPIRequest"}
{"level":"DEBUG","location":"[get_call:140] fyersModel","message":{"Status Code":200,"API":"/positions"},"timestamp":"2025-05-16 11:03:28,272+0530","service":"FyersAPIRequest"}
{"level":"DEBUG","location":"[get_call:140] fyersModel","message":{"Status Code":200,"API":"/positions"},"timestamp":"2025-05-16 11:03:30,773+0530","service":"FyersAPIRequest"}
{"level":"DEBUG","location":"[get_call:140] fyersModel","message":{"Status Code":200,"API":"/positions"},"timestamp":"2025-05-16 11:03:33,262+0530","service":"FyersAPIRequest"}
{"level":"DEBUG","location":"[get_call:140] fyersModel","message":{"Status Code":200,"API":"/positions"},"timestamp":"2025-05-16 11:03:35,785+0530","service":"FyersAPIRequest"}
{"level":"DEBUG","location":"[get_call:140] fyersModel","message":{"Status Code":200,"API":"/positions"},"timestamp":"2025-05-16 11:03:38,291+0530","service":"FyersAPIRequest"}
{"level":"DEBUG","location":"[get_call:140] fyersModel","message":{"Status Code":200,"API":"/positions"},"timestamp":"2025-05-16 11:03:40,807+0530","service":"FyersAPIRequest"}
{"level":"DEBUG","location":"[get_call:140] fyersModel","message":{"Status Code":200,"API":"/positions"},"timestamp":"2025-05-16 11:03:43,788+0530","service":"FyersAPIRequest"}
{"level":"DEBUG","location":"[get_call:140] fyersModel","message":{"Status Code":200,"API":"/positions"},"timestamp":"2025-05-16 11:03:46,287+0530","service":"FyersAPIRequest"}
{"level":"DEBUG","location":"[get_call:140] fyersModel","message":{"Status Code":200,"API":"/positions"},"timestamp":"2025-05-16 11:03:49,264+0530","service":"FyersAPIRequest"}
{"level":"DEBUG","location":"[get_call:140] fyersModel","message":{"Status Code":200,"API":"/positions"},"timestamp":"2025-05-16 11:03:51,757+0530","service":"FyersAPIRequest"}
{"level":"DEBUG","location":"[get_call:140] fyersModel","message":{"Status Code":200,"API":"/positions"},"timestamp":"2025-05-16 11:03:54,249+0530","service":"FyersAPIRequest"}
{"level":"DEBUG","location":"[get_call:140] fyersModel","message":{"Status Code":200,"API":"/positions"},"timestamp":"2025-05-16 11:03:56,768+0530","service":"FyersAPIRequest"}
{"level":"DEBUG","location":"[get_call:140] fyersModel","message":{"Status Code":200,"API":"/positions"},"timestamp":"2025-05-16 11:03:59,730+0530","service":"FyersAPIRequest"}
{"level":"DEBUG","location":"[get_call:140] fyersModel","message":{"Status Code":200,"API":"/positions"},"timestamp":"2025-05-16 11:04:02,221+0530","service":"FyersAPIRequest"}
{"level":"DEBUG","location":"[get_call:140] fyersModel","message":{"Status Code":200,"API":"/positions"},"timestamp":"2025-05-16 11:04:04,710+0530","service":"FyersAPIRequest"}
{"level":"DEBUG","location":"[get_call:140] fyersModel","message":{"Status Code":200,"API":"/positions"},"timestamp":"2025-05-16 11:04:07,233+0530","service":"FyersAPIRequest"}
{"level":"DEBUG","location":"[get_call:140] fyersModel","message":{"Status Code":200,"API":"/positions"},"timestamp":"2025-05-16 11:04:10,199+0530","service":"FyersAPIRequest"}
{"level":"DEBUG","location":"[get_call:140] fyersModel","message":{"Status Code":200,"API":"/positions"},"timestamp":"2025-05-16 11:04:12,700+0530","service":"FyersAPIRequest"}
{"level":"DEBUG","location":"[get_call:140] fyersModel","message":{"Status Code":200,"API":"/positions"},"timestamp":"2025-05-16 11:04:15,259+0530","service":"FyersAPIRequest"}
{"level":"DEBUG","location":"[get_call:140] fyersModel","message":{"Status Code":200,"API":"/positions"},"timestamp":"2025-05-16 11:04:17,755+0530","service":"FyersAPIRequest"}
{"level":"DEBUG","location":"[get_call:140] fyersModel","message":{"Status Code":200,"API":"/positions"},"timestamp":"2025-05-16 11:04:20,243+0530","service":"FyersAPIRequest"}
{"level":"DEBUG","location":"[get_call:140] fyersModel","message":{"Status Code":200,"API":"/positions"},"timestamp":"2025-05-16 11:04:22,740+0530","service":"FyersAPIRequest"}
{"level":"DEBUG","location":"[get_call:140] fyersModel","message":{"Status Code":200,"API":"/positions"},"timestamp":"2025-05-16 11:04:25,242+0530","service":"FyersAPIRequest"}
{"level":"DEBUG","location":"[get_call:140] fyersModel","message":{"Status Code":200,"API":"/positions"},"timestamp":"2025-05-16 11:04:27,775+0530","service":"FyersAPIRequest"}
{"level":"DEBUG","location":"[get_call:140] fyersModel","message":{"Status Code":200,"API":"/positions"},"timestamp":"2025-05-16 11:04:30,268+0530","service":"FyersAPIRequest"}
{"level":"DEBUG","location":"[get_call:140] fyersModel","message":{"Status Code":200,"API":"/positions"},"timestamp":"2025-05-16 11:04:32,757+0530","service":"FyersAPIRequest"}
{"level":"DEBUG","location":"[get_call:140] fyersModel","message":{"Status Code":200,"API":"/positions"},"timestamp":"2025-05-16 11:04:35,264+0530","service":"FyersAPIRequest"}
{"level":"DEBUG","location":"[get_call:140] fyersModel","message":{"Status Code":200,"API":"/positions"},"timestamp":"2025-05-16 11:04:38,244+0530","service":"FyersAPIRequest"}
{"level":"DEBUG","location":"[get_call:140] fyersModel","message":{"Status Code":200,"API":"/positions"},"timestamp":"2025-05-16 11:04:40,755+0530","service":"FyersAPIRequest"}
{"level":"DEBUG","location":"[get_call:140] fyersModel","message":{"Status Code":200,"API":"/positions"},"timestamp":"2025-05-16 11:04:43,252+0530","service":"FyersAPIRequest"}
{"level":"DEBUG","location":"[get_call:140] fyersModel","message":{"Status Code":200,"API":"/positions"},"timestamp":"2025-05-16 11:04:45,760+0530","service":"FyersAPIRequest"}
{"level":"DEBUG","location":"[get_call:140] fyersModel","message":{"Status Code":200,"API":"/positions"},"timestamp":"2025-05-16 11:04:48,249+0530","service":"FyersAPIRequest"}
{"level":"DEBUG","location":"[get_call:140] fyersModel","message":{"Status Code":200,"API":"/positions"},"timestamp":"2025-05-16 11:04:50,747+0530","service":"FyersAPIRequest"}
{"level":"DEBUG","location":"[get_call:140] fyersModel","message":{"Status Code":200,"API":"/positions"},"timestamp":"2025-05-16 11:04:53,240+0530","service":"FyersAPIRequest"}
{"level":"DEBUG","location":"[get_call:140] fyersModel","message":{"Status Code":200,"API":"/positions"},"timestamp":"2025-05-16 11:04:55,738+0530","service":"FyersAPIRequest"}
{"level":"DEBUG","location":"[get_call:140] fyersModel","message":{"Status Code":200,"API":"/positions"},"timestamp":"2025-05-16 11:04:58,231+0530","service":"FyersAPIRequest"}
{"level":"DEBUG","location":"[get_call:140] fyersModel","message":{"Status Code":200,"API":"/positions"},"timestamp":"2025-05-16 11:05:00,728+0530","service":"FyersAPIRequest"}
{"level":"DEBUG","location":"[get_call:140] fyersModel","message":{"Status Code":200,"API":"/positions"},"timestamp":"2025-05-16 11:05:03,232+0530","service":"FyersAPIRequest"}
{"level":"DEBUG","location":"[get_call:140] fyersModel","message":{"Status Code":200,"API":"/positions"},"timestamp":"2025-05-16 11:05:05,718+0530","service":"FyersAPIRequest"}
{"level":"DEBUG","location":"[get_call:140] fyersModel","message":{"Status Code":200,"API":"/positions"},"timestamp":"2025-05-16 11:05:08,223+0530","service":"FyersAPIRequest"}
{"level":"DEBUG","location":"[get_call:140] fyersModel","message":{"Status Code":200,"API":"/positions"},"timestamp":"2025-05-16 11:05:10,738+0530","service":"FyersAPIRequest"}
{"level":"DEBUG","location":"[get_call:140] fyersModel","message":{"Status Code":200,"API":"/positions"},"timestamp":"2025-05-16 11:05:13,225+0530","service":"FyersAPIRequest"}
{"level":"DEBUG","location":"[get_call:140] fyersModel","message":{"Status Code":200,"API":"/positions"},"timestamp":"2025-05-16 11:05:15,715+0530","service":"FyersAPIRequest"}
{"level":"DEBUG","location":"[get_call:140] fyersModel","message":{"Status Code":200,"API":"/positions"},"timestamp":"2025-05-16 11:05:18,316+0530","service":"FyersAPIRequest"}
{"level":"DEBUG","location":"[get_call:140] fyersModel","message":{"Status Code":200,"API":"/positions"},"timestamp":"2025-05-16 11:05:21,291+0530","service":"FyersAPIRequest"}
{"level":"DEBUG","location":"[get_call:140] fyersModel","message":{"Status Code":200,"API":"/positions"},"timestamp":"2025-05-16 11:05:23,786+0530","service":"FyersAPIRequest"}
{"level":"DEBUG","location":"[get_call:140] fyersModel","message":{"Status Code":200,"API":"/positions"},"timestamp":"2025-05-16 11:05:26,283+0530","service":"FyersAPIRequest"}
{"level":"DEBUG","location":"[get_call:140] fyersModel","message":{"Status Code":200,"API":"/positions"},"timestamp":"2025-05-16 11:05:28,790+0530","service":"FyersAPIRequest"}
{"level":"DEBUG","location":"[get_call:140] fyersModel","message":{"Status Code":200,"API":"/positions"},"timestamp":"2025-05-16 11:05:31,286+0530","service":"FyersAPIRequest"}
{"level":"DEBUG","location":"[get_call:140] fyersModel","message":{"Status Code":200,"API":"/positions"},"timestamp":"2025-05-16 11:05:33,785+0530","service":"FyersAPIRequest"}
{"level":"DEBUG","location":"[get_call:140] fyersModel","message":{"Status Code":200,"API":"/positions"},"timestamp":"2025-05-16 11:05:36,280+0530","service":"FyersAPIRequest"}
{"level":"DEBUG","location":"[get_call:140] fyersModel","message":{"Status Code":200,"API":"/positions"},"timestamp":"2025-05-16 11:05:38,768+0530","service":"FyersAPIRequest"}
{"level":"DEBUG","location":"[get_call:140] fyersModel","message":{"Status Code":200,"API":"/positions"},"timestamp":"2025-05-16 11:05:41,287+0530","service":"FyersAPIRequest"}
{"level":"DEBUG","location":"[get_call:140] fyersModel","message":{"Status Code":200,"API":"/positions"},"timestamp":"2025-05-16 11:05:43,781+0530","service":"FyersAPIRequest"}
{"level":"DEBUG","location":"[get_call:140] fyersModel","message":{"Status Code":200,"API":"/positions"},"timestamp":"2025-05-16 11:05:46,783+0530","service":"FyersAPIRequest"}
{"level":"DEBUG","location":"[get_call:140] fyersModel","message":{"Status Code":200,"API":"/positions"},"timestamp":"2025-05-16 11:05:49,281+0530","service":"FyersAPIRequest"}
{"level":"DEBUG","location":"[get_call:140] fyersModel","message":{"Status Code":200,"API":"/positions"},"timestamp":"2025-05-16 11:05:51,791+0530","service":"FyersAPIRequest"}
{"level":"DEBUG","location":"[get_call:140] fyersModel","message":{"Status Code":200,"API":"/positions"},"timestamp":"2025-05-16 11:05:54,284+0530","service":"FyersAPIRequest"}
{"level":"DEBUG","location":"[get_call:140] fyersModel","message":{"Status Code":200,"API":"/positions"},"timestamp":"2025-05-16 11:05:56,801+0530","service":"FyersAPIRequest"}
{"level":"DEBUG","location":"[get_call:140] fyersModel","message":{"Status Code":200,"API":"/positions"},"timestamp":"2025-05-16 11:05:59,304+0530","service":"FyersAPIRequest"}
{"level":"DEBUG","location":"[get_call:140] fyersModel","message":{"Status Code":200,"API":"/positions"},"timestamp":"2025-05-16 11:06:01,816+0530","service":"FyersAPIRequest"}
{"level":"DEBUG","location":"[get_call:140] fyersModel","message":{"Status Code":200,"API":"/positions"},"timestamp":"2025-05-16 11:06:04,309+0530","service":"FyersAPIRequest"}
{"level":"DEBUG","location":"[get_call:140] fyersModel","message":{"Status Code":200,"API":"/positions"},"timestamp":"2025-05-16 11:06:06,817+0530","service":"FyersAPIRequest"}
{"level":"DEBUG","location":"[get_call:140] fyersModel","message":{"Status Code":200,"API":"/positions"},"timestamp":"2025-05-16 11:06:09,322+0530","service":"FyersAPIRequest"}
{"level":"DEBUG","location":"[get_call:140] fyersModel","message":{"Status Code":200,"API":"/positions"},"timestamp":"2025-05-16 11:06:11,861+0530","service":"FyersAPIRequest"}
{"level":"DEBUG","location":"[get_call:140] fyersModel","message":{"Status Code":200,"API":"/positions"},"timestamp":"2025-05-16 11:06:14,359+0530","service":"FyersAPIRequest"}
{"level":"DEBUG","location":"[get_call:140] fyersModel","message":{"Status Code":200,"API":"/positions"},"timestamp":"2025-05-16 11:06:16,872+0530","service":"FyersAPIRequest"}
{"level":"DEBUG","location":"[get_call:140] fyersModel","message":{"Status Code":200,"API":"/positions"},"timestamp":"2025-05-16 11:06:19,362+0530","service":"FyersAPIRequest"}
{"level":"DEBUG","location":"[get_call:140] fyersModel","message":{"Status Code":200,"API":"/positions"},"timestamp":"2025-05-16 11:06:21,877+0530","service":"FyersAPIRequest"}
{"level":"DEBUG","location":"[get_call:140] fyersModel","message":{"Status Code":200,"API":"/positions"},"timestamp":"2025-05-16 11:06:24,378+0530","service":"FyersAPIRequest"}
{"level":"DEBUG","location":"[get_call:140] fyersModel","message":{"Status Code":200,"API":"/positions"},"timestamp":"2025-05-16 11:06:26,887+0530","service":"FyersAPIRequest"}
{"level":"DEBUG","location":"[get_call:140] fyersModel","message":{"Status Code":200,"API":"/positions"},"timestamp":"2025-05-16 11:06:29,379+0530","service":"FyersAPIRequest"}
{"level":"DEBUG","location":"[get_call:140] fyersModel","message":{"Status Code":200,"API":"/positions"},"timestamp":"2025-05-16 11:06:31,906+0530","service":"FyersAPIRequest"}
{"level":"DEBUG","location":"[get_call:140] fyersModel","message":{"Status Code":200,"API":"/positions"},"timestamp":"2025-05-16 11:06:34,393+0530","service":"FyersAPIRequest"}
{"level":"DEBUG","location":"[get_call:140] fyersModel","message":{"Status Code":200,"API":"/positions"},"timestamp":"2025-05-16 11:06:36,916+0530","service":"FyersAPIRequest"}
{"level":"DEBUG","location":"[get_call:140] fyersModel","message":{"Status Code":200,"API":"/positions"},"timestamp":"2025-05-16 11:06:39,406+0530","service":"FyersAPIRequest"}
{"level":"DEBUG","location":"[get_call:140] fyersModel","message":{"Status Code":200,"API":"/positions"},"timestamp":"2025-05-16 11:06:41,892+0530","service":"FyersAPIRequest"}
{"level":"DEBUG","location":"[get_call:140] fyersModel","message":{"Status Code":200,"API":"/positions"},"timestamp":"2025-05-16 11:06:44,387+0530","service":"FyersAPIRequest"}
{"level":"DEBUG","location":"[get_call:140] fyersModel","message":{"Status Code":200,"API":"/positions"},"timestamp":"2025-05-16 11:06:46,899+0530","service":"FyersAPIRequest"}
{"level":"DEBUG","location":"[get_call:140] fyersModel","message":{"Status Code":200,"API":"/positions"},"timestamp":"2025-05-16 11:06:49,430+0530","service":"FyersAPIRequest"}
{"level":"DEBUG","location":"[get_call:140] fyersModel","message":{"Status Code":200,"API":"/positions"},"timestamp":"2025-05-16 11:06:51,934+0530","service":"FyersAPIRequest"}
{"level":"DEBUG","location":"[get_call:140] fyersModel","message":{"Status Code":200,"API":"/positions"},"timestamp":"2025-05-16 11:06:54,426+0530","service":"FyersAPIRequest"}
{"level":"DEBUG","location":"[get_call:140] fyersModel","message":{"Status Code":200,"API":"/positions"},"timestamp":"2025-05-16 11:06:56,916+0530","service":"FyersAPIRequest"}
{"level":"DEBUG","location":"[get_call:140] fyersModel","message":{"Status Code":200,"API":"/positions"},"timestamp":"2025-05-16 11:06:59,408+0530","service":"FyersAPIRequest"}
{"level":"DEBUG","location":"[get_call:140] fyersModel","message":{"Status Code":200,"API":"/positions"},"timestamp":"2025-05-16 11:07:01,901+0530","service":"FyersAPIRequest"}
{"level":"DEBUG","location":"[get_call:140] fyersModel","message":{"Status Code":200,"API":"/positions"},"timestamp":"2025-05-16 11:07:04,400+0530","service":"FyersAPIRequest"}
{"level":"DEBUG","location":"[get_call:140] fyersModel","message":{"Status Code":200,"API":"/positions"},"timestamp":"2025-05-16 11:07:06,895+0530","service":"FyersAPIRequest"}
{"level":"DEBUG","location":"[get_call:140] fyersModel","message":{"Status Code":200,"API":"/positions"},"timestamp":"2025-05-16 11:07:09,380+0530","service":"FyersAPIRequest"}
{"level":"DEBUG","location":"[get_call:140] fyersModel","message":{"Status Code":200,"API":"/positions"},"timestamp":"2025-05-16 11:07:11,887+0530","service":"FyersAPIRequest"}
{"level":"DEBUG","location":"[get_call:140] fyersModel","message":{"Status Code":200,"API":"/positions"},"timestamp":"2025-05-16 11:07:14,388+0530","service":"FyersAPIRequest"}
{"level":"DEBUG","location":"[get_call:140] fyersModel","message":{"Status Code":200,"API":"/positions"},"timestamp":"2025-05-16 11:07:16,892+0530","service":"FyersAPIRequest"}
{"level":"DEBUG","location":"[get_call:140] fyersModel","message":{"Status Code":200,"API":"/positions"},"timestamp":"2025-05-16 11:07:19,398+0530","service":"FyersAPIRequest"}
{"level":"DEBUG","location":"[get_call:140] fyersModel","message":{"Status Code":200,"API":"/positions"},"timestamp":"2025-05-16 11:07:21,927+0530","service":"FyersAPIRequest"}
{"level":"DEBUG","location":"[get_call:140] fyersModel","message":{"Status Code":200,"API":"/positions"},"timestamp":"2025-05-16 11:07:24,913+0530","service":"FyersAPIRequest"}
{"level":"DEBUG","location":"[get_call:140] fyersModel","message":{"Status Code":200,"API":"/positions"},"timestamp":"2025-05-16 11:07:27,413+0530","service":"FyersAPIRequest"}
{"level":"DEBUG","location":"[get_call:140] fyersModel","message":{"Status Code":200,"API":"/positions"},"timestamp":"2025-05-16 11:07:29,910+0530","service":"FyersAPIRequest"}
{"level":"DEBUG","location":"[get_call:140] fyersModel","message":{"Status Code":200,"API":"/positions"},"timestamp":"2025-05-16 11:07:32,886+0530","service":"FyersAPIRequest"}
{"level":"DEBUG","location":"[get_call:140] fyersModel","message":{"Status Code":200,"API":"/positions"},"timestamp":"2025-05-16 11:07:35,388+0530","service":"FyersAPIRequest"}
{"level":"DEBUG","location":"[get_call:140] fyersModel","message":{"Status Code":200,"API":"/positions"},"timestamp":"2025-05-16 11:07:37,893+0530","service":"FyersAPIRequest"}
{"level":"DEBUG","location":"[get_call:140] fyersModel","message":{"Status Code":200,"API":"/positions"},"timestamp":"2025-05-16 11:07:40,393+0530","service":"FyersAPIRequest"}
{"level":"DEBUG","location":"[get_call:140] fyersModel","message":{"Status Code":200,"API":"/positions"},"timestamp":"2025-05-16 11:07:42,890+0530","service":"FyersAPIRequest"}
{"level":"DEBUG","location":"[get_call:140] fyersModel","message":{"Status Code":200,"API":"/positions"},"timestamp":"2025-05-16 11:07:45,381+0530","service":"FyersAPIRequest"}
{"level":"DEBUG","location":"[get_call:140] fyersModel","message":{"Status Code":200,"API":"/positions"},"timestamp":"2025-05-16 11:07:47,904+0530","service":"FyersAPIRequest"}
{"level":"DEBUG","location":"[get_call:140] fyersModel","message":{"Status Code":200,"API":"/positions"},"timestamp":"2025-05-16 11:07:50,878+0530","service":"FyersAPIRequest"}
{"level":"DEBUG","location":"[get_call:140] fyersModel","message":{"Status Code":200,"API":"/positions"},"timestamp":"2025-05-16 11:07:53,381+0530","service":"FyersAPIRequest"}
{"level":"DEBUG","location":"[get_call:140] fyersModel","message":{"Status Code":200,"API":"/positions"},"timestamp":"2025-05-16 11:07:55,878+0530","service":"FyersAPIRequest"}
{"level":"DEBUG","location":"[get_call:140] fyersModel","message":{"Status Code":200,"API":"/positions"},"timestamp":"2025-05-16 11:07:58,378+0530","service":"FyersAPIRequest"}
{"level":"DEBUG","location":"[get_call:140] fyersModel","message":{"Status Code":200,"API":"/positions"},"timestamp":"2025-05-16 11:08:00,870+0530","service":"FyersAPIRequest"}
{"level":"DEBUG","location":"[get_call:140] fyersModel","message":{"Status Code":200,"API":"/positions"},"timestamp":"2025-05-16 11:08:03,388+0530","service":"FyersAPIRequest"}
{"level":"DEBUG","location":"[get_call:140] fyersModel","message":{"Status Code":200,"API":"/positions"},"timestamp":"2025-05-16 11:08:05,883+0530","service":"FyersAPIRequest"}
{"level":"DEBUG","location":"[get_call:140] fyersModel","message":{"Status Code":200,"API":"/positions"},"timestamp":"2025-05-16 11:08:08,382+0530","service":"FyersAPIRequest"}
{"level":"DEBUG","location":"[get_call:140] fyersModel","message":{"Status Code":200,"API":"/positions"},"timestamp":"2025-05-16 11:08:10,875+0530","service":"FyersAPIRequest"}
{"level":"DEBUG","location":"[get_call:140] fyersModel","message":{"Status Code":200,"API":"/positions"},"timestamp":"2025-05-16 11:08:13,374+0530","service":"FyersAPIRequest"}
{"level":"DEBUG","location":"[get_call:140] fyersModel","message":{"Status Code":200,"API":"/positions"},"timestamp":"2025-05-16 11:08:15,872+0530","service":"FyersAPIRequest"}
{"level":"DEBUG","location":"[get_call:140] fyersModel","message":{"Status Code":200,"API":"/positions"},"timestamp":"2025-05-16 11:08:18,369+0530","service":"FyersAPIRequest"}
{"level":"DEBUG","location":"[get_call:140] fyersModel","message":{"Status Code":200,"API":"/positions"},"timestamp":"2025-05-16 11:08:20,867+0530","service":"FyersAPIRequest"}
{"level":"DEBUG","location":"[get_call:140] fyersModel","message":{"Status Code":200,"API":"/positions"},"timestamp":"2025-05-16 11:08:23,362+0530","service":"FyersAPIRequest"}
{"level":"DEBUG","location":"[get_call:140] fyersModel","message":{"Status Code":200,"API":"/positions"},"timestamp":"2025-05-16 11:08:25,886+0530","service":"FyersAPIRequest"}
{"level":"DEBUG","location":"[get_call:140] fyersModel","message":{"Status Code":200,"API":"/positions"},"timestamp":"2025-05-16 11:08:28,377+0530","service":"FyersAPIRequest"}
{"level":"DEBUG","location":"[get_call:140] fyersModel","message":{"Status Code":200,"API":"/positions"},"timestamp":"2025-05-16 11:08:30,877+0530","service":"FyersAPIRequest"}
{"level":"DEBUG","location":"[get_call:140] fyersModel","message":{"Status Code":200,"API":"/positions"},"timestamp":"2025-05-16 11:08:33,380+0530","service":"FyersAPIRequest"}
{"level":"DEBUG","location":"[get_call:140] fyersModel","message":{"Status Code":200,"API":"/positions"},"timestamp":"2025-05-16 11:08:35,888+0530","service":"FyersAPIRequest"}
{"level":"DEBUG","location":"[get_call:140] fyersModel","message":{"Status Code":200,"API":"/positions"},"timestamp":"2025-05-16 11:08:38,408+0530","service":"FyersAPIRequest"}
{"level":"DEBUG","location":"[get_call:140] fyersModel","message":{"Status Code":200,"API":"/positions"},"timestamp":"2025-05-16 11:08:40,893+0530","service":"FyersAPIRequest"}
{"level":"DEBUG","location":"[get_call:140] fyersModel","message":{"Status Code":200,"API":"/positions"},"timestamp":"2025-05-16 11:08:43,394+0530","service":"FyersAPIRequest"}
{"level":"DEBUG","location":"[get_call:140] fyersModel","message":{"Status Code":200,"API":"/positions"},"timestamp":"2025-05-16 11:08:45,884+0530","service":"FyersAPIRequest"}
{"level":"DEBUG","location":"[get_call:140] fyersModel","message":{"Status Code":200,"API":"/positions"},"timestamp":"2025-05-16 11:08:48,373+0530","service":"FyersAPIRequest"}
{"level":"DEBUG","location":"[get_call:140] fyersModel","message":{"Status Code":200,"API":"/positions"},"timestamp":"2025-05-16 11:08:50,869+0530","service":"FyersAPIRequest"}
{"level":"DEBUG","location":"[get_call:140] fyersModel","message":{"Status Code":200,"API":"/positions"},"timestamp":"2025-05-16 11:08:53,391+0530","service":"FyersAPIRequest"}
{"level":"DEBUG","location":"[get_call:140] fyersModel","message":{"Status Code":200,"API":"/positions"},"timestamp":"2025-05-16 11:08:55,878+0530","service":"FyersAPIRequest"}
{"level":"DEBUG","location":"[get_call:140] fyersModel","message":{"Status Code":200,"API":"/positions"},"timestamp":"2025-05-16 11:08:58,884+0530","service":"FyersAPIRequest"}
{"level":"DEBUG","location":"[get_call:140] fyersModel","message":{"Status Code":200,"API":"/positions"},"timestamp":"2025-05-16 11:09:01,377+0530","service":"FyersAPIRequest"}
{"level":"DEBUG","location":"[get_call:140] fyersModel","message":{"Status Code":200,"API":"/positions"},"timestamp":"2025-05-16 11:09:03,871+0530","service":"FyersAPIRequest"}
{"level":"DEBUG","location":"[get_call:140] fyersModel","message":{"Status Code":200,"API":"/positions"},"timestamp":"2025-05-16 11:09:06,359+0530","service":"FyersAPIRequest"}
{"level":"DEBUG","location":"[get_call:140] fyersModel","message":{"Status Code":200,"API":"/positions"},"timestamp":"2025-05-16 11:09:09,013+0530","service":"FyersAPIRequest"}
{"level":"DEBUG","location":"[get_call:140] fyersModel","message":{"Status Code":200,"API":"/positions"},"timestamp":"2025-05-16 11:09:11,505+0530","service":"FyersAPIRequest"}
{"level":"DEBUG","location":"[get_call:140] fyersModel","message":{"Status Code":200,"API":"/positions"},"timestamp":"2025-05-16 11:09:14,003+0530","service":"FyersAPIRequest"}
{"level":"DEBUG","location":"[get_call:140] fyersModel","message":{"Status Code":200,"API":"/positions"},"timestamp":"2025-05-16 11:09:16,501+0530","service":"FyersAPIRequest"}
{"level":"DEBUG","location":"[get_call:140] fyersModel","message":{"Status Code":200,"API":"/positions"},"timestamp":"2025-05-16 11:09:18,982+0530","service":"FyersAPIRequest"}
{"level":"DEBUG","location":"[get_call:140] fyersModel","message":{"Status Code":200,"API":"/positions"},"timestamp":"2025-05-16 11:09:21,470+0530","service":"FyersAPIRequest"}
{"level":"DEBUG","location":"[get_call:140] fyersModel","message":{"Status Code":200,"API":"/positions"},"timestamp":"2025-05-16 11:09:23,958+0530","service":"FyersAPIRequest"}
{"level":"DEBUG","location":"[get_call:140] fyersModel","message":{"Status Code":200,"API":"/positions"},"timestamp":"2025-05-16 11:09:26,455+0530","service":"FyersAPIRequest"}
{"level":"DEBUG","location":"[get_call:140] fyersModel","message":{"Status Code":200,"API":"/positions"},"timestamp":"2025-05-16 11:09:28,951+0530","service":"FyersAPIRequest"}
{"level":"DEBUG","location":"[get_call:140] fyersModel","message":{"Status Code":200,"API":"/positions"},"timestamp":"2025-05-16 11:09:31,916+0530","service":"FyersAPIRequest"}
{"level":"DEBUG","location":"[get_call:140] fyersModel","message":{"Status Code":200,"API":"/positions"},"timestamp":"2025-05-16 11:09:34,489+0530","service":"FyersAPIRequest"}
{"level":"DEBUG","location":"[get_call:140] fyersModel","message":{"Status Code":200,"API":"/positions"},"timestamp":"2025-05-16 11:09:36,983+0530","service":"FyersAPIRequest"}
{"level":"DEBUG","location":"[get_call:140] fyersModel","message":{"Status Code":200,"API":"/positions"},"timestamp":"2025-05-16 11:09:39,479+0530","service":"FyersAPIRequest"}
{"level":"DEBUG","location":"[get_call:140] fyersModel","message":{"Status Code":200,"API":"/positions"},"timestamp":"2025-05-16 11:09:41,967+0530","service":"FyersAPIRequest"}
{"level":"DEBUG","location":"[get_call:140] fyersModel","message":{"Status Code":200,"API":"/positions"},"timestamp":"2025-05-16 11:09:44,466+0530","service":"FyersAPIRequest"}
{"level":"DEBUG","location":"[get_call:140] fyersModel","message":{"Status Code":200,"API":"/positions"},"timestamp":"2025-05-16 11:09:46,967+0530","service":"FyersAPIRequest"}
{"level":"DEBUG","location":"[get_call:140] fyersModel","message":{"Status Code":200,"API":"/positions"},"timestamp":"2025-05-16 11:09:49,458+0530","service":"FyersAPIRequest"}
{"level":"DEBUG","location":"[get_call:140] fyersModel","message":{"Status Code":200,"API":"/positions"},"timestamp":"2025-05-16 11:09:51,961+0530","service":"FyersAPIRequest"}
{"level":"DEBUG","location":"[get_call:140] fyersModel","message":{"Status Code":200,"API":"/positions"},"timestamp":"2025-05-16 11:09:54,472+0530","service":"FyersAPIRequest"}
{"level":"DEBUG","location":"[get_call:140] fyersModel","message":{"Status Code":200,"API":"/positions"},"timestamp":"2025-05-16 11:09:56,968+0530","service":"FyersAPIRequest"}
{"level":"DEBUG","location":"[get_call:140] fyersModel","message":{"Status Code":200,"API":"/positions"},"timestamp":"2025-05-16 11:09:59,469+0530","service":"FyersAPIRequest"}
{"level":"DEBUG","location":"[get_call:140] fyersModel","message":{"Status Code":200,"API":"/positions"},"timestamp":"2025-05-16 11:10:01,971+0530","service":"FyersAPIRequest"}
{"level":"DEBUG","location":"[get_call:140] fyersModel","message":{"Status Code":200,"API":"/positions"},"timestamp":"2025-05-16 11:10:04,463+0530","service":"FyersAPIRequest"}
{"level":"DEBUG","location":"[get_call:140] fyersModel","message":{"Status Code":200,"API":"/positions"},"timestamp":"2025-05-16 11:10:06,958+0530","service":"FyersAPIRequest"}
{"level":"DEBUG","location":"[get_call:140] fyersModel","message":{"Status Code":200,"API":"/positions"},"timestamp":"2025-05-16 11:10:09,445+0530","service":"FyersAPIRequest"}
{"level":"DEBUG","location":"[get_call:140] fyersModel","message":{"Status Code":200,"API":"/positions"},"timestamp":"2025-05-16 11:10:11,948+0530","service":"FyersAPIRequest"}
{"level":"DEBUG","location":"[get_call:140] fyersModel","message":{"Status Code":200,"API":"/positions"},"timestamp":"2025-05-16 11:10:14,454+0530","service":"FyersAPIRequest"}
{"level":"DEBUG","location":"[get_call:140] fyersModel","message":{"Status Code":200,"API":"/positions"},"timestamp":"2025-05-16 11:10:16,959+0530","service":"FyersAPIRequest"}
{"level":"DEBUG","location":"[get_call:140] fyersModel","message":{"Status Code":200,"API":"/positions"},"timestamp":"2025-05-16 11:10:19,466+0530","service":"FyersAPIRequest"}
{"level":"DEBUG","location":"[get_call:140] fyersModel","message":{"Status Code":200,"API":"/positions"},"timestamp":"2025-05-16 11:10:21,953+0530","service":"FyersAPIRequest"}
{"level":"DEBUG","location":"[get_call:140] fyersModel","message":{"Status Code":200,"API":"/positions"},"timestamp":"2025-05-16 11:10:24,453+0530","service":"FyersAPIRequest"}
{"level":"DEBUG","location":"[get_call:140] fyersModel","message":{"Status Code":200,"API":"/positions"},"timestamp":"2025-05-16 11:10:26,948+0530","service":"FyersAPIRequest"}
{"level":"DEBUG","location":"[get_call:140] fyersModel","message":{"Status Code":200,"API":"/positions"},"timestamp":"2025-05-16 11:10:29,438+0530","service":"FyersAPIRequest"}
{"level":"DEBUG","location":"[get_call:140] fyersModel","message":{"Status Code":200,"API":"/positions"},"timestamp":"2025-05-16 11:10:31,931+0530","service":"FyersAPIRequest"}
{"level":"DEBUG","location":"[get_call:140] fyersModel","message":{"Status Code":200,"API":"/positions"},"timestamp":"2025-05-16 11:10:34,890+0530","service":"FyersAPIRequest"}
{"level":"DEBUG","location":"[get_call:140] fyersModel","message":{"Status Code":200,"API":"/positions"},"timestamp":"2025-05-16 11:10:37,434+0530","service":"FyersAPIRequest"}
{"level":"DEBUG","location":"[get_call:140] fyersModel","message":{"Status Code":200,"API":"/positions"},"timestamp":"2025-05-16 11:10:39,927+0530","service":"FyersAPIRequest"}
{"level":"DEBUG","location":"[get_call:140] fyersModel","message":{"Status Code":200,"API":"/positions"},"timestamp":"2025-05-16 11:10:42,453+0530","service":"FyersAPIRequest"}
{"level":"DEBUG","location":"[get_call:140] fyersModel","message":{"Status Code":200,"API":"/positions"},"timestamp":"2025-05-16 11:10:44,960+0530","service":"FyersAPIRequest"}
{"level":"DEBUG","location":"[get_call:140] fyersModel","message":{"Status Code":200,"API":"/positions"},"timestamp":"2025-05-16 11:10:47,496+0530","service":"FyersAPIRequest"}
{"level":"DEBUG","location":"[get_call:140] fyersModel","message":{"Status Code":200,"API":"/positions"},"timestamp":"2025-05-16 11:10:49,990+0530","service":"FyersAPIRequest"}
{"level":"DEBUG","location":"[get_call:140] fyersModel","message":{"Status Code":200,"API":"/positions"},"timestamp":"2025-05-16 11:10:52,507+0530","service":"FyersAPIRequest"}
{"level":"DEBUG","location":"[get_call:140] fyersModel","message":{"Status Code":200,"API":"/positions"},"timestamp":"2025-05-16 11:10:55,003+0530","service":"FyersAPIRequest"}
{"level":"DEBUG","location":"[get_call:140] fyersModel","message":{"Status Code":200,"API":"/positions"},"timestamp":"2025-05-16 11:10:57,545+0530","service":"FyersAPIRequest"}
{"level":"DEBUG","location":"[get_call:140] fyersModel","message":{"Status Code":200,"API":"/positions"},"timestamp":"2025-05-16 11:11:00,056+0530","service":"FyersAPIRequest"}
{"level":"DEBUG","location":"[get_call:140] fyersModel","message":{"Status Code":200,"API":"/positions"},"timestamp":"2025-05-16 11:11:02,568+0530","service":"FyersAPIRequest"}
{"level":"DEBUG","location":"[get_call:140] fyersModel","message":{"Status Code":200,"API":"/positions"},"timestamp":"2025-05-16 11:11:05,072+0530","service":"FyersAPIRequest"}
{"level":"DEBUG","location":"[get_call:140] fyersModel","message":{"Status Code":200,"API":"/positions"},"timestamp":"2025-05-16 11:11:07,583+0530","service":"FyersAPIRequest"}
{"level":"DEBUG","location":"[get_call:140] fyersModel","message":{"Status Code":200,"API":"/positions"},"timestamp":"2025-05-16 11:11:10,103+0530","service":"FyersAPIRequest"}
{"level":"DEBUG","location":"[get_call:140] fyersModel","message":{"Status Code":200,"API":"/positions"},"timestamp":"2025-05-16 11:11:12,601+0530","service":"FyersAPIRequest"}
{"level":"DEBUG","location":"[get_call:140] fyersModel","message":{"Status Code":200,"API":"/positions"},"timestamp":"2025-05-16 11:11:15,137+0530","service":"FyersAPIRequest"}
{"level":"DEBUG","location":"[get_call:140] fyersModel","message":{"Status Code":200,"API":"/positions"},"timestamp":"2025-05-16 11:11:17,620+0530","service":"FyersAPIRequest"}
{"level":"DEBUG","location":"[get_call:140] fyersModel","message":{"Status Code":200,"API":"/positions"},"timestamp":"2025-05-16 11:11:20,129+0530","service":"FyersAPIRequest"}
{"level":"DEBUG","location":"[get_call:140] fyersModel","message":{"Status Code":200,"API":"/positions"},"timestamp":"2025-05-16 11:11:22,654+0530","service":"FyersAPIRequest"}
{"level":"DEBUG","location":"[get_call:140] fyersModel","message":{"Status Code":200,"API":"/positions"},"timestamp":"2025-05-16 11:11:25,163+0530","service":"FyersAPIRequest"}
{"level":"DEBUG","location":"[get_call:140] fyersModel","message":{"Status Code":200,"API":"/positions"},"timestamp":"2025-05-16 11:11:27,668+0530","service":"FyersAPIRequest"}
{"level":"DEBUG","location":"[get_call:140] fyersModel","message":{"Status Code":200,"API":"/positions"},"timestamp":"2025-05-16 11:11:30,172+0530","service":"FyersAPIRequest"}
{"level":"DEBUG","location":"[get_call:140] fyersModel","message":{"Status Code":200,"API":"/positions"},"timestamp":"2025-05-16 11:11:32,677+0530","service":"FyersAPIRequest"}
{"level":"DEBUG","location":"[get_call:140] fyersModel","message":{"Status Code":200,"API":"/positions"},"timestamp":"2025-05-16 11:11:35,201+0530","service":"FyersAPIRequest"}
{"level":"DEBUG","location":"[get_call:140] fyersModel","message":{"Status Code":200,"API":"/positions"},"timestamp":"2025-05-16 11:11:37,711+0530","service":"FyersAPIRequest"}
{"level":"DEBUG","location":"[get_call:140] fyersModel","message":{"Status Code":200,"API":"/positions"},"timestamp":"2025-05-16 11:11:40,198+0530","service":"FyersAPIRequest"}
{"level":"DEBUG","location":"[get_call:140] fyersModel","message":{"Status Code":200,"API":"/positions"},"timestamp":"2025-05-16 11:11:42,711+0530","service":"FyersAPIRequest"}
{"level":"DEBUG","location":"[get_call:140] fyersModel","message":{"Status Code":200,"API":"/positions"},"timestamp":"2025-05-16 11:11:45,722+0530","service":"FyersAPIRequest"}
{"level":"DEBUG","location":"[get_call:140] fyersModel","message":{"Status Code":200,"API":"/positions"},"timestamp":"2025-05-16 11:11:48,267+0530","service":"FyersAPIRequest"}
{"level":"DEBUG","location":"[get_call:140] fyersModel","message":{"Status Code":200,"API":"/positions"},"timestamp":"2025-05-16 11:11:50,923+0530","service":"FyersAPIRequest"}
{"level":"DEBUG","location":"[get_call:140] fyersModel","message":{"Status Code":200,"API":"/positions"},"timestamp":"2025-05-16 11:11:53,503+0530","service":"FyersAPIRequest"}
{"level":"DEBUG","location":"[get_call:140] fyersModel","message":{"Status Code":200,"API":"/positions"},"timestamp":"2025-05-16 11:11:56,121+0530","service":"FyersAPIRequest"}
{"level":"DEBUG","location":"[get_call:140] fyersModel","message":{"Status Code":200,"API":"/positions"},"timestamp":"2025-05-16 11:11:58,699+0530","service":"FyersAPIRequest"}
{"level":"DEBUG","location":"[get_call:140] fyersModel","message":{"Status Code":200,"API":"/positions"},"timestamp":"2025-05-16 11:12:01,784+0530","service":"FyersAPIRequest"}
{"level":"DEBUG","location":"[get_call:140] fyersModel","message":{"Status Code":200,"API":"/positions"},"timestamp":"2025-05-16 17:40:30,851+0530","service":"FyersAPIRequest"}
{"level":"DEBUG","location":"[get_call:140] fyersModel","message":{"Status Code":200,"API":"/positions"},"timestamp":"2025-05-16 17:40:31,734+0530","service":"FyersAPIRequest"}
{"level":"DEBUG","location":"[post_call:81] fyersModel","message":{"Status Code":400,"API":"/orders/sync"},"timestamp":"2025-05-16 17:40:32,550+0530","service":"FyersAPIRequest"}
{"level":"DEBUG","location":"[post_call:81] fyersModel","message":{"Status Code":400,"API":"/orders/sync"},"timestamp":"2025-05-16 17:40:33,209+0530","service":"FyersAPIRequest"}
{"level":"DEBUG","location":"[post_call:81] fyersModel","message":{"Status Code":400,"API":"/orders/sync"},"timestamp":"2025-05-16 17:40:33,951+0530","service":"FyersAPIRequest"}
{"level":"DEBUG","location":"[post_call:81] fyersModel","message":{"Status Code":400,"API":"/orders/sync"},"timestamp":"2025-05-16 17:40:34,720+0530","service":"FyersAPIRequest"}
{"level":"DEBUG","location":"[get_call:140] fyersModel","message":{"Status Code":200,"API":"/quotes"},"timestamp":"2025-05-16 23:30:38,628+0530","service":"FyersAPIRequest"}
{"level":"DEBUG","location":"[get_call:140] fyersModel","message":{"Status Code":200,"API":"/positions"},"timestamp":"2025-05-16 23:30:39,133+0530","service":"FyersAPIRequest"}
{"level":"DEBUG","location":"[get_call:140] fyersModel","message":{"Status Code":200,"API":"/positions"},"timestamp":"2025-05-16 23:30:39,642+0530","service":"FyersAPIRequest"}
{"level":"DEBUG","location":"[post_call:81] fyersModel","message":{"Status Code":400,"API":"/orders/sync"},"timestamp":"2025-05-16 23:30:40,143+0530","service":"FyersAPIRequest"}
{"level":"DEBUG","location":"[post_call:81] fyersModel","message":{"Status Code":400,"API":"/orders/sync"},"timestamp":"2025-05-16 23:30:40,683+0530","service":"FyersAPIRequest"}
{"level":"DEBUG","location":"[post_call:81] fyersModel","message":{"Status Code":400,"API":"/orders/sync"},"timestamp":"2025-05-16 23:30:41,195+0530","service":"FyersAPIRequest"}
{"level":"DEBUG","location":"[post_call:81] fyersModel","message":{"Status Code":400,"API":"/orders/sync"},"timestamp":"2025-05-16 23:30:41,733+0530","service":"FyersAPIRequest"}
{"level":"DEBUG","location":"[get_call:140] fyersModel","message":{"Status Code":200,"API":"/quotes"},"timestamp":"2025-05-16 23:31:13,246+0530","service":"FyersAPIRequest"}
{"level":"DEBUG","location":"[get_call:140] fyersModel","message":{"Status Code":200,"API":"/positions"},"timestamp":"2025-05-16 23:31:13,798+0530","service":"FyersAPIRequest"}
{"level":"DEBUG","location":"[get_call:140] fyersModel","message":{"Status Code":200,"API":"/positions"},"timestamp":"2025-05-16 23:31:14,304+0530","service":"FyersAPIRequest"}
{"level":"DEBUG","location":"[post_call:81] fyersModel","message":{"Status Code":400,"API":"/orders/sync"},"timestamp":"2025-05-16 23:31:14,836+0530","service":"FyersAPIRequest"}
{"level":"DEBUG","location":"[post_call:81] fyersModel","message":{"Status Code":400,"API":"/orders/sync"},"timestamp":"2025-05-16 23:31:15,833+0530","service":"FyersAPIRequest"}
{"level":"DEBUG","location":"[post_call:81] fyersModel","message":{"Status Code":400,"API":"/orders/sync"},"timestamp":"2025-05-16 23:31:16,338+0530","service":"FyersAPIRequest"}
{"level":"DEBUG","location":"[post_call:81] fyersModel","message":{"Status Code":400,"API":"/orders/sync"},"timestamp":"2025-05-16 23:31:16,894+0530","service":"FyersAPIRequest"}
{"level":"DEBUG","location":"[get_call:140] fyersModel","message":{"Status Code":200,"API":"/quotes"},"timestamp":"2025-05-16 23:33:31,488+0530","service":"FyersAPIRequest"}
{"level":"DEBUG","location":"[post_call:81] fyersModel","message":{"Status Code":200,"API":"/orders/sync"},"timestamp":"2025-05-16 23:33:32,004+0530","service":"FyersAPIRequest"}
{"level":"DEBUG","location":"[post_call:81] fyersModel","message":{"Status Code":200,"API":"/orders/sync"},"timestamp":"2025-05-16 23:33:32,567+0530","service":"FyersAPIRequest"}
{"level":"DEBUG","location":"[get_call:140] fyersModel","message":{"Status Code":200,"API":"/quotes"},"timestamp":"2025-05-16 23:40:35,253+0530","service":"FyersAPIRequest"}
{"level":"DEBUG","location":"[post_call:81] fyersModel","message":{"Status Code":200,"API":"/orders/sync"},"timestamp":"2025-05-16 23:40:35,834+0530","service":"FyersAPIRequest"}
{"level":"DEBUG","location":"[post_call:81] fyersModel","message":{"Status Code":200,"API":"/orders/sync"},"timestamp":"2025-05-16 23:40:36,401+0530","service":"FyersAPIRequest"}
{"level":"DEBUG","location":"[get_call:140] fyersModel","message":{"Status Code":200,"API":"/quotes"},"timestamp":"2025-05-16 23:41:10,322+0530","service":"FyersAPIRequest"}
{"level":"DEBUG","location":"[post_call:81] fyersModel","message":{"Status Code":200,"API":"/orders/sync"},"timestamp":"2025-05-16 23:41:10,847+0530","service":"FyersAPIRequest"}
{"level":"DEBUG","location":"[post_call:81] fyersModel","message":{"Status Code":200,"API":"/orders/sync"},"timestamp":"2025-05-16 23:41:11,459+0530","service":"FyersAPIRequest"}
{"level":"DEBUG","location":"[get_call:140] fyersModel","message":{"Status Code":200,"API":"/quotes"},"timestamp":"2025-05-16 23:41:11,967+0530","service":"FyersAPIRequest"}
{"level":"DEBUG","location":"[get_call:140] fyersModel","message":{"Status Code":200,"API":"/positions"},"timestamp":"2025-05-16 23:41:12,480+0530","service":"FyersAPIRequest"}
{"level":"DEBUG","location":"[get_call:140] fyersModel","message":{"Status Code":200,"API":"/positions"},"timestamp":"2025-05-16 23:41:13,010+0530","service":"FyersAPIRequest"}
{"level":"DEBUG","location":"[post_call:81] fyersModel","message":{"Status Code":400,"API":"/orders/sync"},"timestamp":"2025-05-16 23:41:13,525+0530","service":"FyersAPIRequest"}
{"level":"DEBUG","location":"[post_call:81] fyersModel","message":{"Status Code":400,"API":"/orders/sync"},"timestamp":"2025-05-16 23:41:14,343+0530","service":"FyersAPIRequest"}
{"level":"DEBUG","location":"[post_call:81] fyersModel","message":{"Status Code":400,"API":"/orders/sync"},"timestamp":"2025-05-16 23:41:14,873+0530","service":"FyersAPIRequest"}
{"level":"DEBUG","location":"[post_call:81] fyersModel","message":{"Status Code":400,"API":"/orders/sync"},"timestamp":"2025-05-16 23:41:15,627+0530","service":"FyersAPIRequest"}
{"level":"DEBUG","location":"[get_call:140] fyersModel","message":{"Status Code":200,"API":"/quotes"},"timestamp":"2025-05-16 23:42:47,838+0530","service":"FyersAPIRequest"}
{"level":"DEBUG","location":"[get_call:140] fyersModel","message":{"Status Code":200,"API":"/quotes"},"timestamp":"2025-05-16 23:44:01,135+0530","service":"FyersAPIRequest"}
{"level":"DEBUG","location":"[get_call:140] fyersModel","message":{"Status Code":200,"API":"/positions"},"timestamp":"2025-05-16 23:44:01,632+0530","service":"FyersAPIRequest"}
{"level":"DEBUG","location":"[get_call:140] fyersModel","message":{"Status Code":200,"API":"/positions"},"timestamp":"2025-05-16 23:44:02,618+0530","service":"FyersAPIRequest"}
{"level":"DEBUG","location":"[post_call:81] fyersModel","message":{"Status Code":400,"API":"/orders/sync"},"timestamp":"2025-05-16 23:44:03,123+0530","service":"FyersAPIRequest"}
{"level":"DEBUG","location":"[post_call:81] fyersModel","message":{"Status Code":400,"API":"/orders/sync"},"timestamp":"2025-05-16 23:44:03,687+0530","service":"FyersAPIRequest"}
{"level":"DEBUG","location":"[post_call:81] fyersModel","message":{"Status Code":400,"API":"/orders/sync"},"timestamp":"2025-05-16 23:44:04,194+0530","service":"FyersAPIRequest"}
{"level":"DEBUG","location":"[post_call:81] fyersModel","message":{"Status Code":400,"API":"/orders/sync"},"timestamp":"2025-05-16 23:44:04,712+0530","service":"FyersAPIRequest"}
{"level":"DEBUG","location":"[get_call:140] fyersModel","message":{"Status Code":200,"API":"/quotes"},"timestamp":"2025-05-16 23:46:42,040+0530","service":"FyersAPIRequest"}
{"level":"DEBUG","location":"[get_call:140] fyersModel","message":{"Status Code":200,"API":"/positions"},"timestamp":"2025-05-16 23:46:42,600+0530","service":"FyersAPIRequest"}
{"level":"DEBUG","location":"[get_call:140] fyersModel","message":{"Status Code":200,"API":"/positions"},"timestamp":"2025-05-16 23:46:43,112+0530","service":"FyersAPIRequest"}
{"level":"DEBUG","location":"[post_call:81] fyersModel","message":{"Status Code":400,"API":"/orders/sync"},"timestamp":"2025-05-16 23:46:43,611+0530","service":"FyersAPIRequest"}
{"level":"DEBUG","location":"[post_call:81] fyersModel","message":{"Status Code":400,"API":"/orders/sync"},"timestamp":"2025-05-16 23:46:44,112+0530","service":"FyersAPIRequest"}
{"level":"DEBUG","location":"[post_call:81] fyersModel","message":{"Status Code":400,"API":"/orders/sync"},"timestamp":"2025-05-16 23:46:44,678+0530","service":"FyersAPIRequest"}
{"level":"DEBUG","location":"[post_call:81] fyersModel","message":{"Status Code":400,"API":"/orders/sync"},"timestamp":"2025-05-16 23:46:45,182+0530","service":"FyersAPIRequest"}
{"level":"DEBUG","location":"[get_call:140] fyersModel","message":{"Status Code":200,"API":"/quotes"},"timestamp":"2025-05-16 23:47:31,104+0530","service":"FyersAPIRequest"}
{"level":"DEBUG","location":"[post_call:81] fyersModel","message":{"Status Code":200,"API":"/orders/sync"},"timestamp":"2025-05-16 23:47:31,644+0530","service":"FyersAPIRequest"}
{"level":"DEBUG","location":"[post_call:81] fyersModel","message":{"Status Code":200,"API":"/orders/sync"},"timestamp":"2025-05-16 23:47:32,206+0530","service":"FyersAPIRequest"}
{"level":"DEBUG","location":"[get_call:140] fyersModel","message":{"Status Code":200,"API":"/quotes"},"timestamp":"2025-05-16 23:47:43,284+0530","service":"FyersAPIRequest"}
{"level":"DEBUG","location":"[get_call:140] fyersModel","message":{"Status Code":200,"API":"/positions"},"timestamp":"2025-05-16 23:47:43,862+0530","service":"FyersAPIRequest"}
{"level":"DEBUG","location":"[get_call:140] fyersModel","message":{"Status Code":200,"API":"/positions"},"timestamp":"2025-05-16 23:47:44,363+0530","service":"FyersAPIRequest"}
{"level":"DEBUG","location":"[post_call:81] fyersModel","message":{"Status Code":400,"API":"/orders/sync"},"timestamp":"2025-05-16 23:47:44,884+0530","service":"FyersAPIRequest"}
{"level":"DEBUG","location":"[post_call:81] fyersModel","message":{"Status Code":400,"API":"/orders/sync"},"timestamp":"2025-05-16 23:47:45,378+0530","service":"FyersAPIRequest"}
{"level":"DEBUG","location":"[post_call:81] fyersModel","message":{"Status Code":400,"API":"/orders/sync"},"timestamp":"2025-05-16 23:47:45,901+0530","service":"FyersAPIRequest"}
{"level":"DEBUG","location":"[post_call:81] fyersModel","message":{"Status Code":400,"API":"/orders/sync"},"timestamp":"2025-05-16 23:47:46,533+0530","service":"FyersAPIRequest"}
{"level":"DEBUG","location":"[get_call:140] fyersModel","message":{"Status Code":200,"API":"/quotes"},"timestamp":"2025-05-16 23:49:38,260+0530","service":"FyersAPIRequest"}
{"level":"DEBUG","location":"[get_call:140] fyersModel","message":{"Status Code":200,"API":"/positions"},"timestamp":"2025-05-16 23:49:38,772+0530","service":"FyersAPIRequest"}
{"level":"DEBUG","location":"[get_call:140] fyersModel","message":{"Status Code":200,"API":"/positions"},"timestamp":"2025-05-16 23:49:39,308+0530","service":"FyersAPIRequest"}
{"level":"DEBUG","location":"[post_call:81] fyersModel","message":{"Status Code":400,"API":"/orders/sync"},"timestamp":"2025-05-16 23:49:39,925+0530","service":"FyersAPIRequest"}
{"level":"DEBUG","location":"[post_call:81] fyersModel","message":{"Status Code":400,"API":"/orders/sync"},"timestamp":"2025-05-16 23:49:40,420+0530","service":"FyersAPIRequest"}
{"level":"DEBUG","location":"[post_call:81] fyersModel","message":{"Status Code":400,"API":"/orders/sync"},"timestamp":"2025-05-16 23:49:40,921+0530","service":"FyersAPIRequest"}
{"level":"DEBUG","location":"[post_call:81] fyersModel","message":{"Status Code":400,"API":"/orders/sync"},"timestamp":"2025-05-16 23:49:41,410+0530","service":"FyersAPIRequest"}
{"level":"DEBUG","location":"[get_call:140] fyersModel","message":{"Status Code":200,"API":"/quotes"},"timestamp":"2025-05-16 23:50:03,323+0530","service":"FyersAPIRequest"}
{"level":"DEBUG","location":"[post_call:81] fyersModel","message":{"Status Code":200,"API":"/orders/sync"},"timestamp":"2025-05-16 23:50:03,882+0530","service":"FyersAPIRequest"}
{"level":"DEBUG","location":"[post_call:81] fyersModel","message":{"Status Code":200,"API":"/orders/sync"},"timestamp":"2025-05-16 23:50:04,407+0530","service":"FyersAPIRequest"}
{"level":"DEBUG","location":"[get_call:140] fyersModel","message":{"Status Code":200,"API":"/quotes"},"timestamp":"2025-05-16 23:51:26,151+0530","service":"FyersAPIRequest"}
{"level":"DEBUG","location":"[post_call:81] fyersModel","message":{"Status Code":200,"API":"/orders/sync"},"timestamp":"2025-05-16 23:51:26,710+0530","service":"FyersAPIRequest"}
{"level":"DEBUG","location":"[post_call:81] fyersModel","message":{"Status Code":200,"API":"/orders/sync"},"timestamp":"2025-05-16 23:51:27,278+0530","service":"FyersAPIRequest"}
{"level":"DEBUG","location":"[get_call:140] fyersModel","message":{"Status Code":200,"API":"/quotes"},"timestamp":"2025-05-16 23:51:56,964+0530","service":"FyersAPIRequest"}
{"level":"DEBUG","location":"[post_call:81] fyersModel","message":{"Status Code":200,"API":"/orders/sync"},"timestamp":"2025-05-16 23:51:57,535+0530","service":"FyersAPIRequest"}
{"level":"DEBUG","location":"[post_call:81] fyersModel","message":{"Status Code":200,"API":"/orders/sync"},"timestamp":"2025-05-16 23:51:58,087+0530","service":"FyersAPIRequest"}
{"level":"DEBUG","location":"[get_call:140] fyersModel","message":{"Status Code":200,"API":"/quotes"},"timestamp":"2025-05-16 23:52:40,756+0530","service":"FyersAPIRequest"}
{"level":"DEBUG","location":"[post_call:81] fyersModel","message":{"Status Code":200,"API":"/orders/sync"},"timestamp":"2025-05-16 23:52:41,310+0530","service":"FyersAPIRequest"}
{"level":"DEBUG","location":"[post_call:81] fyersModel","message":{"Status Code":200,"API":"/orders/sync"},"timestamp":"2025-05-16 23:52:42,314+0530","service":"FyersAPIRequest"}
{"level":"DEBUG","location":"[get_call:140] fyersModel","message":{"Status Code":200,"API":"/quotes"},"timestamp":"2025-05-16 23:53:05,439+0530","service":"FyersAPIRequest"}
{"level":"DEBUG","location":"[post_call:81] fyersModel","message":{"Status Code":200,"API":"/orders/sync"},"timestamp":"2025-05-16 23:53:05,968+0530","service":"FyersAPIRequest"}
{"level":"DEBUG","location":"[post_call:81] fyersModel","message":{"Status Code":200,"API":"/orders/sync"},"timestamp":"2025-05-16 23:53:06,533+0530","service":"FyersAPIRequest"}
{"level":"DEBUG","location":"[get_call:140] fyersModel","message":{"Status Code":200,"API":"/quotes"},"timestamp":"2025-05-16 23:54:35,072+0530","service":"FyersAPIRequest"}
{"level":"DEBUG","location":"[post_call:81] fyersModel","message":{"Status Code":200,"API":"/orders/sync"},"timestamp":"2025-05-16 23:54:35,757+0530","service":"FyersAPIRequest"}
{"level":"DEBUG","location":"[post_call:81] fyersModel","message":{"Status Code":200,"API":"/orders/sync"},"timestamp":"2025-05-16 23:54:36,330+0530","service":"FyersAPIRequest"}
{"level":"DEBUG","location":"[get_call:140] fyersModel","message":{"Status Code":200,"API":"/quotes"},"timestamp":"2025-05-16 23:55:12,423+0530","service":"FyersAPIRequest"}
{"level":"DEBUG","location":"[post_call:81] fyersModel","message":{"Status Code":200,"API":"/orders/sync"},"timestamp":"2025-05-16 23:55:12,976+0530","service":"FyersAPIRequest"}
{"level":"DEBUG","location":"[post_call:81] fyersModel","message":{"Status Code":200,"API":"/orders/sync"},"timestamp":"2025-05-16 23:55:13,533+0530","service":"FyersAPIRequest"}
{"level":"DEBUG","location":"[get_call:140] fyersModel","message":{"Status Code":200,"API":"/quotes"},"timestamp":"2025-05-16 23:55:41,744+0530","service":"FyersAPIRequest"}
{"level":"DEBUG","location":"[get_call:140] fyersModel","message":{"Status Code":200,"API":"/positions"},"timestamp":"2025-05-16 23:55:42,274+0530","service":"FyersAPIRequest"}
{"level":"DEBUG","location":"[get_call:140] fyersModel","message":{"Status Code":200,"API":"/positions"},"timestamp":"2025-05-16 23:55:42,786+0530","service":"FyersAPIRequest"}
{"level":"DEBUG","location":"[post_call:81] fyersModel","message":{"Status Code":400,"API":"/orders/sync"},"timestamp":"2025-05-16 23:55:43,287+0530","service":"FyersAPIRequest"}
{"level":"DEBUG","location":"[post_call:81] fyersModel","message":{"Status Code":400,"API":"/orders/sync"},"timestamp":"2025-05-16 23:55:43,782+0530","service":"FyersAPIRequest"}
{"level":"DEBUG","location":"[post_call:81] fyersModel","message":{"Status Code":400,"API":"/orders/sync"},"timestamp":"2025-05-16 23:55:44,793+0530","service":"FyersAPIRequest"}
{"level":"DEBUG","location":"[post_call:81] fyersModel","message":{"Status Code":400,"API":"/orders/sync"},"timestamp":"2025-05-16 23:55:45,796+0530","service":"FyersAPIRequest"}
{"level":"DEBUG","location":"[get_call:140] fyersModel","message":{"Status Code":200,"API":"/quotes"},"timestamp":"2025-05-16 23:56:34,578+0530","service":"FyersAPIRequest"}
{"level":"DEBUG","location":"[get_call:140] fyersModel","message":{"Status Code":200,"API":"/positions"},"timestamp":"2025-05-16 23:56:35,076+0530","service":"FyersAPIRequest"}
{"level":"DEBUG","location":"[get_call:140] fyersModel","message":{"Status Code":200,"API":"/positions"},"timestamp":"2025-05-16 23:56:35,592+0530","service":"FyersAPIRequest"}
{"level":"DEBUG","location":"[post_call:81] fyersModel","message":{"Status Code":400,"API":"/orders/sync"},"timestamp":"2025-05-16 23:56:36,109+0530","service":"FyersAPIRequest"}
{"level":"DEBUG","location":"[post_call:81] fyersModel","message":{"Status Code":400,"API":"/orders/sync"},"timestamp":"2025-05-16 23:56:36,617+0530","service":"FyersAPIRequest"}
{"level":"DEBUG","location":"[post_call:81] fyersModel","message":{"Status Code":400,"API":"/orders/sync"},"timestamp":"2025-05-16 23:56:37,120+0530","service":"FyersAPIRequest"}
{"level":"DEBUG","location":"[post_call:81] fyersModel","message":{"Status Code":400,"API":"/orders/sync"},"timestamp":"2025-05-16 23:56:38,097+0530","service":"FyersAPIRequest"}
{"level":"DEBUG","location":"[get_call:140] fyersModel","message":{"Status Code":200,"API":"/quotes"},"timestamp":"2025-05-16 23:57:02,809+0530","service":"FyersAPIRequest"}
{"level":"DEBUG","location":"[post_call:81] fyersModel","message":{"Status Code":200,"API":"/orders/sync"},"timestamp":"2025-05-16 23:57:03,380+0530","service":"FyersAPIRequest"}
{"level":"DEBUG","location":"[post_call:81] fyersModel","message":{"Status Code":200,"API":"/orders/sync"},"timestamp":"2025-05-16 23:57:03,971+0530","service":"FyersAPIRequest"}
{"level":"DEBUG","location":"[get_call:140] fyersModel","message":{"Status Code":200,"API":"/quotes"},"timestamp":"2025-05-16 23:57:40,860+0530","service":"FyersAPIRequest"}
{"level":"DEBUG","location":"[post_call:81] fyersModel","message":{"Status Code":200,"API":"/orders/sync"},"timestamp":"2025-05-16 23:57:41,409+0530","service":"FyersAPIRequest"}
{"level":"DEBUG","location":"[post_call:81] fyersModel","message":{"Status Code":200,"API":"/orders/sync"},"timestamp":"2025-05-16 23:57:41,949+0530","service":"FyersAPIRequest"}
{"level":"DEBUG","location":"[get_call:140] fyersModel","message":{"Status Code":200,"API":"/quotes"},"timestamp":"2025-05-16 23:58:38,226+0530","service":"FyersAPIRequest"}
{"level":"DEBUG","location":"[post_call:81] fyersModel","message":{"Status Code":200,"API":"/orders/sync"},"timestamp":"2025-05-16 23:58:38,768+0530","service":"FyersAPIRequest"}
{"level":"DEBUG","location":"[post_call:81] fyersModel","message":{"Status Code":200,"API":"/orders/sync"},"timestamp":"2025-05-16 23:58:39,832+0530","service":"FyersAPIRequest"}
{"level":"DEBUG","location":"[get_call:140] fyersModel","message":{"Status Code":200,"API":"/quotes"},"timestamp":"2025-05-16 23:58:56,928+0530","service":"FyersAPIRequest"}
{"level":"DEBUG","location":"[post_call:81] fyersModel","message":{"Status Code":200,"API":"/orders/sync"},"timestamp":"2025-05-16 23:58:57,479+0530","service":"FyersAPIRequest"}
{"level":"DEBUG","location":"[post_call:81] fyersModel","message":{"Status Code":200,"API":"/orders/sync"},"timestamp":"2025-05-16 23:58:58,082+0530","service":"FyersAPIRequest"}
{"level":"DEBUG","location":"[get_call:140] fyersModel","message":{"Status Code":200,"API":"/quotes"},"timestamp":"2025-05-16 23:59:40,041+0530","service":"FyersAPIRequest"}
{"level":"DEBUG","location":"[post_call:81] fyersModel","message":{"Status Code":200,"API":"/orders/sync"},"timestamp":"2025-05-16 23:59:40,576+0530","service":"FyersAPIRequest"}
{"level":"DEBUG","location":"[post_call:81] fyersModel","message":{"Status Code":200,"API":"/orders/sync"},"timestamp":"2025-05-16 23:59:41,139+0530","service":"FyersAPIRequest"}
{"level":"DEBUG","location":"[get_call:140] fyersModel","message":{"Status Code":200,"API":"/quotes"},"timestamp":"2025-05-17 00:00:13,875+0530","service":"FyersAPIRequest"}
{"level":"DEBUG","location":"[post_call:81] fyersModel","message":{"Status Code":200,"API":"/orders/sync"},"timestamp":"2025-05-17 00:00:14,514+0530","service":"FyersAPIRequest"}
{"level":"DEBUG","location":"[post_call:81] fyersModel","message":{"Status Code":200,"API":"/orders/sync"},"timestamp":"2025-05-17 00:00:15,113+0530","service":"FyersAPIRequest"}
{"level":"DEBUG","location":"[get_call:140] fyersModel","message":{"Status Code":200,"API":"/quotes"},"timestamp":"2025-05-17 00:00:35,496+0530","service":"FyersAPIRequest"}
{"level":"DEBUG","location":"[post_call:81] fyersModel","message":{"Status Code":200,"API":"/orders/sync"},"timestamp":"2025-05-17 00:00:36,057+0530","service":"FyersAPIRequest"}
{"level":"DEBUG","location":"[post_call:81] fyersModel","message":{"Status Code":200,"API":"/orders/sync"},"timestamp":"2025-05-17 00:00:36,579+0530","service":"FyersAPIRequest"}
{"level":"DEBUG","location":"[get_call:140] fyersModel","message":{"Status Code":200,"API":"/quotes"},"timestamp":"2025-05-17 00:01:53,208+0530","service":"FyersAPIRequest"}
{"level":"DEBUG","location":"[post_call:81] fyersModel","message":{"Status Code":200,"API":"/orders/sync"},"timestamp":"2025-05-17 00:01:53,771+0530","service":"FyersAPIRequest"}
{"level":"DEBUG","location":"[post_call:81] fyersModel","message":{"Status Code":200,"API":"/orders/sync"},"timestamp":"2025-05-17 00:01:54,347+0530","service":"FyersAPIRequest"}
{"level":"DEBUG","location":"[get_call:140] fyersModel","message":{"Status Code":200,"API":"/quotes"},"timestamp":"2025-05-17 00:01:54,858+0530","service":"FyersAPIRequest"}
{"level":"DEBUG","location":"[get_call:140] fyersModel","message":{"Status Code":200,"API":"/quotes"},"timestamp":"2025-05-17 00:02:53,133+0530","service":"FyersAPIRequest"}
{"level":"DEBUG","location":"[post_call:81] fyersModel","message":{"Status Code":200,"API":"/orders/sync"},"timestamp":"2025-05-17 00:02:53,668+0530","service":"FyersAPIRequest"}
{"level":"DEBUG","location":"[post_call:81] fyersModel","message":{"Status Code":200,"API":"/orders/sync"},"timestamp":"2025-05-17 00:02:54,230+0530","service":"FyersAPIRequest"}
{"level":"DEBUG","location":"[get_call:140] fyersModel","message":{"Status Code":200,"API":"/quotes"},"timestamp":"2025-05-17 00:02:54,742+0530","service":"FyersAPIRequest"}
{"level":"DEBUG","location":"[get_call:140] fyersModel","message":{"Status Code":200,"API":"/quotes"},"timestamp":"2025-05-17 00:05:34,655+0530","service":"FyersAPIRequest"}
{"level":"DEBUG","location":"[get_call:140] fyersModel","message":{"Status Code":200,"API":"/quotes"},"timestamp":"2025-05-17 00:06:38,281+0530","service":"FyersAPIRequest"}
{"level":"DEBUG","location":"[get_call:140] fyersModel","message":{"Status Code":200,"API":"/quotes"},"timestamp":"2025-05-17 00:08:26,407+0530","service":"FyersAPIRequest"}
{"level":"DEBUG","location":"[get_call:140] fyersModel","message":{"Status Code":200,"API":"/quotes"},"timestamp":"2025-05-17 00:09:32,191+0530","service":"FyersAPIRequest"}
{"level":"DEBUG","location":"[get_call:140] fyersModel","message":{"Status Code":200,"API":"/positions"},"timestamp":"2025-05-17 00:09:32,706+0530","service":"FyersAPIRequest"}
{"level":"DEBUG","location":"[get_call:140] fyersModel","message":{"Status Code":200,"API":"/quotes"},"timestamp":"2025-05-17 00:09:35,209+0530","service":"FyersAPIRequest"}
{"level":"DEBUG","location":"[get_call:140] fyersModel","message":{"Status Code":200,"API":"/positions"},"timestamp":"2025-05-17 00:09:35,716+0530","service":"FyersAPIRequest"}
{"level":"DEBUG","location":"[get_call:140] fyersModel","message":{"Status Code":200,"API":"/quotes"},"timestamp":"2025-05-17 00:09:38,712+0530","service":"FyersAPIRequest"}
{"level":"DEBUG","location":"[get_call:140] fyersModel","message":{"Status Code":200,"API":"/positions"},"timestamp":"2025-05-17 00:09:39,237+0530","service":"FyersAPIRequest"}
{"level":"DEBUG","location":"[get_call:140] fyersModel","message":{"Status Code":200,"API":"/quotes"},"timestamp":"2025-05-17 00:09:41,750+0530","service":"FyersAPIRequest"}
{"level":"DEBUG","location":"[get_call:140] fyersModel","message":{"Status Code":200,"API":"/positions"},"timestamp":"2025-05-17 00:09:42,265+0530","service":"FyersAPIRequest"}
{"level":"DEBUG","location":"[get_call:140] fyersModel","message":{"Status Code":200,"API":"/quotes"},"timestamp":"2025-05-17 00:10:07,762+0530","service":"FyersAPIRequest"}
{"level":"DEBUG","location":"[post_call:81] fyersModel","message":{"Status Code":200,"API":"/orders/sync"},"timestamp":"2025-05-17 00:10:09,646+0530","service":"FyersAPIRequest"}
{"level":"DEBUG","location":"[post_call:81] fyersModel","message":{"Status Code":200,"API":"/orders/sync"},"timestamp":"2025-05-17 00:10:10,190+0530","service":"FyersAPIRequest"}
{"level":"DEBUG","location":"[get_call:140] fyersModel","message":{"Status Code":200,"API":"/quotes"},"timestamp":"2025-05-17 00:10:10,737+0530","service":"FyersAPIRequest"}
{"level":"DEBUG","location":"[get_call:140] fyersModel","message":{"Status Code":200,"API":"/positions"},"timestamp":"2025-05-17 00:10:11,246+0530","service":"FyersAPIRequest"}
{"level":"DEBUG","location":"[get_call:140] fyersModel","message":{"Status Code":200,"API":"/quotes"},"timestamp":"2025-05-17 00:10:14,265+0530","service":"FyersAPIRequest"}
{"level":"DEBUG","location":"[post_call:81] fyersModel","message":{"Status Code":200,"API":"/orders/sync"},"timestamp":"2025-05-17 00:10:14,819+0530","service":"FyersAPIRequest"}
{"level":"DEBUG","location":"[post_call:81] fyersModel","message":{"Status Code":200,"API":"/orders/sync"},"timestamp":"2025-05-17 00:10:15,833+0530","service":"FyersAPIRequest"}
{"level":"DEBUG","location":"[get_call:140] fyersModel","message":{"Status Code":200,"API":"/quotes"},"timestamp":"2025-05-17 00:10:16,350+0530","service":"FyersAPIRequest"}
{"level":"DEBUG","location":"[get_call:140] fyersModel","message":{"Status Code":200,"API":"/positions"},"timestamp":"2025-05-17 00:10:16,851+0530","service":"FyersAPIRequest"}
{"level":"DEBUG","location":"[get_call:140] fyersModel","message":{"Status Code":200,"API":"/quotes"},"timestamp":"2025-05-17 00:11:26,406+0530","service":"FyersAPIRequest"}
{"level":"DEBUG","location":"[get_call:140] fyersModel","message":{"Status Code":200,"API":"/positions"},"timestamp":"2025-05-17 00:11:26,922+0530","service":"FyersAPIRequest"}
{"level":"DEBUG","location":"[get_call:140] fyersModel","message":{"Status Code":200,"API":"/quotes"},"timestamp":"2025-05-17 00:11:29,439+0530","service":"FyersAPIRequest"}
{"level":"DEBUG","location":"[get_call:140] fyersModel","message":{"Status Code":200,"API":"/positions"},"timestamp":"2025-05-17 00:11:29,961+0530","service":"FyersAPIRequest"}
{"level":"DEBUG","location":"[get_call:140] fyersModel","message":{"Status Code":200,"API":"/quotes"},"timestamp":"2025-05-17 00:11:32,469+0530","service":"FyersAPIRequest"}
{"level":"DEBUG","location":"[get_call:140] fyersModel","message":{"Status Code":200,"API":"/positions"},"timestamp":"2025-05-17 00:11:33,020+0530","service":"FyersAPIRequest"}
{"level":"DEBUG","location":"[get_call:140] fyersModel","message":{"Status Code":200,"API":"/quotes"},"timestamp":"2025-05-17 00:11:35,542+0530","service":"FyersAPIRequest"}
{"level":"DEBUG","location":"[get_call:140] fyersModel","message":{"Status Code":200,"API":"/positions"},"timestamp":"2025-05-17 00:11:36,578+0530","service":"FyersAPIRequest"}
{"level":"DEBUG","location":"[get_call:140] fyersModel","message":{"Status Code":200,"API":"/quotes"},"timestamp":"2025-05-17 00:11:39,089+0530","service":"FyersAPIRequest"}
{"level":"DEBUG","location":"[get_call:140] fyersModel","message":{"Status Code":200,"API":"/positions"},"timestamp":"2025-05-17 00:11:39,642+0530","service":"FyersAPIRequest"}
{"level":"DEBUG","location":"[get_call:140] fyersModel","message":{"Status Code":200,"API":"/quotes"},"timestamp":"2025-05-17 00:11:42,204+0530","service":"FyersAPIRequest"}
{"level":"DEBUG","location":"[get_call:140] fyersModel","message":{"Status Code":200,"API":"/positions"},"timestamp":"2025-05-17 00:11:42,752+0530","service":"FyersAPIRequest"}
{"level":"DEBUG","location":"[get_call:140] fyersModel","message":{"Status Code":200,"API":"/quotes"},"timestamp":"2025-05-17 00:11:45,289+0530","service":"FyersAPIRequest"}
{"level":"DEBUG","location":"[get_call:140] fyersModel","message":{"Status Code":200,"API":"/positions"},"timestamp":"2025-05-17 00:11:45,824+0530","service":"FyersAPIRequest"}
{"level":"DEBUG","location":"[get_call:140] fyersModel","message":{"Status Code":200,"API":"/quotes"},"timestamp":"2025-05-17 00:11:48,409+0530","service":"FyersAPIRequest"}
{"level":"DEBUG","location":"[get_call:140] fyersModel","message":{"Status Code":200,"API":"/positions"},"timestamp":"2025-05-17 00:11:48,911+0530","service":"FyersAPIRequest"}
{"level":"DEBUG","location":"[get_call:140] fyersModel","message":{"Status Code":200,"API":"/quotes"},"timestamp":"2025-05-17 00:11:51,438+0530","service":"FyersAPIRequest"}
{"level":"DEBUG","location":"[get_call:140] fyersModel","message":{"Status Code":200,"API":"/positions"},"timestamp":"2025-05-17 00:11:51,965+0530","service":"FyersAPIRequest"}
{"level":"DEBUG","location":"[get_call:140] fyersModel","message":{"Status Code":200,"API":"/quotes"},"timestamp":"2025-05-17 00:11:54,562+0530","service":"FyersAPIRequest"}
{"level":"DEBUG","location":"[get_call:140] fyersModel","message":{"Status Code":200,"API":"/positions"},"timestamp":"2025-05-17 00:11:55,077+0530","service":"FyersAPIRequest"}
{"level":"DEBUG","location":"[get_call:140] fyersModel","message":{"Status Code":200,"API":"/quotes"},"timestamp":"2025-05-17 00:11:57,580+0530","service":"FyersAPIRequest"}
{"level":"DEBUG","location":"[get_call:140] fyersModel","message":{"Status Code":200,"API":"/positions"},"timestamp":"2025-05-17 00:11:58,130+0530","service":"FyersAPIRequest"}
{"level":"DEBUG","location":"[get_call:140] fyersModel","message":{"Status Code":200,"API":"/quotes"},"timestamp":"2025-05-17 00:12:00,866+0530","service":"FyersAPIRequest"}
{"level":"DEBUG","location":"[get_call:140] fyersModel","message":{"Status Code":200,"API":"/positions"},"timestamp":"2025-05-17 00:12:01,649+0530","service":"FyersAPIRequest"}
{"level":"DEBUG","location":"[get_call:140] fyersModel","message":{"Status Code":200,"API":"/quotes"},"timestamp":"2025-05-17 00:12:04,307+0530","service":"FyersAPIRequest"}
{"level":"DEBUG","location":"[get_call:140] fyersModel","message":{"Status Code":200,"API":"/positions"},"timestamp":"2025-05-17 00:12:04,921+0530","service":"FyersAPIRequest"}
{"level":"DEBUG","location":"[get_call:140] fyersModel","message":{"Status Code":200,"API":"/quotes"},"timestamp":"2025-05-17 00:12:07,579+0530","service":"FyersAPIRequest"}
{"level":"DEBUG","location":"[get_call:140] fyersModel","message":{"Status Code":200,"API":"/positions"},"timestamp":"2025-05-17 00:12:08,202+0530","service":"FyersAPIRequest"}
{"level":"DEBUG","location":"[get_call:140] fyersModel","message":{"Status Code":200,"API":"/quotes"},"timestamp":"2025-05-17 00:12:10,759+0530","service":"FyersAPIRequest"}
{"level":"DEBUG","location":"[get_call:140] fyersModel","message":{"Status Code":200,"API":"/positions"},"timestamp":"2025-05-17 00:12:11,781+0530","service":"FyersAPIRequest"}
{"level":"DEBUG","location":"[get_call:140] fyersModel","message":{"Status Code":200,"API":"/quotes"},"timestamp":"2025-05-17 00:12:14,321+0530","service":"FyersAPIRequest"}
{"level":"DEBUG","location":"[get_call:140] fyersModel","message":{"Status Code":200,"API":"/positions"},"timestamp":"2025-05-17 00:12:14,858+0530","service":"FyersAPIRequest"}
{"level":"DEBUG","location":"[get_call:140] fyersModel","message":{"Status Code":200,"API":"/quotes"},"timestamp":"2025-05-17 00:12:17,371+0530","service":"FyersAPIRequest"}
{"level":"DEBUG","location":"[get_call:140] fyersModel","message":{"Status Code":200,"API":"/positions"},"timestamp":"2025-05-17 00:12:17,890+0530","service":"FyersAPIRequest"}
{"level":"DEBUG","location":"[get_call:140] fyersModel","message":{"Status Code":200,"API":"/quotes"},"timestamp":"2025-05-17 00:12:20,490+0530","service":"FyersAPIRequest"}
{"level":"DEBUG","location":"[get_call:140] fyersModel","message":{"Status Code":200,"API":"/positions"},"timestamp":"2025-05-17 00:12:21,563+0530","service":"FyersAPIRequest"}
{"level":"DEBUG","location":"[get_call:140] fyersModel","message":{"Status Code":200,"API":"/quotes"},"timestamp":"2025-05-17 00:12:24,238+0530","service":"FyersAPIRequest"}
{"level":"DEBUG","location":"[get_call:140] fyersModel","message":{"Status Code":200,"API":"/positions"},"timestamp":"2025-05-17 00:12:24,767+0530","service":"FyersAPIRequest"}
{"level":"DEBUG","location":"[get_call:140] fyersModel","message":{"Status Code":200,"API":"/quotes"},"timestamp":"2025-05-17 00:12:27,511+0530","service":"FyersAPIRequest"}
{"level":"DEBUG","location":"[get_call:140] fyersModel","message":{"Status Code":200,"API":"/positions"},"timestamp":"2025-05-17 00:12:28,707+0530","service":"FyersAPIRequest"}
{"level":"DEBUG","location":"[get_call:140] fyersModel","message":{"Status Code":200,"API":"/quotes"},"timestamp":"2025-05-17 00:12:31,282+0530","service":"FyersAPIRequest"}
{"level":"DEBUG","location":"[get_call:140] fyersModel","message":{"Status Code":200,"API":"/positions"},"timestamp":"2025-05-17 00:12:31,804+0530","service":"FyersAPIRequest"}
{"level":"DEBUG","location":"[get_call:140] fyersModel","message":{"Status Code":200,"API":"/quotes"},"timestamp":"2025-05-17 00:12:34,628+0530","service":"FyersAPIRequest"}
{"level":"DEBUG","location":"[get_call:140] fyersModel","message":{"Status Code":200,"API":"/positions"},"timestamp":"2025-05-17 00:12:35,453+0530","service":"FyersAPIRequest"}
{"level":"DEBUG","location":"[get_call:140] fyersModel","message":{"Status Code":200,"API":"/quotes"},"timestamp":"2025-05-17 00:12:38,307+0530","service":"FyersAPIRequest"}
{"level":"DEBUG","location":"[get_call:140] fyersModel","message":{"Status Code":200,"API":"/positions"},"timestamp":"2025-05-17 00:12:39,137+0530","service":"FyersAPIRequest"}
{"level":"DEBUG","location":"[get_call:140] fyersModel","message":{"Status Code":200,"API":"/quotes"},"timestamp":"2025-05-17 00:12:42,446+0530","service":"FyersAPIRequest"}
{"level":"DEBUG","location":"[get_call:140] fyersModel","message":{"Status Code":200,"API":"/positions"},"timestamp":"2025-05-17 00:12:43,252+0530","service":"FyersAPIRequest"}
{"level":"DEBUG","location":"[get_call:140] fyersModel","message":{"Status Code":200,"API":"/quotes"},"timestamp":"2025-05-17 00:12:46,110+0530","service":"FyersAPIRequest"}
{"level":"DEBUG","location":"[get_call:140] fyersModel","message":{"Status Code":200,"API":"/positions"},"timestamp":"2025-05-17 00:12:46,924+0530","service":"FyersAPIRequest"}
{"level":"DEBUG","location":"[get_call:140] fyersModel","message":{"Status Code":200,"API":"/quotes"},"timestamp":"2025-05-17 00:12:49,683+0530","service":"FyersAPIRequest"}
{"level":"DEBUG","location":"[get_call:140] fyersModel","message":{"Status Code":200,"API":"/positions"},"timestamp":"2025-05-17 00:12:50,833+0530","service":"FyersAPIRequest"}
{"level":"DEBUG","location":"[get_call:140] fyersModel","message":{"Status Code":200,"API":"/quotes"},"timestamp":"2025-05-17 00:12:53,508+0530","service":"FyersAPIRequest"}
{"level":"DEBUG","location":"[get_call:140] fyersModel","message":{"Status Code":200,"API":"/positions"},"timestamp":"2025-05-17 00:12:54,189+0530","service":"FyersAPIRequest"}
{"level":"DEBUG","location":"[get_call:140] fyersModel","message":{"Status Code":200,"API":"/quotes"},"timestamp":"2025-05-17 00:12:56,852+0530","service":"FyersAPIRequest"}
{"level":"DEBUG","location":"[get_call:140] fyersModel","message":{"Status Code":200,"API":"/positions"},"timestamp":"2025-05-17 00:12:57,493+0530","service":"FyersAPIRequest"}
{"level":"DEBUG","location":"[get_call:140] fyersModel","message":{"Status Code":200,"API":"/quotes"},"timestamp":"2025-05-17 00:13:00,032+0530","service":"FyersAPIRequest"}
{"level":"DEBUG","location":"[get_call:140] fyersModel","message":{"Status Code":200,"API":"/positions"},"timestamp":"2025-05-17 00:13:00,599+0530","service":"FyersAPIRequest"}
{"level":"DEBUG","location":"[get_call:140] fyersModel","message":{"Status Code":200,"API":"/quotes"},"timestamp":"2025-05-17 00:13:03,130+0530","service":"FyersAPIRequest"}
{"level":"DEBUG","location":"[get_call:140] fyersModel","message":{"Status Code":200,"API":"/positions"},"timestamp":"2025-05-17 00:13:03,658+0530","service":"FyersAPIRequest"}
{"level":"DEBUG","location":"[get_call:140] fyersModel","message":{"Status Code":200,"API":"/quotes"},"timestamp":"2025-05-17 00:13:06,316+0530","service":"FyersAPIRequest"}
{"level":"DEBUG","location":"[get_call:140] fyersModel","message":{"Status Code":200,"API":"/positions"},"timestamp":"2025-05-17 00:13:06,846+0530","service":"FyersAPIRequest"}
{"level":"DEBUG","location":"[get_call:140] fyersModel","message":{"Status Code":200,"API":"/quotes"},"timestamp":"2025-05-17 00:13:09,374+0530","service":"FyersAPIRequest"}
{"level":"DEBUG","location":"[get_call:140] fyersModel","message":{"Status Code":200,"API":"/positions"},"timestamp":"2025-05-17 00:13:09,904+0530","service":"FyersAPIRequest"}
{"level":"DEBUG","location":"[get_call:140] fyersModel","message":{"Status Code":200,"API":"/quotes"},"timestamp":"2025-05-17 00:13:12,442+0530","service":"FyersAPIRequest"}
{"level":"DEBUG","location":"[get_call:140] fyersModel","message":{"Status Code":200,"API":"/positions"},"timestamp":"2025-05-17 00:13:12,963+0530","service":"FyersAPIRequest"}
{"level":"DEBUG","location":"[get_call:140] fyersModel","message":{"Status Code":200,"API":"/quotes"},"timestamp":"2025-05-17 00:13:15,491+0530","service":"FyersAPIRequest"}
{"level":"DEBUG","location":"[get_call:140] fyersModel","message":{"Status Code":200,"API":"/positions"},"timestamp":"2025-05-17 00:13:16,531+0530","service":"FyersAPIRequest"}
{"level":"DEBUG","location":"[get_call:140] fyersModel","message":{"Status Code":200,"API":"/quotes"},"timestamp":"2025-05-17 00:13:19,078+0530","service":"FyersAPIRequest"}
{"level":"DEBUG","location":"[get_call:140] fyersModel","message":{"Status Code":200,"API":"/positions"},"timestamp":"2025-05-17 00:13:20,118+0530","service":"FyersAPIRequest"}
{"level":"DEBUG","location":"[get_call:140] fyersModel","message":{"Status Code":200,"API":"/quotes"},"timestamp":"2025-05-17 00:13:22,935+0530","service":"FyersAPIRequest"}
{"level":"DEBUG","location":"[get_call:140] fyersModel","message":{"Status Code":200,"API":"/positions"},"timestamp":"2025-05-17 00:13:23,671+0530","service":"FyersAPIRequest"}
{"level":"DEBUG","location":"[get_call:140] fyersModel","message":{"Status Code":200,"API":"/quotes"},"timestamp":"2025-05-17 00:13:26,271+0530","service":"FyersAPIRequest"}
{"level":"DEBUG","location":"[get_call:140] fyersModel","message":{"Status Code":200,"API":"/positions"},"timestamp":"2025-05-17 00:13:26,806+0530","service":"FyersAPIRequest"}
{"level":"DEBUG","location":"[get_call:140] fyersModel","message":{"Status Code":200,"API":"/quotes"},"timestamp":"2025-05-17 00:13:29,411+0530","service":"FyersAPIRequest"}
{"level":"DEBUG","location":"[get_call:140] fyersModel","message":{"Status Code":200,"API":"/positions"},"timestamp":"2025-05-17 00:13:29,927+0530","service":"FyersAPIRequest"}
{"level":"DEBUG","location":"[get_call:140] fyersModel","message":{"Status Code":200,"API":"/quotes"},"timestamp":"2025-05-17 00:13:32,475+0530","service":"FyersAPIRequest"}
{"level":"DEBUG","location":"[get_call:140] fyersModel","message":{"Status Code":200,"API":"/positions"},"timestamp":"2025-05-17 00:13:33,020+0530","service":"FyersAPIRequest"}
{"level":"DEBUG","location":"[get_call:140] fyersModel","message":{"Status Code":200,"API":"/quotes"},"timestamp":"2025-05-17 00:13:35,597+0530","service":"FyersAPIRequest"}
{"level":"DEBUG","location":"[get_call:140] fyersModel","message":{"Status Code":200,"API":"/positions"},"timestamp":"2025-05-17 00:13:36,148+0530","service":"FyersAPIRequest"}
{"level":"DEBUG","location":"[get_call:140] fyersModel","message":{"Status Code":200,"API":"/quotes"},"timestamp":"2025-05-17 00:13:38,704+0530","service":"FyersAPIRequest"}
{"level":"DEBUG","location":"[get_call:140] fyersModel","message":{"Status Code":200,"API":"/positions"},"timestamp":"2025-05-17 00:13:39,274+0530","service":"FyersAPIRequest"}
{"level":"DEBUG","location":"[get_call:140] fyersModel","message":{"Status Code":200,"API":"/quotes"},"timestamp":"2025-05-17 00:13:41,794+0530","service":"FyersAPIRequest"}
{"level":"DEBUG","location":"[get_call:140] fyersModel","message":{"Status Code":200,"API":"/positions"},"timestamp":"2025-05-17 00:13:42,324+0530","service":"FyersAPIRequest"}
{"level":"DEBUG","location":"[get_call:140] fyersModel","message":{"Status Code":200,"API":"/quotes"},"timestamp":"2025-05-17 00:13:44,848+0530","service":"FyersAPIRequest"}
{"level":"DEBUG","location":"[get_call:140] fyersModel","message":{"Status Code":200,"API":"/positions"},"timestamp":"2025-05-17 00:13:45,538+0530","service":"FyersAPIRequest"}
{"level":"DEBUG","location":"[get_call:140] fyersModel","message":{"Status Code":200,"API":"/quotes"},"timestamp":"2025-05-17 00:13:48,149+0530","service":"FyersAPIRequest"}
{"level":"DEBUG","location":"[get_call:140] fyersModel","message":{"Status Code":200,"API":"/positions"},"timestamp":"2025-05-17 00:13:48,673+0530","service":"FyersAPIRequest"}
{"level":"DEBUG","location":"[get_call:140] fyersModel","message":{"Status Code":200,"API":"/quotes"},"timestamp":"2025-05-17 00:13:51,231+0530","service":"FyersAPIRequest"}
{"level":"DEBUG","location":"[get_call:140] fyersModel","message":{"Status Code":200,"API":"/positions"},"timestamp":"2025-05-17 00:13:51,760+0530","service":"FyersAPIRequest"}
{"level":"DEBUG","location":"[get_call:140] fyersModel","message":{"Status Code":200,"API":"/quotes"},"timestamp":"2025-05-17 00:13:54,330+0530","service":"FyersAPIRequest"}
{"level":"DEBUG","location":"[get_call:140] fyersModel","message":{"Status Code":200,"API":"/positions"},"timestamp":"2025-05-17 00:13:54,862+0530","service":"FyersAPIRequest"}
{"level":"DEBUG","location":"[get_call:140] fyersModel","message":{"Status Code":200,"API":"/quotes"},"timestamp":"2025-05-17 00:13:57,388+0530","service":"FyersAPIRequest"}
{"level":"DEBUG","location":"[get_call:140] fyersModel","message":{"Status Code":200,"API":"/positions"},"timestamp":"2025-05-17 00:13:57,901+0530","service":"FyersAPIRequest"}
{"level":"DEBUG","location":"[get_call:140] fyersModel","message":{"Status Code":200,"API":"/quotes"},"timestamp":"2025-05-17 00:14:00,419+0530","service":"FyersAPIRequest"}
{"level":"DEBUG","location":"[get_call:140] fyersModel","message":{"Status Code":200,"API":"/positions"},"timestamp":"2025-05-17 00:14:00,968+0530","service":"FyersAPIRequest"}
{"level":"DEBUG","location":"[get_call:140] fyersModel","message":{"Status Code":200,"API":"/quotes"},"timestamp":"2025-05-17 00:14:03,505+0530","service":"FyersAPIRequest"}
{"level":"DEBUG","location":"[get_call:140] fyersModel","message":{"Status Code":200,"API":"/positions"},"timestamp":"2025-05-17 00:14:04,051+0530","service":"FyersAPIRequest"}
{"level":"DEBUG","location":"[get_call:140] fyersModel","message":{"Status Code":200,"API":"/quotes"},"timestamp":"2025-05-17 00:14:06,559+0530","service":"FyersAPIRequest"}
{"level":"DEBUG","location":"[get_call:140] fyersModel","message":{"Status Code":200,"API":"/positions"},"timestamp":"2025-05-17 00:14:07,104+0530","service":"FyersAPIRequest"}
{"level":"DEBUG","location":"[get_call:140] fyersModel","message":{"Status Code":200,"API":"/quotes"},"timestamp":"2025-05-17 00:14:09,662+0530","service":"FyersAPIRequest"}
{"level":"DEBUG","location":"[get_call:140] fyersModel","message":{"Status Code":200,"API":"/positions"},"timestamp":"2025-05-17 00:14:10,184+0530","service":"FyersAPIRequest"}
{"level":"DEBUG","location":"[get_call:140] fyersModel","message":{"Status Code":200,"API":"/quotes"},"timestamp":"2025-05-17 00:14:12,697+0530","service":"FyersAPIRequest"}
{"level":"DEBUG","location":"[get_call:140] fyersModel","message":{"Status Code":200,"API":"/positions"},"timestamp":"2025-05-17 00:14:13,223+0530","service":"FyersAPIRequest"}
{"level":"DEBUG","location":"[get_call:140] fyersModel","message":{"Status Code":200,"API":"/quotes"},"timestamp":"2025-05-17 00:14:15,763+0530","service":"FyersAPIRequest"}
{"level":"DEBUG","location":"[get_call:140] fyersModel","message":{"Status Code":200,"API":"/positions"},"timestamp":"2025-05-17 00:14:16,761+0530","service":"FyersAPIRequest"}
{"level":"DEBUG","location":"[get_call:140] fyersModel","message":{"Status Code":200,"API":"/quotes"},"timestamp":"2025-05-17 00:14:19,301+0530","service":"FyersAPIRequest"}
{"level":"DEBUG","location":"[get_call:140] fyersModel","message":{"Status Code":200,"API":"/positions"},"timestamp":"2025-05-17 00:14:19,863+0530","service":"FyersAPIRequest"}
{"level":"DEBUG","location":"[get_call:140] fyersModel","message":{"Status Code":200,"API":"/quotes"},"timestamp":"2025-05-17 00:14:22,402+0530","service":"FyersAPIRequest"}
{"level":"DEBUG","location":"[get_call:140] fyersModel","message":{"Status Code":200,"API":"/positions"},"timestamp":"2025-05-17 00:14:22,926+0530","service":"FyersAPIRequest"}
{"level":"DEBUG","location":"[get_call:140] fyersModel","message":{"Status Code":200,"API":"/quotes"},"timestamp":"2025-05-17 00:14:25,455+0530","service":"FyersAPIRequest"}
{"level":"DEBUG","location":"[get_call:140] fyersModel","message":{"Status Code":200,"API":"/positions"},"timestamp":"2025-05-17 00:14:25,962+0530","service":"FyersAPIRequest"}
{"level":"DEBUG","location":"[get_call:140] fyersModel","message":{"Status Code":200,"API":"/quotes"},"timestamp":"2025-05-17 00:14:28,524+0530","service":"FyersAPIRequest"}
{"level":"DEBUG","location":"[get_call:140] fyersModel","message":{"Status Code":200,"API":"/positions"},"timestamp":"2025-05-17 00:14:29,059+0530","service":"FyersAPIRequest"}
{"level":"DEBUG","location":"[get_call:140] fyersModel","message":{"Status Code":200,"API":"/quotes"},"timestamp":"2025-05-17 00:14:31,616+0530","service":"FyersAPIRequest"}
{"level":"DEBUG","location":"[get_call:140] fyersModel","message":{"Status Code":200,"API":"/positions"},"timestamp":"2025-05-17 00:14:32,200+0530","service":"FyersAPIRequest"}
{"level":"DEBUG","location":"[get_call:140] fyersModel","message":{"Status Code":200,"API":"/quotes"},"timestamp":"2025-05-17 00:14:34,759+0530","service":"FyersAPIRequest"}
{"level":"DEBUG","location":"[get_call:140] fyersModel","message":{"Status Code":200,"API":"/positions"},"timestamp":"2025-05-17 00:14:35,284+0530","service":"FyersAPIRequest"}
{"level":"DEBUG","location":"[get_call:140] fyersModel","message":{"Status Code":200,"API":"/quotes"},"timestamp":"2025-05-17 00:14:37,816+0530","service":"FyersAPIRequest"}
{"level":"DEBUG","location":"[get_call:140] fyersModel","message":{"Status Code":200,"API":"/positions"},"timestamp":"2025-05-17 00:14:38,381+0530","service":"FyersAPIRequest"}
{"level":"DEBUG","location":"[get_call:140] fyersModel","message":{"Status Code":200,"API":"/quotes"},"timestamp":"2025-05-17 00:14:40,908+0530","service":"FyersAPIRequest"}
{"level":"DEBUG","location":"[get_call:140] fyersModel","message":{"Status Code":200,"API":"/positions"},"timestamp":"2025-05-17 00:14:41,932+0530","service":"FyersAPIRequest"}
{"level":"DEBUG","location":"[get_call:140] fyersModel","message":{"Status Code":200,"API":"/quotes"},"timestamp":"2025-05-17 00:14:44,470+0530","service":"FyersAPIRequest"}
{"level":"DEBUG","location":"[get_call:140] fyersModel","message":{"Status Code":200,"API":"/positions"},"timestamp":"2025-05-17 00:14:44,998+0530","service":"FyersAPIRequest"}
{"level":"DEBUG","location":"[get_call:140] fyersModel","message":{"Status Code":200,"API":"/quotes"},"timestamp":"2025-05-17 00:14:47,541+0530","service":"FyersAPIRequest"}
{"level":"DEBUG","location":"[get_call:140] fyersModel","message":{"Status Code":200,"API":"/positions"},"timestamp":"2025-05-17 00:14:48,070+0530","service":"FyersAPIRequest"}
{"level":"DEBUG","location":"[get_call:140] fyersModel","message":{"Status Code":200,"API":"/quotes"},"timestamp":"2025-05-17 00:14:50,605+0530","service":"FyersAPIRequest"}
{"level":"DEBUG","location":"[get_call:140] fyersModel","message":{"Status Code":200,"API":"/positions"},"timestamp":"2025-05-17 00:14:51,611+0530","service":"FyersAPIRequest"}
{"level":"DEBUG","location":"[get_call:140] fyersModel","message":{"Status Code":200,"API":"/quotes"},"timestamp":"2025-05-17 00:14:54,181+0530","service":"FyersAPIRequest"}
{"level":"DEBUG","location":"[get_call:140] fyersModel","message":{"Status Code":200,"API":"/positions"},"timestamp":"2025-05-17 00:14:54,713+0530","service":"FyersAPIRequest"}
{"level":"DEBUG","location":"[get_call:140] fyersModel","message":{"Status Code":200,"API":"/quotes"},"timestamp":"2025-05-17 00:14:57,230+0530","service":"FyersAPIRequest"}
{"level":"DEBUG","location":"[get_call:140] fyersModel","message":{"Status Code":200,"API":"/positions"},"timestamp":"2025-05-17 00:14:57,759+0530","service":"FyersAPIRequest"}
{"level":"DEBUG","location":"[get_call:140] fyersModel","message":{"Status Code":200,"API":"/quotes"},"timestamp":"2025-05-17 00:15:00,297+0530","service":"FyersAPIRequest"}
{"level":"DEBUG","location":"[get_call:140] fyersModel","message":{"Status Code":200,"API":"/positions"},"timestamp":"2025-05-17 00:15:00,814+0530","service":"FyersAPIRequest"}
{"level":"DEBUG","location":"[get_call:140] fyersModel","message":{"Status Code":200,"API":"/quotes"},"timestamp":"2025-05-17 00:15:03,353+0530","service":"FyersAPIRequest"}
{"level":"DEBUG","location":"[get_call:140] fyersModel","message":{"Status Code":200,"API":"/positions"},"timestamp":"2025-05-17 00:15:03,908+0530","service":"FyersAPIRequest"}
{"level":"DEBUG","location":"[get_call:140] fyersModel","message":{"Status Code":200,"API":"/quotes"},"timestamp":"2025-05-17 00:15:06,554+0530","service":"FyersAPIRequest"}
{"level":"DEBUG","location":"[get_call:140] fyersModel","message":{"Status Code":200,"API":"/positions"},"timestamp":"2025-05-17 00:15:07,168+0530","service":"FyersAPIRequest"}
{"level":"DEBUG","location":"[get_call:140] fyersModel","message":{"Status Code":200,"API":"/quotes"},"timestamp":"2025-05-17 00:15:09,900+0530","service":"FyersAPIRequest"}
{"level":"DEBUG","location":"[get_call:140] fyersModel","message":{"Status Code":200,"API":"/positions"},"timestamp":"2025-05-17 00:15:10,427+0530","service":"FyersAPIRequest"}
{"level":"DEBUG","location":"[get_call:140] fyersModel","message":{"Status Code":200,"API":"/quotes"},"timestamp":"2025-05-17 00:15:12,945+0530","service":"FyersAPIRequest"}
{"level":"DEBUG","location":"[get_call:140] fyersModel","message":{"Status Code":200,"API":"/positions"},"timestamp":"2025-05-17 00:15:13,469+0530","service":"FyersAPIRequest"}
{"level":"DEBUG","location":"[get_call:140] fyersModel","message":{"Status Code":200,"API":"/quotes"},"timestamp":"2025-05-17 00:15:16,047+0530","service":"FyersAPIRequest"}
{"level":"DEBUG","location":"[get_call:140] fyersModel","message":{"Status Code":200,"API":"/positions"},"timestamp":"2025-05-17 00:15:16,598+0530","service":"FyersAPIRequest"}
{"level":"DEBUG","location":"[get_call:140] fyersModel","message":{"Status Code":200,"API":"/quotes"},"timestamp":"2025-05-17 00:15:19,621+0530","service":"FyersAPIRequest"}
{"level":"DEBUG","location":"[get_call:140] fyersModel","message":{"Status Code":200,"API":"/positions"},"timestamp":"2025-05-17 00:15:20,165+0530","service":"FyersAPIRequest"}
{"level":"DEBUG","location":"[get_call:140] fyersModel","message":{"Status Code":200,"API":"/quotes"},"timestamp":"2025-05-17 00:15:22,689+0530","service":"FyersAPIRequest"}
{"level":"DEBUG","location":"[get_call:140] fyersModel","message":{"Status Code":200,"API":"/positions"},"timestamp":"2025-05-17 00:15:23,232+0530","service":"FyersAPIRequest"}
{"level":"DEBUG","location":"[get_call:140] fyersModel","message":{"Status Code":200,"API":"/quotes"},"timestamp":"2025-05-17 00:15:25,866+0530","service":"FyersAPIRequest"}
{"level":"DEBUG","location":"[get_call:140] fyersModel","message":{"Status Code":200,"API":"/positions"},"timestamp":"2025-05-17 00:15:26,403+0530","service":"FyersAPIRequest"}
{"level":"DEBUG","location":"[get_call:140] fyersModel","message":{"Status Code":200,"API":"/quotes"},"timestamp":"2025-05-17 00:15:29,108+0530","service":"FyersAPIRequest"}
{"level":"DEBUG","location":"[get_call:140] fyersModel","message":{"Status Code":200,"API":"/positions"},"timestamp":"2025-05-17 00:15:29,912+0530","service":"FyersAPIRequest"}
{"level":"DEBUG","location":"[get_call:140] fyersModel","message":{"Status Code":200,"API":"/quotes"},"timestamp":"2025-05-17 00:15:32,420+0530","service":"FyersAPIRequest"}
{"level":"DEBUG","location":"[get_call:140] fyersModel","message":{"Status Code":200,"API":"/positions"},"timestamp":"2025-05-17 00:15:32,938+0530","service":"FyersAPIRequest"}
{"level":"DEBUG","location":"[get_call:140] fyersModel","message":{"Status Code":200,"API":"/quotes"},"timestamp":"2025-05-17 00:15:35,524+0530","service":"FyersAPIRequest"}
{"level":"DEBUG","location":"[get_call:140] fyersModel","message":{"Status Code":200,"API":"/positions"},"timestamp":"2025-05-17 00:15:36,079+0530","service":"FyersAPIRequest"}
{"level":"DEBUG","location":"[get_call:140] fyersModel","message":{"Status Code":200,"API":"/quotes"},"timestamp":"2025-05-17 00:15:38,638+0530","service":"FyersAPIRequest"}
{"level":"DEBUG","location":"[get_call:140] fyersModel","message":{"Status Code":200,"API":"/positions"},"timestamp":"2025-05-17 00:15:39,217+0530","service":"FyersAPIRequest"}
{"level":"DEBUG","location":"[get_call:140] fyersModel","message":{"Status Code":200,"API":"/quotes"},"timestamp":"2025-05-17 00:15:41,825+0530","service":"FyersAPIRequest"}
{"level":"DEBUG","location":"[get_call:140] fyersModel","message":{"Status Code":200,"API":"/positions"},"timestamp":"2025-05-17 00:15:42,395+0530","service":"FyersAPIRequest"}
{"level":"DEBUG","location":"[get_call:140] fyersModel","message":{"Status Code":200,"API":"/quotes"},"timestamp":"2025-05-17 00:15:44,919+0530","service":"FyersAPIRequest"}
{"level":"DEBUG","location":"[get_call:140] fyersModel","message":{"Status Code":200,"API":"/positions"},"timestamp":"2025-05-17 00:15:45,449+0530","service":"FyersAPIRequest"}
{"level":"DEBUG","location":"[get_call:140] fyersModel","message":{"Status Code":200,"API":"/quotes"},"timestamp":"2025-05-17 00:15:47,980+0530","service":"FyersAPIRequest"}
{"level":"DEBUG","location":"[get_call:140] fyersModel","message":{"Status Code":200,"API":"/positions"},"timestamp":"2025-05-17 00:15:48,526+0530","service":"FyersAPIRequest"}
{"level":"DEBUG","location":"[get_call:140] fyersModel","message":{"Status Code":200,"API":"/quotes"},"timestamp":"2025-05-17 00:15:51,188+0530","service":"FyersAPIRequest"}
{"level":"DEBUG","location":"[get_call:140] fyersModel","message":{"Status Code":200,"API":"/positions"},"timestamp":"2025-05-17 00:15:51,750+0530","service":"FyersAPIRequest"}
{"level":"DEBUG","location":"[get_call:140] fyersModel","message":{"Status Code":200,"API":"/quotes"},"timestamp":"2025-05-17 00:15:54,739+0530","service":"FyersAPIRequest"}
{"level":"DEBUG","location":"[get_call:140] fyersModel","message":{"Status Code":200,"API":"/positions"},"timestamp":"2025-05-17 00:15:55,253+0530","service":"FyersAPIRequest"}
{"level":"DEBUG","location":"[get_call:140] fyersModel","message":{"Status Code":200,"API":"/quotes"},"timestamp":"2025-05-17 00:15:57,791+0530","service":"FyersAPIRequest"}
{"level":"DEBUG","location":"[get_call:140] fyersModel","message":{"Status Code":200,"API":"/positions"},"timestamp":"2025-05-17 00:15:58,316+0530","service":"FyersAPIRequest"}
{"level":"DEBUG","location":"[get_call:140] fyersModel","message":{"Status Code":200,"API":"/quotes"},"timestamp":"2025-05-17 00:16:00,886+0530","service":"FyersAPIRequest"}
{"level":"DEBUG","location":"[get_call:140] fyersModel","message":{"Status Code":200,"API":"/positions"},"timestamp":"2025-05-17 00:16:01,447+0530","service":"FyersAPIRequest"}
{"level":"DEBUG","location":"[get_call:140] fyersModel","message":{"Status Code":200,"API":"/quotes"},"timestamp":"2025-05-17 00:16:03,981+0530","service":"FyersAPIRequest"}
{"level":"DEBUG","location":"[get_call:140] fyersModel","message":{"Status Code":200,"API":"/positions"},"timestamp":"2025-05-17 00:16:04,559+0530","service":"FyersAPIRequest"}
{"level":"DEBUG","location":"[get_call:140] fyersModel","message":{"Status Code":200,"API":"/quotes"},"timestamp":"2025-05-17 00:16:07,134+0530","service":"FyersAPIRequest"}
{"level":"DEBUG","location":"[get_call:140] fyersModel","message":{"Status Code":200,"API":"/positions"},"timestamp":"2025-05-17 00:16:07,666+0530","service":"FyersAPIRequest"}
{"level":"DEBUG","location":"[get_call:140] fyersModel","message":{"Status Code":200,"API":"/quotes"},"timestamp":"2025-05-17 00:16:10,178+0530","service":"FyersAPIRequest"}
{"level":"DEBUG","location":"[get_call:140] fyersModel","message":{"Status Code":200,"API":"/positions"},"timestamp":"2025-05-17 00:16:10,691+0530","service":"FyersAPIRequest"}
{"level":"DEBUG","location":"[get_call:140] fyersModel","message":{"Status Code":200,"API":"/quotes"},"timestamp":"2025-05-17 00:16:13,261+0530","service":"FyersAPIRequest"}
{"level":"DEBUG","location":"[get_call:140] fyersModel","message":{"Status Code":200,"API":"/positions"},"timestamp":"2025-05-17 00:16:13,766+0530","service":"FyersAPIRequest"}
{"level":"DEBUG","location":"[get_call:140] fyersModel","message":{"Status Code":200,"API":"/quotes"},"timestamp":"2025-05-17 00:16:16,324+0530","service":"FyersAPIRequest"}
{"level":"DEBUG","location":"[get_call:140] fyersModel","message":{"Status Code":200,"API":"/positions"},"timestamp":"2025-05-17 00:16:16,842+0530","service":"FyersAPIRequest"}
{"level":"DEBUG","location":"[get_call:140] fyersModel","message":{"Status Code":200,"API":"/quotes"},"timestamp":"2025-05-17 00:16:19,372+0530","service":"FyersAPIRequest"}
{"level":"DEBUG","location":"[get_call:140] fyersModel","message":{"Status Code":200,"API":"/positions"},"timestamp":"2025-05-17 00:16:19,999+0530","service":"FyersAPIRequest"}
{"level":"DEBUG","location":"[get_call:140] fyersModel","message":{"Status Code":200,"API":"/quotes"},"timestamp":"2025-05-17 00:16:22,529+0530","service":"FyersAPIRequest"}
{"level":"DEBUG","location":"[get_call:140] fyersModel","message":{"Status Code":200,"API":"/positions"},"timestamp":"2025-05-17 00:16:23,044+0530","service":"FyersAPIRequest"}
{"level":"DEBUG","location":"[get_call:140] fyersModel","message":{"Status Code":200,"API":"/quotes"},"timestamp":"2025-05-17 00:16:25,563+0530","service":"FyersAPIRequest"}
{"level":"DEBUG","location":"[get_call:140] fyersModel","message":{"Status Code":200,"API":"/positions"},"timestamp":"2025-05-17 00:16:26,131+0530","service":"FyersAPIRequest"}
{"level":"DEBUG","location":"[get_call:140] fyersModel","message":{"Status Code":200,"API":"/quotes"},"timestamp":"2025-05-17 00:16:28,668+0530","service":"FyersAPIRequest"}
{"level":"DEBUG","location":"[get_call:140] fyersModel","message":{"Status Code":200,"API":"/positions"},"timestamp":"2025-05-17 00:16:29,740+0530","service":"FyersAPIRequest"}
{"level":"DEBUG","location":"[get_call:140] fyersModel","message":{"Status Code":200,"API":"/quotes"},"timestamp":"2025-05-17 00:16:32,266+0530","service":"FyersAPIRequest"}
{"level":"DEBUG","location":"[get_call:140] fyersModel","message":{"Status Code":200,"API":"/positions"},"timestamp":"2025-05-17 00:16:32,794+0530","service":"FyersAPIRequest"}
{"level":"DEBUG","location":"[get_call:140] fyersModel","message":{"Status Code":200,"API":"/quotes"},"timestamp":"2025-05-17 00:16:35,335+0530","service":"FyersAPIRequest"}
{"level":"DEBUG","location":"[get_call:140] fyersModel","message":{"Status Code":200,"API":"/positions"},"timestamp":"2025-05-17 00:16:35,859+0530","service":"FyersAPIRequest"}
{"level":"DEBUG","location":"[get_call:140] fyersModel","message":{"Status Code":200,"API":"/quotes"},"timestamp":"2025-05-17 00:16:38,374+0530","service":"FyersAPIRequest"}
{"level":"DEBUG","location":"[get_call:140] fyersModel","message":{"Status Code":200,"API":"/positions"},"timestamp":"2025-05-17 00:16:38,967+0530","service":"FyersAPIRequest"}
{"level":"DEBUG","location":"[get_call:140] fyersModel","message":{"Status Code":200,"API":"/quotes"},"timestamp":"2025-05-17 00:16:41,814+0530","service":"FyersAPIRequest"}
{"level":"DEBUG","location":"[get_call:140] fyersModel","message":{"Status Code":200,"API":"/positions"},"timestamp":"2025-05-17 00:16:42,545+0530","service":"FyersAPIRequest"}
{"level":"DEBUG","location":"[get_call:140] fyersModel","message":{"Status Code":200,"API":"/quotes"},"timestamp":"2025-05-17 00:16:45,074+0530","service":"FyersAPIRequest"}
{"level":"DEBUG","location":"[get_call:140] fyersModel","message":{"Status Code":200,"API":"/positions"},"timestamp":"2025-05-17 00:16:45,680+0530","service":"FyersAPIRequest"}
{"level":"DEBUG","location":"[get_call:140] fyersModel","message":{"Status Code":200,"API":"/quotes"},"timestamp":"2025-05-17 00:16:48,241+0530","service":"FyersAPIRequest"}
{"level":"DEBUG","location":"[get_call:140] fyersModel","message":{"Status Code":200,"API":"/positions"},"timestamp":"2025-05-17 00:16:48,773+0530","service":"FyersAPIRequest"}
{"level":"DEBUG","location":"[get_call:140] fyersModel","message":{"Status Code":200,"API":"/quotes"},"timestamp":"2025-05-17 00:16:51,292+0530","service":"FyersAPIRequest"}
{"level":"DEBUG","location":"[get_call:140] fyersModel","message":{"Status Code":200,"API":"/positions"},"timestamp":"2025-05-17 00:16:51,820+0530","service":"FyersAPIRequest"}
{"level":"DEBUG","location":"[get_call:140] fyersModel","message":{"Status Code":200,"API":"/quotes"},"timestamp":"2025-05-17 00:16:54,384+0530","service":"FyersAPIRequest"}
{"level":"DEBUG","location":"[get_call:140] fyersModel","message":{"Status Code":200,"API":"/positions"},"timestamp":"2025-05-17 00:16:54,901+0530","service":"FyersAPIRequest"}
{"level":"DEBUG","location":"[get_call:140] fyersModel","message":{"Status Code":200,"API":"/quotes"},"timestamp":"2025-05-17 00:16:57,457+0530","service":"FyersAPIRequest"}
{"level":"DEBUG","location":"[get_call:140] fyersModel","message":{"Status Code":200,"API":"/positions"},"timestamp":"2025-05-17 00:16:57,986+0530","service":"FyersAPIRequest"}
{"level":"DEBUG","location":"[get_call:140] fyersModel","message":{"Status Code":200,"API":"/quotes"},"timestamp":"2025-05-17 00:17:00,554+0530","service":"FyersAPIRequest"}
{"level":"DEBUG","location":"[get_call:140] fyersModel","message":{"Status Code":200,"API":"/positions"},"timestamp":"2025-05-17 00:17:01,291+0530","service":"FyersAPIRequest"}
{"level":"DEBUG","location":"[get_call:140] fyersModel","message":{"Status Code":200,"API":"/quotes"},"timestamp":"2025-05-17 00:17:03,822+0530","service":"FyersAPIRequest"}
{"level":"DEBUG","location":"[get_call:140] fyersModel","message":{"Status Code":200,"API":"/positions"},"timestamp":"2025-05-17 00:17:04,427+0530","service":"FyersAPIRequest"}
{"level":"DEBUG","location":"[get_call:140] fyersModel","message":{"Status Code":200,"API":"/quotes"},"timestamp":"2025-05-17 00:17:06,995+0530","service":"FyersAPIRequest"}
{"level":"DEBUG","location":"[get_call:140] fyersModel","message":{"Status Code":200,"API":"/positions"},"timestamp":"2025-05-17 00:17:07,529+0530","service":"FyersAPIRequest"}
{"level":"DEBUG","location":"[get_call:140] fyersModel","message":{"Status Code":200,"API":"/quotes"},"timestamp":"2025-05-17 00:17:10,098+0530","service":"FyersAPIRequest"}
{"level":"DEBUG","location":"[get_call:140] fyersModel","message":{"Status Code":200,"API":"/positions"},"timestamp":"2025-05-17 00:17:10,628+0530","service":"FyersAPIRequest"}
{"level":"DEBUG","location":"[get_call:140] fyersModel","message":{"Status Code":200,"API":"/quotes"},"timestamp":"2025-05-17 00:17:13,182+0530","service":"FyersAPIRequest"}
{"level":"DEBUG","location":"[get_call:140] fyersModel","message":{"Status Code":200,"API":"/positions"},"timestamp":"2025-05-17 00:17:13,792+0530","service":"FyersAPIRequest"}
{"level":"DEBUG","location":"[get_call:140] fyersModel","message":{"Status Code":200,"API":"/quotes"},"timestamp":"2025-05-17 00:22:54,293+0530","service":"FyersAPIRequest"}
{"level":"DEBUG","location":"[get_call:140] fyersModel","message":{"Status Code":200,"API":"/positions"},"timestamp":"2025-05-17 00:22:54,807+0530","service":"FyersAPIRequest"}
{"level":"DEBUG","location":"[get_call:140] fyersModel","message":{"Status Code":200,"API":"/quotes"},"timestamp":"2025-05-17 00:22:57,346+0530","service":"FyersAPIRequest"}
{"level":"DEBUG","location":"[get_call:140] fyersModel","message":{"Status Code":200,"API":"/positions"},"timestamp":"2025-05-17 00:22:57,887+0530","service":"FyersAPIRequest"}
{"level":"DEBUG","location":"[get_call:140] fyersModel","message":{"Status Code":200,"API":"/quotes"},"timestamp":"2025-05-17 00:23:00,392+0530","service":"FyersAPIRequest"}
{"level":"DEBUG","location":"[get_call:140] fyersModel","message":{"Status Code":200,"API":"/positions"},"timestamp":"2025-05-17 00:23:00,919+0530","service":"FyersAPIRequest"}
{"level":"DEBUG","location":"[get_call:140] fyersModel","message":{"Status Code":200,"API":"/quotes"},"timestamp":"2025-05-17 00:23:03,442+0530","service":"FyersAPIRequest"}
{"level":"DEBUG","location":"[get_call:140] fyersModel","message":{"Status Code":200,"API":"/positions"},"timestamp":"2025-05-17 00:23:03,973+0530","service":"FyersAPIRequest"}
{"level":"DEBUG","location":"[get_call:140] fyersModel","message":{"Status Code":200,"API":"/quotes"},"timestamp":"2025-05-17 00:27:53,106+0530","service":"FyersAPIRequest"}
{"level":"DEBUG","location":"[get_call:140] fyersModel","message":{"Status Code":200,"API":"/positions"},"timestamp":"2025-05-17 00:27:53,618+0530","service":"FyersAPIRequest"}
{"level":"DEBUG","location":"[get_call:140] fyersModel","message":{"Status Code":200,"API":"/quotes"},"timestamp":"2025-05-17 00:28:26,566+0530","service":"FyersAPIRequest"}
{"level":"DEBUG","location":"[get_call:140] fyersModel","message":{"Status Code":200,"API":"/positions"},"timestamp":"2025-05-17 00:28:27,534+0530","service":"FyersAPIRequest"}
{"level":"DEBUG","location":"[get_call:140] fyersModel","message":{"Status Code":200,"API":"/quotes"},"timestamp":"2025-05-17 00:28:47,325+0530","service":"FyersAPIRequest"}
{"level":"DEBUG","location":"[get_call:140] fyersModel","message":{"Status Code":200,"API":"/positions"},"timestamp":"2025-05-17 00:28:47,828+0530","service":"FyersAPIRequest"}
{"level":"DEBUG","location":"[get_call:140] fyersModel","message":{"Status Code":200,"API":"/positions"},"timestamp":"2025-05-17 00:34:19,725+0530","service":"FyersAPIRequest"}
{"level":"DEBUG","location":"[get_call:140] fyersModel","message":{"Status Code":200,"API":"/positions"},"timestamp":"2025-05-17 00:34:22,248+0530","service":"FyersAPIRequest"}
{"level":"DEBUG","location":"[get_call:140] fyersModel","message":{"Status Code":200,"API":"/positions"},"timestamp":"2025-05-17 00:34:24,778+0530","service":"FyersAPIRequest"}
{"level":"DEBUG","location":"[get_call:140] fyersModel","message":{"Status Code":200,"API":"/positions"},"timestamp":"2025-05-17 00:34:27,293+0530","service":"FyersAPIRequest"}
{"level":"DEBUG","location":"[get_call:140] fyersModel","message":{"Status Code":200,"API":"/positions"},"timestamp":"2025-05-16 14:07:14,914-0500","service":"FyersAPIRequest"}
{"level":"DEBUG","location":"[get_call:140] fyersModel","message":{"Status Code":200,"API":"/positions"},"timestamp":"2025-05-16 14:07:17,977-0500","service":"FyersAPIRequest"}
{"level":"DEBUG","location":"[get_call:140] fyersModel","message":{"Status Code":200,"API":"/positions"},"timestamp":"2025-05-16 14:07:20,505-0500","service":"FyersAPIRequest"}
{"level":"DEBUG","location":"[get_call:140] fyersModel","message":{"Status Code":200,"API":"/positions"},"timestamp":"2025-05-16 14:07:23,004-0500","service":"FyersAPIRequest"}
{"level":"DEBUG","location":"[get_call:140] fyersModel","message":{"Status Code":200,"API":"/positions"},"timestamp":"2025-05-17 00:49:09,189+0530","service":"FyersAPIRequest"}
{"level":"DEBUG","location":"[get_call:140] fyersModel","message":{"Status Code":200,"API":"/positions"},"timestamp":"2025-05-17 00:49:11,709+0530","service":"FyersAPIRequest"}
{"level":"DEBUG","location":"[get_call:140] fyersModel","message":{"Status Code":200,"API":"/positions"},"timestamp":"2025-05-17 00:49:14,286+0530","service":"FyersAPIRequest"}
{"level":"DEBUG","location":"[get_call:140] fyersModel","message":{"Status Code":200,"API":"/positions"},"timestamp":"2025-05-17 00:49:16,843+0530","service":"FyersAPIRequest"}
{"level":"DEBUG","location":"[get_call:140] fyersModel","message":{"Status Code":200,"API":"/positions"},"timestamp":"2025-05-17 00:49:19,360+0530","service":"FyersAPIRequest"}
{"level":"DEBUG","location":"[get_call:140] fyersModel","message":{"Status Code":200,"API":"/positions"},"timestamp":"2025-05-17 00:49:21,882+0530","service":"FyersAPIRequest"}
{"level":"DEBUG","location":"[get_call:140] fyersModel","message":{"Status Code":200,"API":"/positions"},"timestamp":"2025-05-17 00:49:24,404+0530","service":"FyersAPIRequest"}
{"level":"DEBUG","location":"[get_call:140] fyersModel","message":{"Status Code":200,"API":"/positions"},"timestamp":"2025-05-17 00:49:26,988+0530","service":"FyersAPIRequest"}
{"level":"DEBUG","location":"[get_call:140] fyersModel","message":{"Status Code":200,"API":"/positions"},"timestamp":"2025-05-17 00:49:29,523+0530","service":"FyersAPIRequest"}
{"level":"DEBUG","location":"[get_call:140] fyersModel","message":{"Status Code":200,"API":"/positions"},"timestamp":"2025-05-17 00:49:32,055+0530","service":"FyersAPIRequest"}
{"level":"DEBUG","location":"[get_call:140] fyersModel","message":{"Status Code":200,"API":"/positions"},"timestamp":"2025-05-17 00:49:35,060+0530","service":"FyersAPIRequest"}
{"level":"DEBUG","location":"[get_call:140] fyersModel","message":{"Status Code":200,"API":"/positions"},"timestamp":"2025-05-17 00:49:37,564+0530","service":"FyersAPIRequest"}
{"level":"DEBUG","location":"[get_call:140] fyersModel","message":{"Status Code":200,"API":"/positions"},"timestamp":"2025-05-17 00:49:40,287+0530","service":"FyersAPIRequest"}
{"level":"DEBUG","location":"[get_call:140] fyersModel","message":{"Status Code":200,"API":"/positions"},"timestamp":"2025-05-17 00:49:42,820+0530","service":"FyersAPIRequest"}
{"level":"DEBUG","location":"[get_call:140] fyersModel","message":{"Status Code":200,"API":"/positions"},"timestamp":"2025-05-17 00:49:45,363+0530","service":"FyersAPIRequest"}
{"level":"DEBUG","location":"[get_call:140] fyersModel","message":{"Status Code":200,"API":"/positions"},"timestamp":"2025-05-17 00:49:47,890+0530","service":"FyersAPIRequest"}
{"level":"DEBUG","location":"[get_call:140] fyersModel","message":{"Status Code":200,"API":"/positions"},"timestamp":"2025-05-17 00:49:50,463+0530","service":"FyersAPIRequest"}
{"level":"DEBUG","location":"[get_call:140] fyersModel","message":{"Status Code":200,"API":"/positions"},"timestamp":"2025-05-17 00:49:53,041+0530","service":"FyersAPIRequest"}
{"level":"DEBUG","location":"[get_call:140] fyersModel","message":{"Status Code":200,"API":"/positions"},"timestamp":"2025-05-17 00:49:56,067+0530","service":"FyersAPIRequest"}
{"level":"DEBUG","location":"[get_call:140] fyersModel","message":{"Status Code":200,"API":"/positions"},"timestamp":"2025-05-17 00:49:58,611+0530","service":"FyersAPIRequest"}
{"level":"DEBUG","location":"[get_call:140] fyersModel","message":{"Status Code":200,"API":"/positions"},"timestamp":"2025-05-17 00:50:01,178+0530","service":"FyersAPIRequest"}
{"level":"DEBUG","location":"[get_call:140] fyersModel","message":{"Status Code":200,"API":"/positions"},"timestamp":"2025-05-17 00:50:03,702+0530","service":"FyersAPIRequest"}
{"level":"DEBUG","location":"[get_call:140] fyersModel","message":{"Status Code":200,"API":"/positions"},"timestamp":"2025-05-17 00:50:06,235+0530","service":"FyersAPIRequest"}
{"level":"DEBUG","location":"[get_call:140] fyersModel","message":{"Status Code":200,"API":"/positions"},"timestamp":"2025-05-17 00:50:08,747+0530","service":"FyersAPIRequest"}
{"level":"DEBUG","location":"[get_call:140] fyersModel","message":{"Status Code":200,"API":"/positions"},"timestamp":"2025-05-17 00:50:11,351+0530","service":"FyersAPIRequest"}
{"level":"DEBUG","location":"[get_call:140] fyersModel","message":{"Status Code":200,"API":"/positions"},"timestamp":"2025-05-17 00:50:13,894+0530","service":"FyersAPIRequest"}
{"level":"DEBUG","location":"[get_call:140] fyersModel","message":{"Status Code":200,"API":"/positions"},"timestamp":"2025-05-17 00:50:16,507+0530","service":"FyersAPIRequest"}
{"level":"DEBUG","location":"[get_call:140] fyersModel","message":{"Status Code":200,"API":"/positions"},"timestamp":"2025-05-17 00:50:19,203+0530","service":"FyersAPIRequest"}
{"level":"DEBUG","location":"[get_call:140] fyersModel","message":{"Status Code":200,"API":"/positions"},"timestamp":"2025-05-17 00:50:21,740+0530","service":"FyersAPIRequest"}
{"level":"DEBUG","location":"[get_call:140] fyersModel","message":{"Status Code":200,"API":"/positions"},"timestamp":"2025-05-17 00:50:24,291+0530","service":"FyersAPIRequest"}
{"level":"DEBUG","location":"[get_call:140] fyersModel","message":{"Status Code":200,"API":"/positions"},"timestamp":"2025-05-17 00:50:27,109+0530","service":"FyersAPIRequest"}
{"level":"DEBUG","location":"[get_call:140] fyersModel","message":{"Status Code":200,"API":"/positions"},"timestamp":"2025-05-17 00:50:29,829+0530","service":"FyersAPIRequest"}
{"level":"DEBUG","location":"[get_call:140] fyersModel","message":{"Status Code":200,"API":"/positions"},"timestamp":"2025-05-17 00:50:32,520+0530","service":"FyersAPIRequest"}
{"level":"DEBUG","location":"[get_call:140] fyersModel","message":{"Status Code":200,"API":"/positions"},"timestamp":"2025-05-17 00:50:35,039+0530","service":"FyersAPIRequest"}
{"level":"DEBUG","location":"[get_call:140] fyersModel","message":{"Status Code":200,"API":"/positions"},"timestamp":"2025-05-17 00:50:37,585+0530","service":"FyersAPIRequest"}
{"level":"DEBUG","location":"[get_call:140] fyersModel","message":{"Status Code":200,"API":"/positions"},"timestamp":"2025-05-17 00:50:40,309+0530","service":"FyersAPIRequest"}
{"level":"DEBUG","location":"[get_call:140] fyersModel","message":{"Status Code":200,"API":"/positions"},"timestamp":"2025-05-17 00:50:42,926+0530","service":"FyersAPIRequest"}
{"level":"DEBUG","location":"[get_call:140] fyersModel","message":{"Status Code":200,"API":"/positions"},"timestamp":"2025-05-17 00:50:45,968+0530","service":"FyersAPIRequest"}
{"level":"DEBUG","location":"[get_call:140] fyersModel","message":{"Status Code":200,"API":"/positions"},"timestamp":"2025-05-17 00:50:48,480+0530","service":"FyersAPIRequest"}
{"level":"DEBUG","location":"[get_call:140] fyersModel","message":{"Status Code":200,"API":"/positions"},"timestamp":"2025-05-17 00:50:51,011+0530","service":"FyersAPIRequest"}
{"level":"DEBUG","location":"[get_call:140] fyersModel","message":{"Status Code":200,"API":"/positions"},"timestamp":"2025-05-17 00:50:54,034+0530","service":"FyersAPIRequest"}
{"level":"DEBUG","location":"[get_call:140] fyersModel","message":{"Status Code":200,"API":"/positions"},"timestamp":"2025-05-17 00:50:56,683+0530","service":"FyersAPIRequest"}
{"level":"DEBUG","location":"[get_call:140] fyersModel","message":{"Status Code":200,"API":"/positions"},"timestamp":"2025-05-17 00:50:59,195+0530","service":"FyersAPIRequest"}
{"level":"DEBUG","location":"[get_call:140] fyersModel","message":{"Status Code":200,"API":"/positions"},"timestamp":"2025-05-17 00:51:01,711+0530","service":"FyersAPIRequest"}
{"level":"DEBUG","location":"[get_call:140] fyersModel","message":{"Status Code":200,"API":"/positions"},"timestamp":"2025-05-17 00:51:04,247+0530","service":"FyersAPIRequest"}
{"level":"DEBUG","location":"[get_call:140] fyersModel","message":{"Status Code":200,"API":"/positions"},"timestamp":"2025-05-17 00:51:06,781+0530","service":"FyersAPIRequest"}
{"level":"DEBUG","location":"[get_call:140] fyersModel","message":{"Status Code":200,"API":"/positions"},"timestamp":"2025-05-17 00:51:09,296+0530","service":"FyersAPIRequest"}
{"level":"DEBUG","location":"[get_call:140] fyersModel","message":{"Status Code":200,"API":"/positions"},"timestamp":"2025-05-17 00:51:11,871+0530","service":"FyersAPIRequest"}
{"level":"DEBUG","location":"[get_call:140] fyersModel","message":{"Status Code":200,"API":"/positions"},"timestamp":"2025-05-17 00:51:14,898+0530","service":"FyersAPIRequest"}
{"level":"DEBUG","location":"[get_call:140] fyersModel","message":{"Status Code":200,"API":"/quotes"},"timestamp":"2025-05-17 00:55:05,791+0530","service":"FyersAPIRequest"}
{"level":"DEBUG","location":"[get_call:140] fyersModel","message":{"Status Code":200,"API":"/positions"},"timestamp":"2025-05-17 00:55:06,307+0530","service":"FyersAPIRequest"}
{"level":"DEBUG","location":"[get_call:140] fyersModel","message":{"Status Code":200,"API":"/quotes"},"timestamp":"2025-05-17 00:55:08,822+0530","service":"FyersAPIRequest"}
{"level":"DEBUG","location":"[get_call:140] fyersModel","message":{"Status Code":200,"API":"/positions"},"timestamp":"2025-05-17 00:55:09,350+0530","service":"FyersAPIRequest"}
{"level":"DEBUG","location":"[get_call:140] fyersModel","message":{"Status Code":200,"API":"/quotes"},"timestamp":"2025-05-17 00:58:24,640+0530","service":"FyersAPIRequest"}
{"level":"DEBUG","location":"[get_call:140] fyersModel","message":{"Status Code":200,"API":"/positions"},"timestamp":"2025-05-17 00:58:25,180+0530","service":"FyersAPIRequest"}
{"level":"DEBUG","location":"[get_call:140] fyersModel","message":{"Status Code":200,"API":"/quotes"},"timestamp":"2025-05-17 00:58:27,696+0530","service":"FyersAPIRequest"}
{"level":"DEBUG","location":"[get_call:140] fyersModel","message":{"Status Code":200,"API":"/positions"},"timestamp":"2025-05-17 00:58:28,201+0530","service":"FyersAPIRequest"}
{"level":"DEBUG","location":"[get_call:140] fyersModel","message":{"Status Code":200,"API":"/quotes"},"timestamp":"2025-05-17 00:58:30,700+0530","service":"FyersAPIRequest"}
{"level":"DEBUG","location":"[get_call:140] fyersModel","message":{"Status Code":200,"API":"/positions"},"timestamp":"2025-05-17 00:58:31,210+0530","service":"FyersAPIRequest"}
